ProductID,Brands,Models,Colors,Memory,Storage,Camera,Rating,SellingPrice,OriginalPrice,Mobile,Discount,DiscountPercentage,OS,SellersAmount,ScreenSize,BatterySize,Reviews
5,SAMSUNG,"GALAXY M31S ",Mirage Black,8,128,True,4.30,19330.00,20999.00,"SAMSUNG GALAXY M31S ",1669.00,7.95,Android,485,5.90,3558,326
6,Nokia,3.2,Steel,2,16,True,3.80,10199.00,10199.00,Nokia 3.2,0.00,0.00,Android,431,5.20,5755,281
7,realme,"C2 ",Diamond Black,2,0,True,4.40,6999.00,7999.00,"realme C2 ",1000.00,12.50,Android,99,4.60,2176,11
8,Infinix,Note 5,Ice Blue,4,64,True,4.20,12999.00,12999.00,Infinix Note 5,0.00,0.00,Android,268,5.70,5964,9
9,Apple,"iPhone 11 ",Black,4,64,True,4.60,49900.00,49900.00,"Apple iPhone 11 ",0.00,0.00,IOS,276,6.30,5482,64
10,GIONEE,L800,Black,0,0,True,4.00,2199.00,2199.00,GIONEE L800,0.00,0.00,Android,838,6.40,2487,579
11,Apple,"iPhone 13 Mini ",Pink,6,512,True,0.00,99900.00,99900.00,"Apple iPhone 13 Mini ",0.00,0.00,IOS,408,6.40,2508,262
12,Apple,"iPhone XR ",Coral,3,64,True,4.60,42999.00,47900.00,"Apple iPhone XR ",4901.00,10.23,IOS,28,6.00,5589,27
13,SAMSUNG,"Galaxy E5 ",Brown,0,16,True,4.20,20400.00,20400.00,"SAMSUNG Galaxy E5 ",0.00,0.00,Android,742,6.50,3490,636
14,Xiaomi,Redmi Note 11T 5G,Aquamarine Blue,8,128,True,4.30,21736.00,22999.00,Xiaomi Redmi Note 11T 5G,1263.00,5.49,Android,426,4.60,4383,421
15,SAMSUNG,"Galaxy A12 ",Black,4,64,True,4.20,11989.00,11989.00,"SAMSUNG Galaxy A12 ",0.00,0.00,Android,212,5.10,4617,140
16,Apple,"iPhone 11 ",Red,4,256,True,4.60,64900.00,64900.00,"Apple iPhone 11 ",0.00,0.00,IOS,899,4.80,4967,824
17,realme,"X7 5G ",Nebula,6,128,True,4.30,19999.00,21999.00,"realme X7 5G ",2000.00,9.09,Android,938,5.60,3794,503
18,OPPO,A33,Moonlight Black,3,32,True,4.30,10490.00,12990.00,OPPO A33,2500.00,19.25,Android,380,5.90,3332,29
19,vivo,V23 5G,Sunshine Gold,8,128,True,4.40,29990.00,34990.00,vivo V23 5G,5000.00,14.29,Android,335,5.00,3458,108
20,vivo,"Y20A 2021 ",Nebula Blue,0,64,True,3.80,39990.00,46990.00,"vivo Y20A 2021 ",7000.00,14.90,Android,630,5.90,2320,46
21,Apple,"iPhone 13 Mini ",Pink,6,512,True,0.00,99900.00,99900.00,"Apple iPhone 13 Mini ",0.00,0.00,IOS,414,6.40,2254,309
22,SAMSUNG,"Galaxy J2 Core ",Gold,1,16,True,4.20,6999.00,6999.00,"SAMSUNG Galaxy J2 Core ",0.00,0.00,Android,535,6.30,5796,146
23,Lenovo,"K10 Plus ",Sprite,4,64,True,4.10,13999.00,13999.00,"Lenovo K10 Plus ",0.00,0.00,Android,432,6.90,5996,323
24,ASUS,"Zenfone Max ",Blue,2,32,True,4.10,7699.00,7699.00,"ASUS Zenfone Max ",0.00,0.00,Android,806,4.90,5528,524
25,Motorola,M,Grey,4,64,True,3.90,9999.00,9999.00,Motorola M,0.00,0.00,Android,102,6.40,3424,94
26,realme,1,Diamond Black,3,0,True,0.00,11990.00,12990.00,realme 1,1000.00,7.70,Android,870,6.80,3247,712
27,GIONEE,"Pioneer P4S ",White,1,8,True,3.50,3499.00,3499.00,"GIONEE Pioneer P4S ",0.00,0.00,Android,54,6.20,3059,6
28,realme,"X3 ",Arctic White,6,128,True,4.40,24999.00,26999.00,"realme X3 ",2000.00,7.41,Android,189,6.10,2383,158
29,realme,"Narzo 30A ",Laser Blue,3,0,True,4.30,8999.00,9999.00,"realme Narzo 30A ",1000.00,10.00,Android,396,6.00,4329,251
30,realme,"8 Pro ",Illuminating Yellow,6,0,True,4.30,17999.00,19999.00,"realme 8 Pro ",2000.00,10.00,Android,143,6.30,3704,27
31,GIONEE,"F205 Pro ",Black,2,16,True,4.10,6990.00,6990.00,"GIONEE F205 Pro ",0.00,0.00,Android,110,5.70,5412,68
32,Lenovo,"A6600d40 ",Black,2,16,True,4.00,7999.00,7999.00,"Lenovo A6600d40 ",0.00,0.00,Android,294,5.50,4929,127
33,SAMSUNG,"Galaxy S9 Plus ",Polaris Blue,6,64,True,4.50,70000.00,70000.00,"SAMSUNG Galaxy S9 Plus ",0.00,0.00,Android,208,6.80,4125,85
34,SAMSUNG,"Galaxy A30s ",Prism Crush Black,4,128,True,4.30,18199.00,18199.00,"SAMSUNG Galaxy A30s ",0.00,0.00,Android,193,5.10,5377,12
35,SAMSUNG,"Galaxy J6 ",Black,4,64,True,4.50,14990.00,14990.00,"SAMSUNG Galaxy J6 ",0.00,0.00,Android,563,6.40,2017,71
36,SAMSUNG,Galaxy A03 Core,Blue,2,32,True,4.00,7999.00,10499.00,SAMSUNG Galaxy A03 Core,2500.00,23.81,Android,145,6.20,5189,33
37,SAMSUNG,"Galaxy Note 9 ",Midnight Black,8,512,True,4.60,49999.00,49999.00,"SAMSUNG Galaxy Note 9 ",0.00,0.00,Android,878,5.50,3270,805
38,Infinix,Hot 6 Pro,"Bordeaux Red ",3,32,True,4.30,8999.00,8999.00,Infinix Hot 6 Pro,0.00,0.00,Android,454,4.50,4398,294
39,Apple,"iPhone 11 ",Green,4,64,True,4.60,49900.00,49900.00,"Apple iPhone 11 ",0.00,0.00,IOS,50,5.30,2670,50
40,SAMSUNG,"Galaxy J2 - 2016 ",Gold,0,8,True,4.00,6990.00,6990.00,"SAMSUNG Galaxy J2 - 2016 ",0.00,0.00,Android,274,6.00,2889,36
41,SAMSUNG,Metro 313,Black,0,0,True,4.10,2399.00,2399.00,SAMSUNG Metro 313,0.00,0.00,Android,180,5.30,5573,163
42,HTC,Desire 700,Black,1,8,True,3.80,35490.00,35490.00,HTC Desire 700,0.00,0.00,Android,566,5.30,5787,391
43,realme,"X3 SuperZoom ",Arctic White,8,0,True,4.30,29999.00,31999.00,"realme X3 SuperZoom ",2000.00,6.25,Android,990,4.90,4845,669
44,realme,9 Pro+ 5G,Midnight Black,8,256,True,4.40,28999.00,31999.00,realme 9 Pro+ 5G,3000.00,9.38,Android,235,5.00,2587,74
45,realme,"Narzo 10 ",That Green,4,128,True,4.50,11999.00,12999.00,"realme Narzo 10 ",1000.00,7.69,Android,549,5.80,3718,89
46,Motorola,E5,Fine Gold,2,16,True,4.30,10999.00,10999.00,Motorola E5,0.00,0.00,Android,178,6.40,5286,18
47,Google Pixel,3,Just Black,4,64,True,4.50,69999.00,69999.00,Google Pixel 3,0.00,0.00,Android,998,6.30,4145,706
48,ASUS,"Zenfone Go 5.0 ",White,2,16,True,4.00,6999.00,6999.00,"ASUS Zenfone Go 5.0 ",0.00,0.00,Android,242,5.60,4861,64
49,SAMSUNG,"Galaxy A22 5G ",Violet,8,128,True,4.20,22450.00,22450.00,"SAMSUNG Galaxy A22 5G ",0.00,0.00,Android,573,6.30,2798,448
50,GIONEE,"Marathon M5 Plus ",CHAMPAGNE GOLD,3,64,True,4.10,11999.00,11999.00,"GIONEE Marathon M5 Plus ",0.00,0.00,Android,238,6.30,4184,15
51,realme,GT Neo 2,Neo Blue,8,128,True,4.40,31999.00,34999.00,realme GT Neo 2,3000.00,8.57,Android,63,5.00,2001,31
52,SAMSUNG,"Galaxy A9 Pro ",Black,4,32,True,4.30,22900.00,22900.00,"SAMSUNG Galaxy A9 Pro ",0.00,0.00,Android,262,6.40,5205,190
53,Infinix,Smart 7,Purple,2,32,True,4.30,7499.00,8999.00,Infinix Smart 7,1500.00,16.67,Android,552,5.40,5163,242
54,Apple,"iPhone 11 ",White,4,256,True,4.60,64900.00,64900.00,"Apple iPhone 11 ",0.00,0.00,IOS,465,5.00,3574,427
55,realme,9i,Prism Black,4,64,True,4.50,13999.00,15999.00,realme 9i,2000.00,12.50,Android,266,4.70,4388,63
56,Apple,"iPhone 7 Plus ",Jet Black,3,128,True,4.50,42900.00,42900.00,"Apple iPhone 7 Plus ",0.00,0.00,IOS,759,6.30,2868,706
57,Apple,"iPhone 8 ",Silver,2,64,True,4.50,38999.00,39900.00,"Apple iPhone 8 ",901.00,2.26,IOS,128,5.40,4725,72
58,Motorola,Z Play,White,3,32,True,4.40,24999.00,24999.00,Motorola Z Play,0.00,0.00,Android,520,5.70,5185,120
59,Apple,"iPhone 11 ",Yellow,4,256,True,4.60,64900.00,64900.00,"Apple iPhone 11 ",0.00,0.00,IOS,793,5.00,2148,760
60,Lenovo,"K4 Note ",White,3,16,True,3.90,7999.00,7999.00,"Lenovo K4 Note ",0.00,0.00,Android,764,5.30,3011,763
61,OPPO,Reno4 Pro Special Edition,Starry Night,8,128,True,4.40,34990.00,37990.00,OPPO Reno4 Pro Special Edition,3000.00,7.90,Android,30,5.00,5382,24
62,OPPO,Reno7 5G,Startrails Blue,8,256,True,0.00,28999.00,37990.00,OPPO Reno7 5G,8991.00,23.67,Android,981,6.70,5761,371
63,SAMSUNG,"Galaxy Note 9 ",Ocean Blue,6,128,True,4.60,53999.00,73990.00,"SAMSUNG Galaxy Note 9 ",19991.00,27.02,Android,692,5.60,3282,543
64,realme,"7i ",Fusion Blue,4,64,True,4.30,13999.00,13999.00,"realme 7i ",0.00,0.00,Android,408,6.20,5252,174
65,Lenovo,"A390 ",White,0,4,True,3.70,7580.00,7580.00,"Lenovo A390 ",0.00,0.00,Android,256,4.50,5008,137
66,SAMSUNG,"Galaxy S6 Edge+ ",Gold Platinum,4,32,True,4.20,28000.00,61988.00,"SAMSUNG Galaxy S6 Edge+ ",33988.00,54.83,Android,563,6.30,4003,545
67,LG,"Stylus 3 ",Titan,3,16,True,3.80,9990.00,9990.00,"LG Stylus 3 ",0.00,0.00,Android,901,6.90,2756,771
68,realme,"Narzo 20A ",Victory Blue,3,32,True,4.30,8499.00,10999.00,"realme Narzo 20A ",2500.00,22.73,Android,379,5.90,4378,11
69,GIONEE,"Marathon ",Grey,2,16,True,4.40,11999.00,11999.00,"GIONEE Marathon ",0.00,0.00,Android,386,5.90,5293,111
70,Xiaomi,"Mi 11X Pro 5G ",Celestial Silver,8,128,True,4.20,36290.00,37490.00,"Xiaomi Mi 11X Pro 5G ",1200.00,3.20,Android,263,6.30,4980,159
71,LG,"G5 ",Gold,4,32,True,4.00,25999.00,25999.00,"LG G5 ",0.00,0.00,Android,210,6.90,5566,78
72,realme,"6 Pro ",Lightning Red,6,64,True,4.40,17999.00,17999.00,"realme 6 Pro ",0.00,0.00,Android,467,4.90,2852,243
73,Xiaomi,"REDMI Note 9 ",Pebble Grey,4,64,True,4.40,11999.00,14999.00,"Xiaomi REDMI Note 9 ",3000.00,20.00,Android,13,5.60,2385,13
74,OPPO,A5s,Black,4,64,True,4.40,10990.00,15990.00,OPPO A5s,5000.00,31.27,Android,735,5.40,3258,142
75,OPPO,F1,Gold,3,16,True,4.10,15739.00,15739.00,OPPO F1,0.00,0.00,Android,598,6.40,2699,334
76,HTC,One E9+,Gold Sepia,3,32,True,3.90,38800.00,38800.00,HTC One E9+,0.00,0.00,Android,466,6.70,4620,98
77,SAMSUNG,"Galaxy M30S ",Blue,4,128,True,4.30,13990.00,16590.00,"SAMSUNG Galaxy M30S ",2600.00,15.67,Android,58,6.40,2074,49
78,Xiaomi,"MI 11X 5G ",COSMIC BLACK,6,128,True,4.10,24492.00,27995.00,"Xiaomi MI 11X 5G ",3503.00,12.51,Android,143,5.90,3006,21
79,OPPO,A3s,Red,3,32,True,4.30,12000.00,12000.00,OPPO A3s,0.00,0.00,Android,295,5.00,3987,117
80,HTC,"Wildfire X ",Blue,4,128,True,3.90,16999.00,16999.00,"HTC Wildfire X ",0.00,0.00,Android,139,5.30,4353,87
81,SAMSUNG,"Galaxy S10 ",Prism White,8,512,True,4.60,92000.00,92000.00,"SAMSUNG Galaxy S10 ",0.00,0.00,Android,69,6.10,5284,21
82,Infinix,Note 11,Glacier Green,6,128,True,4.50,14999.00,16999.00,Infinix Note 11,2000.00,11.77,Android,879,7.00,4598,760
83,SAMSUNG,"Galaxy M31 ",Space Black,6,128,True,4.30,17888.00,17888.00,"SAMSUNG Galaxy M31 ",0.00,0.00,Android,486,6.00,4619,104
84,SAMSUNG,"Galaxy A7 2016 Edition ",White,3,16,True,4.10,20700.00,20700.00,"SAMSUNG Galaxy A7 2016 Edition ",0.00,0.00,Android,854,5.00,3449,547
85,SAMSUNG,"Galaxy J2 Core ",Gold,1,8,True,4.20,6200.00,6200.00,"SAMSUNG Galaxy J2 Core ",0.00,0.00,Android,291,5.20,2538,281
86,OPPO,A83,Champagne,4,64,True,4.30,16990.00,16990.00,OPPO A83,0.00,0.00,Android,636,4.50,5134,59
87,Xiaomi,11i Hypercharge 5G,Stealth Black,6,128,True,4.20,26999.00,31999.00,Xiaomi 11i Hypercharge 5G,5000.00,15.63,Android,593,5.10,2563,319
88,ASUS,"Zenfone C ",White,1,8,True,3.80,6299.00,6299.00,"ASUS Zenfone C ",0.00,0.00,Android,685,5.40,5672,177
89,SAMSUNG,"Galaxy F12 ",Sky Blue,4,128,True,4.20,12499.00,13999.00,"SAMSUNG Galaxy F12 ",1500.00,10.72,Android,24,6.40,3231,23
90,SAMSUNG,Galaxy F23 5G,Forest Green,4,128,True,4.00,15999.00,22999.00,SAMSUNG Galaxy F23 5G,7000.00,30.44,Android,9,6.30,5536,1
91,Xiaomi,"Redmi Note 5 ",Gold,4,64,True,4.40,11499.00,11499.00,"Xiaomi Redmi Note 5 ",0.00,0.00,Android,857,4.60,4616,774
92,OPPO,A5s,Blue,3,32,True,4.40,13750.00,13750.00,OPPO A5s,0.00,0.00,Android,808,6.80,4255,140
93,SAMSUNG,"Galaxy S6 Edge ",Black Sapphire,3,32,True,4.00,37299.00,37299.00,"SAMSUNG Galaxy S6 Edge ",0.00,0.00,Android,107,5.70,5962,39
94,OPPO,F15,Blazing Blue,4,128,True,4.40,15990.00,20990.00,OPPO F15,5000.00,23.82,Android,154,7.00,2619,98
95,realme,"5 Pro ",Chroma White,8,128,True,4.50,16999.00,16999.00,"realme 5 Pro ",0.00,0.00,Android,335,6.90,2418,287
96,Apple,"iPhone 12 ",Red,4,128,True,4.60,68999.00,70900.00,"Apple iPhone 12 ",1901.00,2.68,IOS,137,5.60,4014,16
97,Apple,"iPhone 12 Pro Max ",Gold,0,512,True,4.60,149900.00,149900.00,"Apple iPhone 12 Pro Max ",0.00,0.00,IOS,370,4.70,2541,355
98,OPPO,Reno2 F,Lake Green,6,256,True,4.40,19990.00,19990.00,OPPO Reno2 F,0.00,0.00,Android,681,6.30,2721,478
99,realme,"X50 Pro 5G ",Rust Red,12,256,True,4.30,47999.00,47999.00,"realme X50 Pro 5G ",0.00,0.00,Android,864,5.30,4741,226
100,OPPO,F19 Pro,Crystal Silver,8,256,True,4.30,23490.00,25990.00,OPPO F19 Pro,2500.00,9.62,Android,769,4.70,5724,221
101,OPPO,F7,Silver,4,64,True,4.40,22990.00,22990.00,OPPO F7,0.00,0.00,Android,759,6.20,4726,71
102,GIONEE,"F8 Neo ",Black,2,32,True,3.90,6499.00,6499.00,"GIONEE F8 Neo ",0.00,0.00,Android,794,5.90,3409,112
103,LG,"Stylus 2 Plus ",Titan,3,16,True,4.10,14250.00,14250.00,"LG Stylus 2 Plus ",0.00,0.00,Android,993,5.80,5937,553
104,Xiaomi,"Mi 11X ",Lunar White,8,128,True,4.50,26758.00,26758.00,"Xiaomi Mi 11X ",0.00,0.00,Android,167,6.00,3384,42
105,Apple,"iPhone 11 Pro Max ",Gold,4,256,True,4.70,131900.00,131900.00,"Apple iPhone 11 Pro Max ",0.00,0.00,IOS,501,6.90,2892,196
106,Nokia,"G20 ",Glacier Blue,4,64,True,0.00,13549.00,13549.00,"Nokia G20 ",0.00,0.00,Android,266,4.70,2378,154
107,OPPO,Reno3 Pro,Midnight Black,8,256,True,4.40,26798.00,28989.00,OPPO Reno3 Pro,2191.00,7.56,Android,934,6.40,2659,596
108,LG,"Spirit 4G LTE ",Black Titan,1,8,True,3.70,12500.00,12500.00,"LG Spirit 4G LTE ",0.00,0.00,Android,196,6.90,3543,48
109,OPPO,F3 Plus,Gold,4,64,True,4.30,12990.00,12990.00,OPPO F3 Plus,0.00,0.00,Android,627,6.50,4679,425
110,vivo,"V20 Pro ",Midnight Jazz,4,128,True,4.30,10990.00,10990.00,"vivo V20 Pro ",0.00,0.00,Android,646,4.70,3361,512
111,LG,"G7+ ThinQ ",Platinum,6,128,True,4.40,55000.00,55000.00,"LG G7+ ThinQ ",0.00,0.00,Android,594,5.90,2000,583
112,LG,"Optimus L70 ",Black,1,4,True,4.00,12791.00,12791.00,"LG Optimus L70 ",0.00,0.00,Android,817,6.90,3303,111
113,OPPO,A37f,Gold,2,16,True,4.20,9990.00,9990.00,OPPO A37f,0.00,0.00,Android,989,7.00,5990,341
114,SAMSUNG,"Galaxy J7 Nxt ",Black,3,32,True,4.30,14995.00,14995.00,"SAMSUNG Galaxy J7 Nxt ",0.00,0.00,Android,455,6.60,4521,276
115,OPPO,A7,Glaring Gold,4,64,True,4.40,10990.00,18990.00,OPPO A7,8000.00,42.13,Android,889,4.80,3466,467
116,OPPO,A15,Mystery Blue,3,32,True,4.30,10990.00,12990.00,OPPO A15,2000.00,15.40,Android,956,6.60,3149,723
117,realme,"8 5G ",Supersonic Black,4,128,True,4.30,16499.00,16999.00,"realme 8 5G ",500.00,2.94,Android,620,5.70,5944,320
118,realme,C35,Glowing Green,4,128,True,4.50,12999.00,14999.00,realme C35,2000.00,13.33,Android,72,4.60,3167,10
119,GIONEE,"A1 Plus ",Gold,4,64,True,4.10,10499.00,10499.00,"GIONEE A1 Plus ",0.00,0.00,Android,741,6.70,3156,397
120,Infinix,Note 7,Bolivia Blue,4,64,True,4.30,14999.00,14999.00,Infinix Note 7,0.00,0.00,Android,771,6.90,4301,527
121,Nokia,"Lumia 510 ",Black,0,4,True,4.00,10999.00,10999.00,"Nokia Lumia 510 ",0.00,0.00,Android,897,6.00,3826,604
122,SAMSUNG,"Galaxy F02s ",Diamond Black,3,32,True,4.20,9499.00,10499.00,"SAMSUNG Galaxy F02s ",1000.00,9.52,Android,596,5.40,4213,303
123,POCO,"M3 ",Cool Blue,6,64,True,4.30,11999.00,12999.00,"POCO M3 ",1000.00,7.69,Android,342,6.80,5966,56
124,IQOO,3,Quantum Silver,8,256,True,4.40,37990.00,40990.00,IQOO 3,3000.00,7.32,Android,32,5.40,5960,9
125,SAMSUNG,Guru Music 2,Black,0,0,True,4.30,1625.00,1625.00,SAMSUNG Guru Music 2,0.00,0.00,Android,86,6.40,2713,12
126,SAMSUNG,"Galaxy A5 ",Pearl White,2,16,True,4.10,17990.00,17990.00,"SAMSUNG Galaxy A5 ",0.00,0.00,Android,839,6.70,4223,631
127,Motorola,M,Gold,4,64,True,3.90,12999.00,12999.00,Motorola M,0.00,0.00,Android,417,6.10,3866,72
128,LG,"Q6+ ",Black,4,64,True,3.90,19990.00,19990.00,"LG Q6+ ",0.00,0.00,Android,562,6.20,5211,447
129,GIONEE,"P5L ",Black,1,16,True,3.70,3990.00,3990.00,"GIONEE P5L ",0.00,0.00,Android,745,6.40,3780,506
130,SAMSUNG,"Galaxy J5 Prime ",Gold,3,32,True,4.30,13900.00,13900.00,"SAMSUNG Galaxy J5 Prime ",0.00,0.00,Android,49,7.00,4280,10
131,Apple,"iPhone 6s ",Silver,2,32,True,4.50,25299.00,29900.00,"Apple iPhone 6s ",4601.00,15.39,IOS,863,5.90,2407,583
132,SAMSUNG,"Tizen Z3 ",Black,1,8,True,3.30,4999.00,4999.00,"SAMSUNG Tizen Z3 ",0.00,0.00,Android,204,6.40,5762,116
133,SAMSUNG,"Galaxy A50 ",Black,6,64,True,4.40,24000.00,24000.00,"SAMSUNG Galaxy A50 ",0.00,0.00,Android,140,6.00,4057,110
134,LG,"Candy K9 ",Moroccan Blue,2,16,True,4.10,5899.00,7833.00,"LG Candy K9 ",1934.00,24.69,Android,376,5.60,5147,329
135,ASUS,"Zenfone Max Pro M1 ",Blue,4,64,True,4.30,15599.00,15599.00,"ASUS Zenfone Max Pro M1 ",0.00,0.00,Android,55,6.00,2666,0
136,realme,"C21Y ",Cross Black,3,0,True,0.00,8999.00,9999.00,"realme C21Y ",1000.00,10.00,Android,752,5.90,3731,68
137,Xiaomi,11i 5G,Stealth Black,6,128,True,4.30,24999.00,29999.00,Xiaomi 11i 5G,5000.00,16.67,Android,523,6.10,2433,511
138,realme,"8i ",Space Purple,6,128,True,0.00,15999.00,17999.00,"realme 8i ",2000.00,11.11,Android,47,4.80,5620,27
139,ASUS,"Zenfone Go ",Blue,2,32,True,3.80,7499.00,7499.00,"ASUS Zenfone Go ",0.00,0.00,Android,418,5.20,4525,35
140,Apple,"iPhone 6s ",Gold,2,128,True,4.50,55999.00,55999.00,"Apple iPhone 6s ",0.00,0.00,IOS,474,4.70,2943,199
141,Nokia,"XPlus ",Bright Green,0,4,True,3.80,7990.00,7990.00,"Nokia XPlus ",0.00,0.00,Android,341,5.10,3752,288
142,SAMSUNG,"Galaxy A21s ",Black,4,64,True,4.20,14999.00,17999.00,"SAMSUNG Galaxy A21s ",3000.00,16.67,Android,449,6.40,5450,448
143,Apple,"iPhone 13 ",Starlight,4,512,True,0.00,109900.00,109900.00,"Apple iPhone 13 ",0.00,0.00,IOS,545,4.90,2325,164
144,ASUS,"ZenFone Max M2 ",Black,4,64,True,4.30,14999.00,14999.00,"ASUS ZenFone Max M2 ",0.00,0.00,Android,563,4.70,5977,34
145,LG,"L60 Dual ",White,0,4,True,3.70,8800.00,8800.00,"LG L60 Dual ",0.00,0.00,Android,20,6.70,3869,9
146,ASUS,"ZenFone Max Pro M2 ",Blue,3,32,True,4.30,15999.00,15999.00,"ASUS ZenFone Max Pro M2 ",0.00,0.00,Android,467,4.60,4444,224
147,OPPO,F11,Jewelry White,6,128,True,4.40,17990.00,23990.00,OPPO F11,6000.00,25.01,Android,253,6.90,2510,136
148,SAMSUNG,"Galaxy A12 ",White,6,128,True,3.90,16499.00,17999.00,"SAMSUNG Galaxy A12 ",1500.00,8.33,Android,988,4.90,4140,419
149,OPPO,Reno2 Z,Luminous Black,8,256,True,4.50,29489.00,29489.00,OPPO Reno2 Z,0.00,0.00,Android,979,5.00,3412,298
150,Apple,"iPhone XR ",Yellow,3,64,True,4.60,42999.00,47900.00,"Apple iPhone XR ",4901.00,10.23,IOS,451,7.00,2025,256
151,Apple,"iPhone 12 Pro ",Gold,6,256,True,4.60,119900.00,119900.00,"Apple iPhone 12 Pro ",0.00,0.00,IOS,723,4.90,5293,119
152,SAMSUNG,"Galaxy S9 Plus ",Burgundy Red,6,64,True,4.50,70000.00,70000.00,"SAMSUNG Galaxy S9 Plus ",0.00,0.00,Android,115,6.10,4594,68
153,OPPO,A5,Diamond Blue,4,32,True,4.40,15000.00,15000.00,OPPO A5,0.00,0.00,Android,53,5.70,2707,33
154,realme,"GT 5G ",Racing Yellow,12,256,True,4.30,41999.00,43999.00,"realme GT 5G ",2000.00,4.55,Android,321,4.60,2732,74
155,vivo,Y20 T,Obsidian Black,6,64,True,4.30,15490.00,19490.00,vivo Y20 T,4000.00,20.52,Android,118,5.30,5937,80
156,SAMSUNG,"Galaxy A80 ",Angel Gold,8,128,True,4.40,28490.00,33450.00,"SAMSUNG Galaxy A80 ",4960.00,14.83,Android,932,6.90,3732,312
157,Apple,iPhone 13 Pro Max,Gold,4,256,True,4.70,139900.00,139900.00,Apple iPhone 13 Pro Max,0.00,0.00,IOS,498,5.30,3178,126
158,SAMSUNG,"Galaxy M32 ",Black,6,128,True,4.40,16980.00,18200.00,"SAMSUNG Galaxy M32 ",1220.00,6.70,Android,176,4.70,5238,107
159,SAMSUNG,"Galaxy S6 Edge ",White Pearl,3,32,True,4.00,44900.00,44900.00,"SAMSUNG Galaxy S6 Edge ",0.00,0.00,Android,627,5.10,2151,6
160,realme,"X ",Garlic,8,128,True,4.50,20999.00,20999.00,"realme X ",0.00,0.00,Android,184,6.40,5206,145
161,Apple,"iPhone 6s Plus ",Rose Gold,2,128,True,4.40,70000.00,70000.00,"Apple iPhone 6s Plus ",0.00,0.00,IOS,865,5.40,3609,718
162,OPPO,F17,Classic Silver,8,128,True,4.30,22990.00,22990.00,OPPO F17,0.00,0.00,Android,109,4.80,2745,31
163,vivo,"V21 5G ",Neon Spark,8,128,True,4.30,32990.00,32990.00,"vivo V21 5G ",0.00,0.00,Android,774,5.60,2372,747
164,Motorola,"E7 Power ",Coral Red,2,32,True,4.10,6999.00,9999.00,"Motorola E7 Power ",3000.00,30.00,Android,8,4.80,2490,6
165,GIONEE,"X1s ",Black,3,16,True,4.00,6475.00,6475.00,"GIONEE X1s ",0.00,0.00,Android,12,5.60,4936,1
166,Nokia,"C01 Plus ",Blue,2,16,True,0.00,6499.00,6499.00,"Nokia C01 Plus ",0.00,0.00,Android,250,4.50,2274,170
167,OPPO,A53,Moonlight Black,4,64,True,4.50,11990.00,15990.00,OPPO A53,4000.00,25.02,Android,945,6.60,5506,886
168,realme,9i,Prism Blue,6,128,True,4.40,15999.00,17999.00,realme 9i,2000.00,11.11,Android,281,4.90,3418,265
169,realme,"X2 Pro ",Lunar White,12,256,True,4.60,35999.00,35999.00,"realme X2 Pro ",0.00,0.00,Android,807,4.80,3684,323
170,Google Pixel,"2 XL ",Just Black,4,128,True,4.60,82000.00,82000.00,"Google Pixel 2 XL ",0.00,0.00,Android,970,5.70,4685,761
171,SAMSUNG,"Galaxy S3 Neo ",Black,0,16,True,4.30,13499.00,13499.00,"SAMSUNG Galaxy S3 Neo ",0.00,0.00,Android,304,6.70,5634,78
172,LG,"W10 ",Smokey Gray,3,32,True,3.90,6999.00,9999.00,"LG W10 ",3000.00,30.00,Android,92,6.80,2263,25
173,SAMSUNG,"Galaxy A12 ",White,4,64,True,4.20,15999.00,15999.00,"SAMSUNG Galaxy A12 ",0.00,0.00,Android,58,5.30,4918,56
174,SAMSUNG,"Galaxy A72 ",Awesome White,8,256,True,4.30,37999.00,43999.00,"SAMSUNG Galaxy A72 ",6000.00,13.64,Android,609,5.30,4044,383
175,SAMSUNG,"Galaxy A20 ",Gold,3,32,True,4.30,12900.00,12900.00,"SAMSUNG Galaxy A20 ",0.00,0.00,Android,840,6.90,2482,369
176,OPPO,A54,Crystal Black,4,64,True,4.30,14990.00,14990.00,OPPO A54,0.00,0.00,Android,773,5.10,4518,748
177,SAMSUNG,"Galaxy A21s ",Black,6,128,True,4.20,17499.00,18999.00,"SAMSUNG Galaxy A21s ",1500.00,7.90,Android,683,6.20,2156,11
178,POCO,M2 Pro,Green and Greener,6,128,True,4.30,15999.00,19999.00,POCO M2 Pro,4000.00,20.00,Android,700,5.80,3188,201
179,OPPO,A12,Blue,4,64,True,4.40,10490.00,11990.00,OPPO A12,1500.00,12.51,Android,319,4.60,5148,174
180,OPPO,A12,Black,4,64,True,4.40,10990.00,10990.00,OPPO A12,0.00,0.00,Android,251,6.10,3322,28
181,Infinix,Hot 8,Shark Grey,4,64,True,4.50,9999.00,9999.00,Infinix Hot 8,0.00,0.00,Android,464,6.30,4507,16
182,LG,"G6 ",White,4,64,True,4.20,24998.00,49999.00,"LG G6 ",25001.00,50.00,Android,676,6.20,5554,96
183,Apple,"iPhone 11 ",White,4,256,True,4.60,64900.00,64900.00,"Apple iPhone 11 ",0.00,0.00,IOS,5,6.80,4523,0
184,SAMSUNG,"Tizen Z3 ",Silver,1,8,True,3.30,4999.00,8999.00,"SAMSUNG Tizen Z3 ",4000.00,44.45,Android,841,5.30,4801,15
185,OPPO,A52,Stream White,6,128,True,4.30,16990.00,19990.00,OPPO A52,3000.00,15.01,Android,167,6.00,4863,15
186,SAMSUNG,"M21 2021 Edition ",Arctic blue,4,64,True,4.00,13224.00,13899.00,"SAMSUNG M21 2021 Edition ",675.00,4.86,Android,471,5.00,5504,58
187,Google Pixel,"3a XL ",Just Black,4,64,True,4.50,44999.00,44999.00,"Google Pixel 3a XL ",0.00,0.00,Android,745,5.10,5110,417
188,SAMSUNG,Metro 313 Dual Sim,Black,0,0,True,4.30,2290.00,2290.00,SAMSUNG Metro 313 Dual Sim,0.00,0.00,Android,134,5.60,2019,8
189,OPPO,F3 Plus,Black,6,64,True,4.30,22990.00,22990.00,OPPO F3 Plus,0.00,0.00,Android,942,5.70,4428,677
190,realme,1,Diamond Red,3,0,True,0.00,11900.00,12990.00,realme 1,1090.00,8.39,Android,720,4.70,2942,610
191,ASUS,"Zenfone Max Pro M1 ",Blue,6,64,True,4.30,17999.00,17999.00,"ASUS Zenfone Max Pro M1 ",0.00,0.00,Android,975,6.40,4764,614
192,Apple,"iPhone 7 ",Rose Gold,2,128,True,4.50,34900.00,34900.00,"Apple iPhone 7 ",0.00,0.00,IOS,566,5.80,2734,501
193,SAMSUNG,Galaxy F23 5G,Aqua Blue,4,128,True,4.00,15999.00,22999.00,SAMSUNG Galaxy F23 5G,7000.00,30.44,Android,995,6.20,3474,127
194,SAMSUNG,"Galaxy S20 FE ",Cloud Lavender,8,128,True,4.00,49999.00,65999.00,"SAMSUNG Galaxy S20 FE ",16000.00,24.24,Android,839,5.30,4083,143
195,SAMSUNG,"Galaxy S10 Plus ",Prism Blue,8,128,True,4.60,59900.00,59900.00,"SAMSUNG Galaxy S10 Plus ",0.00,0.00,Android,739,6.80,3510,444
196,Lenovo,"K9 ",Black,3,32,True,4.20,9999.00,9999.00,"Lenovo K9 ",0.00,0.00,Android,855,5.90,2172,426
197,Xiaomi,"Redmi Note 9 Pro ",Glacier White,4,64,True,4.30,16488.00,16999.00,"Xiaomi Redmi Note 9 Pro ",511.00,3.01,Android,955,5.70,4558,153
198,SAMSUNG,"Galaxy M01 ",Black,3,32,True,4.20,8780.00,8780.00,"SAMSUNG Galaxy M01 ",0.00,0.00,Android,945,6.70,5852,251
199,Nokia,5,Silver,3,16,True,4.10,7139.00,7139.00,Nokia 5,0.00,0.00,Android,413,5.30,4801,400
200,Apple,"iPhone 11 ",White,4,128,True,4.60,54900.00,54900.00,"Apple iPhone 11 ",0.00,0.00,IOS,187,5.50,2981,105
201,Xiaomi,"Mi 11 Lite ",Vinyl Black,6,128,True,4.30,21999.00,24999.00,"Xiaomi Mi 11 Lite ",3000.00,12.00,Android,156,5.20,3356,141
202,Nokia,5310 TA-1212 DS,Black,0,0,True,4.20,3740.00,3740.00,Nokia 5310 TA-1212 DS,0.00,0.00,Android,364,5.90,3812,87
203,Apple,"iPhone 13 Pro ",Silver,6,512,True,0.00,149900.00,149900.00,"Apple iPhone 13 Pro ",0.00,0.00,IOS,513,6.10,2258,70
204,SAMSUNG,Guru 1200,Black,0,0,True,4.30,1100.00,1100.00,SAMSUNG Guru 1200,0.00,0.00,Android,895,6.40,4677,798
205,Infinix,Hot 9,Violet,4,64,True,4.40,11999.00,11999.00,Infinix Hot 9,0.00,0.00,Android,144,5.10,4324,129
206,SAMSUNG,"Galaxy J1 Ace ",Black,0,4,True,3.90,4988.00,4988.00,"SAMSUNG Galaxy J1 Ace ",0.00,0.00,Android,663,6.20,5911,265
207,OPPO,F11 Pro,Aurora Green,6,64,True,4.50,16890.00,28990.00,OPPO F11 Pro,12100.00,41.74,Android,838,4.80,5698,13
208,Xiaomi,"Mi A2 ",Black,4,64,True,4.30,11990.00,12899.00,"Xiaomi Mi A2 ",909.00,7.05,Android,988,6.50,2034,873
209,OPPO,Neo 7 4G,White,1,16,True,3.80,8490.00,8490.00,OPPO Neo 7 4G,0.00,0.00,Android,789,5.00,2900,194
210,Apple,"iPhone 11 Pro ",Space Grey,4,64,True,4.60,79999.00,106600.00,"Apple iPhone 11 Pro ",26601.00,24.95,IOS,859,6.00,3258,798
211,ASUS,"Zenfone Selfie ",Gold,2,16,True,3.90,15999.00,15999.00,"ASUS Zenfone Selfie ",0.00,0.00,Android,578,5.60,4561,139
212,OPPO,F15,Lightening Black,8,128,True,4.40,18990.00,22990.00,OPPO F15,4000.00,17.40,Android,274,6.80,5171,160
213,vivo,Z1 Pro,Sonic Black,4,64,True,4.50,15990.00,15990.00,vivo Z1 Pro,0.00,0.00,Android,338,5.00,4005,302
214,Xiaomi,"REDMI 9 Power ",Blazing Blue,4,64,True,4.40,11499.00,13999.00,"Xiaomi REDMI 9 Power ",2500.00,17.86,Android,195,6.40,3748,166
215,SAMSUNG,"Galaxy A10s ",Black,2,32,True,4.40,10000.00,10000.00,"SAMSUNG Galaxy A10s ",0.00,0.00,Android,870,4.60,4407,658
216,GIONEE,"P7 Max ",Grey,3,32,True,3.90,5950.00,5950.00,"GIONEE P7 Max ",0.00,0.00,Android,546,6.40,2437,440
217,Xiaomi,"Redmi Note 5 Pro ",Blue,4,64,True,4.40,14999.00,14999.00,"Xiaomi Redmi Note 5 Pro ",0.00,0.00,Android,793,5.80,4987,254
218,LG,"W30 Plus ",Thunder blue,4,64,True,3.80,12950.00,12950.00,"LG W30 Plus ",0.00,0.00,Android,630,5.40,3708,447
219,Apple,"iPhone 11 Pro ",Silver,4,64,True,4.60,79999.00,106600.00,"Apple iPhone 11 Pro ",26601.00,24.95,IOS,395,5.30,5912,228
220,OPPO,F17 PRO,Gold,8,128,True,4.30,21999.00,21999.00,OPPO F17 PRO,0.00,0.00,Android,154,4.70,5136,37
221,Apple,"iPhone 13 Mini ",Blue,4,256,True,0.00,79900.00,79900.00,"Apple iPhone 13 Mini ",0.00,0.00,IOS,902,4.80,3589,839
222,realme,"X2 ",Pearl White,8,256,True,4.50,24999.00,24999.00,"realme X2 ",0.00,0.00,Android,925,6.90,4066,41
223,Infinix,Note 10 Pro,Purple,8,256,True,4.20,16999.00,19999.00,Infinix Note 10 Pro,3000.00,15.00,Android,201,6.40,3568,0
224,realme,"Narzo 30A ",Laser Blue,4,0,True,4.30,10499.00,10999.00,"realme Narzo 30A ",500.00,4.55,Android,468,5.20,2703,367
225,realme,"X2 ",Pearl Blue,8,128,True,4.50,20999.00,20999.00,"realme X2 ",0.00,0.00,Android,703,5.30,2499,698
226,realme,GT Neo 2,Neo Blue,12,256,True,4.40,35999.00,38999.00,realme GT Neo 2,3000.00,7.69,Android,762,5.20,2151,688
227,Infinix,Hot 10 Play,Obsidian Black,4,64,True,4.30,9299.00,10999.00,Infinix Hot 10 Play,1700.00,15.46,Android,770,6.40,2828,22
228,Motorola,Z2 Play,Lunar Gray,4,64,True,4.40,27999.00,27999.00,Motorola Z2 Play,0.00,0.00,Android,72,4.90,2954,42
229,Xiaomi,"Redmi Y3 ",Elegant Blue,3,32,True,4.30,9450.00,9450.00,"Xiaomi Redmi Y3 ",0.00,0.00,Android,83,5.90,5716,4
230,realme,9 Pro 5G,Midnight Black,6,128,True,4.40,17999.00,21999.00,realme 9 Pro 5G,4000.00,18.18,Android,355,6.50,5681,256
231,vivo,"V21 5G ",Dusk Blue,8,256,True,4.30,14990.00,14990.00,"vivo V21 5G ",0.00,0.00,Android,874,6.30,3680,300
232,realme,9 Pro+ 5G,Midnight Black,8,128,True,4.40,26999.00,29999.00,realme 9 Pro+ 5G,3000.00,10.00,Android,893,5.60,4866,163
233,SAMSUNG,"Galaxy A52 ",Awesome Black,6,128,True,4.30,27499.00,30499.00,"SAMSUNG Galaxy A52 ",3000.00,9.84,Android,972,5.50,4836,343
234,ASUS,"ZenFone Lite L1 ",Gold,2,16,True,4.20,7199.00,7199.00,"ASUS ZenFone Lite L1 ",0.00,0.00,Android,820,5.80,4585,582
235,realme,9 Pro 5G,Aurora Green,8,128,True,4.40,20999.00,23999.00,realme 9 Pro 5G,3000.00,12.50,Android,127,5.60,4185,92
236,HTC,Desire 526G Plus,Glacier Blue,1,16,True,4.00,6999.00,6999.00,HTC Desire 526G Plus,0.00,0.00,Android,854,6.80,3099,192
237,Apple,"iPhone XS Max ",Gold,4,64,True,4.60,73999.00,109900.00,"Apple iPhone XS Max ",35901.00,32.67,IOS,876,4.60,2795,444
238,Google Pixel,"4a ",Just Black,6,128,True,4.50,31999.00,31999.00,"Google Pixel 4a ",0.00,0.00,Android,453,6.10,3976,309
239,SAMSUNG,"On7 Pro ",Gold,2,16,True,4.10,5990.00,9499.00,"SAMSUNG On7 Pro ",3509.00,36.94,Android,711,6.60,3497,609
240,realme,"Narzo 50A ",Oxygen Green,4,64,True,4.30,11499.00,12999.00,"realme Narzo 50A ",1500.00,11.54,Android,17,6.70,3437,4
241,vivo,"Y20G ",Purist Blue,3,16,True,4.30,18990.00,20990.00,"vivo Y20G ",2000.00,9.53,Android,67,5.80,5147,17
242,realme,8,Cyber Silver,4,0,True,4.30,15999.00,16999.00,realme 8,1000.00,5.88,Android,95,6.60,2440,92
243,GIONEE,"P5L ",Blue,1,16,True,3.70,4899.00,8999.00,"GIONEE P5L ",4100.00,45.56,Android,405,4.90,3086,299
244,SAMSUNG,"Galaxy S4 Zoom ",White,0,8,True,3.80,19999.00,19999.00,"SAMSUNG Galaxy S4 Zoom ",0.00,0.00,Android,235,4.90,2353,217
245,Motorola,M,Gold,3,32,True,3.90,14999.00,14999.00,Motorola M,0.00,0.00,Android,689,4.70,2111,312
246,Apple,"iPhone 13 Pro Max ",Silver,6,256,True,0.00,139900.00,139900.00,"Apple iPhone 13 Pro Max ",0.00,0.00,IOS,971,6.10,5027,231
247,SAMSUNG,Sm-B110E/D,Black,0,0,True,4.10,1599.00,1599.00,SAMSUNG Sm-B110E/D,0.00,0.00,Android,430,6.00,5177,199
248,Infinix,Note 10,Purple,6,128,True,4.20,12499.00,14999.00,Infinix Note 10,2500.00,16.67,Android,439,6.20,2509,406
249,OPPO,A53,Fairy White,4,64,True,4.50,13499.00,13499.00,OPPO A53,0.00,0.00,Android,667,6.50,4428,221
250,Xiaomi,"Redmi 8 ",Sapphire Blue,4,64,True,4.30,10999.00,10999.00,"Xiaomi Redmi 8 ",0.00,0.00,Android,341,6.60,2367,210
251,realme,8,Cyber Black,8,128,True,4.30,17999.00,18999.00,realme 8,1000.00,5.26,Android,17,5.80,5983,6
252,vivo,"X50  ",Frost Blue,8,256,True,5.00,44990.00,44990.00,"vivo X50  ",0.00,0.00,Android,310,7.00,2134,114
253,LG,"G7 ThinQ ",Black,4,64,True,4.40,50000.00,50000.00,"LG G7 ThinQ ",0.00,0.00,Android,383,5.40,4658,185
254,GIONEE,"S11 Lite ",Dark Blue,4,32,True,4.00,8750.00,8750.00,"GIONEE S11 Lite ",0.00,0.00,Android,806,6.70,2898,735
255,Apple,"iPhone 7 Plus ",Rose Gold,3,32,True,4.50,36999.00,37900.00,"Apple iPhone 7 Plus ",901.00,2.38,IOS,370,6.50,4089,290
256,GIONEE,"Pioneer P3S ",Grey,1,16,True,3.80,3990.00,3990.00,"GIONEE Pioneer P3S ",0.00,0.00,Android,719,6.50,5874,441
257,LG,"G6 ",Black,4,64,True,4.20,22990.00,55000.00,"LG G6 ",32010.00,58.20,Android,585,4.70,3694,180
258,realme,"X3 SuperZoom ",Glacier Blue,8,128,True,4.30,27999.00,29999.00,"realme X3 SuperZoom ",2000.00,6.67,Android,371,6.50,3757,353
259,SAMSUNG,"Galaxy J2 Ace ",Gold,0,8,True,4.10,8090.00,8090.00,"SAMSUNG Galaxy J2 Ace ",0.00,0.00,Android,565,5.20,3335,546
260,Xiaomi,11i Hypercharge 5G,Camo Green,8,128,True,4.30,28999.00,33999.00,Xiaomi 11i Hypercharge 5G,5000.00,14.71,Android,656,4.90,4221,162
261,Nokia,106,Black,0,0,True,3.90,1519.00,1519.00,Nokia 106,0.00,0.00,Android,421,4.70,5736,252
262,OPPO,K1,Astral Blue,4,64,True,4.40,14990.00,18990.00,OPPO K1,4000.00,21.06,Android,510,5.50,5659,0
263,realme,"8 Pro ",Infinite Black,8,128,True,4.40,19999.00,21999.00,"realme 8 Pro ",2000.00,9.09,Android,281,6.70,2295,256
264,SAMSUNG,Metro 313,Black,0,0,True,4.10,2299.00,2299.00,SAMSUNG Metro 313,0.00,0.00,Android,717,6.80,5773,436
265,Nokia,7.2,Ice,6,64,True,4.10,20999.00,20999.00,Nokia 7.2,0.00,0.00,Android,998,6.70,5882,849
266,SAMSUNG,"Galaxy S5 ",Electric Blue,2,16,True,3.90,21999.00,21999.00,"SAMSUNG Galaxy S5 ",0.00,0.00,Android,515,5.50,2645,194
267,SAMSUNG,"Galaxy A03s ",Blue,4,64,True,4.20,12499.00,14499.00,"SAMSUNG Galaxy A03s ",2000.00,13.79,Android,652,6.50,5810,342
268,SAMSUNG,Metro 350,Black,0,0,True,4.10,2815.00,2815.00,SAMSUNG Metro 350,0.00,0.00,Android,693,6.00,3141,445
269,POCO,"C3 ",Arctic Blue,3,32,True,4.30,7999.00,9999.00,"POCO C3 ",2000.00,20.00,Android,96,6.00,4578,40
270,Nokia,8,Polished Copper,4,64,True,4.00,39000.00,39000.00,Nokia 8,0.00,0.00,Android,329,6.60,2341,137
271,Apple,"iPhone XS Max ",Space Grey,4,64,True,4.60,73999.00,109900.00,"Apple iPhone XS Max ",35901.00,32.67,IOS,752,6.10,4814,142
272,Apple,iPhone 6s,Silver,2,32,True,0.00,29900.00,29900.00,Apple iPhone 6s,0.00,0.00,IOS,655,6.10,2146,457
273,realme,"5i ",Aqua Blue,4,64,True,4.50,10999.00,10999.00,"realme 5i ",0.00,0.00,Android,265,5.70,5186,237
274,realme,"8 Pro ",Infinite Blue,6,0,True,4.30,17999.00,19999.00,"realme 8 Pro ",2000.00,10.00,Android,448,5.10,3673,17
275,ASUS,"Zenfone Max ",White,2,16,True,4.10,7499.00,7499.00,"ASUS Zenfone Max ",0.00,0.00,Android,639,5.90,2530,439
276,realme,2,Diamond Red,3,32,True,4.50,9990.00,9990.00,realme 2,0.00,0.00,Android,265,5.30,5369,57
277,Xiaomi,"Redmi 9A ",Midnight Black,3,32,True,4.40,8389.00,8389.00,"Xiaomi Redmi 9A ",0.00,0.00,Android,878,5.40,4098,749
278,HTC,526G Plus,Fervor Red,1,16,True,4.00,12400.00,12400.00,HTC 526G Plus,0.00,0.00,Android,16,6.40,5476,4
279,Infinix,Hot 10,Ocean Wave,4,64,True,4.40,11999.00,11999.00,Infinix Hot 10,0.00,0.00,Android,759,6.70,2512,198
280,realme,"5 Pro ",Crystal Green,8,128,True,4.50,16999.00,17999.00,"realme 5 Pro ",1000.00,5.56,Android,270,5.10,5275,252
281,vivo,V11 Pro,Dazzling Gold,6,64,True,4.50,25990.00,25990.00,vivo V11 Pro,0.00,0.00,Android,259,6.50,2840,137
282,SAMSUNG,"Galaxy J1 ",Gold,1,8,True,4.00,7550.00,7550.00,"SAMSUNG Galaxy J1 ",0.00,0.00,Android,470,4.60,2146,139
283,Google Pixel,"3 XL ",Just Black,4,128,True,4.60,92000.00,92000.00,"Google Pixel 3 XL ",0.00,0.00,Android,434,4.90,4230,168
284,OPPO,F11 Pro,Aurora Green,6,128,True,4.50,17990.00,29990.00,OPPO F11 Pro,12000.00,40.01,Android,60,6.70,4181,27
285,SAMSUNG,"Galaxy A12 ",Blue,6,128,True,3.90,16499.00,17999.00,"SAMSUNG Galaxy A12 ",1500.00,8.33,Android,510,6.50,3314,386
286,OPPO,F11,Marble Green,6,128,True,4.40,17990.00,23990.00,OPPO F11,6000.00,25.01,Android,112,4.60,2291,12
287,SAMSUNG,"Galaxy F62 ",Laser Blue,8,128,True,4.30,25999.00,31999.00,"SAMSUNG Galaxy F62 ",6000.00,18.75,Android,599,5.50,2977,70
288,ASUS,"Zenfone Max Pro M1 ",Blue,3,32,True,4.30,13199.00,13199.00,"ASUS Zenfone Max Pro M1 ",0.00,0.00,Android,827,6.20,3288,168
289,Apple,"iPhone 7 ",Gold,2,32,True,4.50,24999.00,31500.00,"Apple iPhone 7 ",6501.00,20.64,IOS,219,6.60,2497,107
290,vivo,"Y1s ",Olive Black,6,64,True,4.40,28499.00,34990.00,"vivo Y1s ",6491.00,18.55,Android,749,4.50,2225,629
291,Lenovo,"K8 ",Venom Black,3,32,True,4.10,7490.00,11499.00,"Lenovo K8 ",4009.00,34.86,Android,732,6.30,5549,697
292,Apple,iPhone 13 mini,Green,4,512,True,4.60,94900.00,99900.00,Apple iPhone 13 mini,5000.00,5.01,IOS,612,6.10,3150,434
293,SAMSUNG,"Galaxy A52s 5G ",Awesome White,8,128,True,4.50,37499.00,40999.00,"SAMSUNG Galaxy A52s 5G ",3500.00,8.54,Android,816,4.70,3453,294
294,Xiaomi,"Redmi 6A ",Rose Gold,2,32,True,4.30,7699.00,7699.00,"Xiaomi Redmi 6A ",0.00,0.00,Android,320,6.50,3670,195
295,Xiaomi,"Redmi Note 7 Pro ",Neptune Blue,6,64,True,4.30,16999.00,16999.00,"Xiaomi Redmi Note 7 Pro ",0.00,0.00,Android,908,6.20,4846,696
296,vivo,Y90,Black,2,16,True,4.40,7990.00,7990.00,vivo Y90,0.00,0.00,Android,31,6.10,3439,25
297,OPPO,Reno6 5G,Aurora,8,128,True,4.30,29990.00,35990.00,OPPO Reno6 5G,6000.00,16.67,Android,573,6.40,5941,17
298,realme,"Narzo 20 ",Glory Silver,4,64,True,4.30,10499.00,12999.00,"realme Narzo 20 ",2500.00,19.23,Android,104,4.70,2837,62
299,Nokia,107 Dual SIM,Black,0,0,True,4.20,1900.00,1900.00,Nokia 107 Dual SIM,0.00,0.00,Android,347,5.50,3360,322
300,Xiaomi,"Redmi Note 6 Pro ",Red,4,64,True,4.40,12499.00,12499.00,"Xiaomi Redmi Note 6 Pro ",0.00,0.00,Android,96,5.90,4861,5
301,realme,"X2 ",Pearl Blue,4,64,True,4.50,17999.00,17999.00,"realme X2 ",0.00,0.00,Android,679,5.70,5461,573
302,Apple,"iPhone 6s ",Space Grey,2,64,True,4.50,49999.00,49999.00,"Apple iPhone 6s ",0.00,0.00,IOS,270,5.20,4875,180
303,Apple,"iPhone 11 ",Red,4,128,True,4.60,54900.00,54900.00,"Apple iPhone 11 ",0.00,0.00,IOS,796,6.10,3355,505
304,Nokia,5.4,Polar Night,4,64,True,3.90,12999.00,16799.00,Nokia 5.4,3800.00,22.62,Android,976,4.80,3520,497
305,realme,"X3 SuperZoom ",Arctic White,8,128,True,4.30,27999.00,29999.00,"realme X3 SuperZoom ",2000.00,6.67,Android,869,5.30,2589,125
306,Motorola,C,Pearl White,1,16,True,3.90,5499.00,5499.00,Motorola C,0.00,0.00,Android,276,6.30,4323,274
307,realme,"C25 ",Watery Grey,4,64,True,4.40,9999.00,10999.00,"realme C25 ",1000.00,9.09,Android,718,6.70,3024,288
308,realme,6,Comet White,6,0,True,4.40,14999.00,17999.00,realme 6,3000.00,16.67,Android,34,6.50,4736,20
309,Apple,"iPhone XR ",Black,3,256,True,4.60,91900.00,91900.00,"Apple iPhone XR ",0.00,0.00,IOS,4,5.70,4521,0
310,OPPO,F19,Midnight Blue,6,128,True,4.20,19990.00,20990.00,OPPO F19,1000.00,4.76,Android,340,4.70,3562,21
311,ASUS,"ROG ",Black,8,128,True,4.30,26499.00,83999.00,"ASUS ROG ",57500.00,68.45,Android,442,4.60,3830,359
312,SAMSUNG,"Galaxy J6 ",Gold,3,32,True,4.40,12990.00,12990.00,"SAMSUNG Galaxy J6 ",0.00,0.00,Android,422,6.80,3413,183
313,Lenovo,"A7 ",Blue,4,64,True,3.90,7990.00,9999.00,"Lenovo A7 ",2009.00,20.09,Android,856,6.80,4017,47
314,OPPO,A54,Starry Blue,6,128,True,4.30,16990.00,17990.00,OPPO A54,1000.00,5.56,Android,223,5.10,4040,145
315,vivo,"Y53s ",Deep Sea Blue,6,64,True,4.50,16989.00,16989.00,"vivo Y53s ",0.00,0.00,Android,82,5.50,2854,6
316,Lenovo,"A328 ",Black,1,4,True,3.80,7499.00,7499.00,"Lenovo A328 ",0.00,0.00,Android,968,5.70,4541,438
317,Apple,"iPhone 11 Pro Max ",Space Grey,4,256,True,4.70,131900.00,131900.00,"Apple iPhone 11 Pro Max ",0.00,0.00,IOS,183,6.70,4535,155
318,GIONEE,"F11 ",Black,3,32,True,4.00,6899.00,6950.00,"GIONEE F11 ",51.00,0.73,Android,545,6.70,3870,180
319,Nokia,6,Tempered Blue,3,32,True,3.90,13990.00,13990.00,Nokia 6,0.00,0.00,Android,142,6.70,3977,64
320,vivo,"Y1S ",Aurora Blue,4,32,True,4.40,22654.00,22654.00,"vivo Y1S ",0.00,0.00,Android,909,5.80,2600,611
321,Infinix,"Note 11 ",Celestial Snow,6,128,True,4.50,14499.00,16999.00,"Infinix Note 11 ",2500.00,14.71,Android,552,6.00,4816,527
322,realme,"C20 ",Cool Grey,2,32,True,4.40,7499.00,7999.00,"realme C20 ",500.00,6.25,Android,125,5.20,2392,100
323,Apple,"iPhone 6s ",Rose Gold,2,16,True,4.50,31999.00,31999.00,"Apple iPhone 6s ",0.00,0.00,IOS,698,4.80,5273,546
324,Xiaomi,"Redmi 9 ",Sky Blue,4,64,True,4.40,10121.00,10121.00,"Xiaomi Redmi 9 ",0.00,0.00,Android,339,6.50,2094,261
325,OPPO,A31,Fantasy White,6,128,True,4.30,13899.00,13899.00,OPPO A31,0.00,0.00,Android,252,5.50,5234,175
326,Xiaomi,"Redmi 9A ",Midnight Black,2,32,True,4.50,7589.00,7589.00,"Xiaomi Redmi 9A ",0.00,0.00,Android,927,5.70,4149,687
327,LG,"Q6 ",Platinum,3,32,True,4.00,16990.00,16990.00,"LG Q6 ",0.00,0.00,Android,165,5.50,2679,29
328,Apple,"iPhone 13 Pro Max ",Gold,6,0,True,0.00,179900.00,179900.00,"Apple iPhone 13 Pro Max ",0.00,0.00,IOS,383,5.30,3373,111
329,SAMSUNG,"Galaxy A30s ",Prism Crush White,4,128,True,4.30,19900.00,19900.00,"SAMSUNG Galaxy A30s ",0.00,0.00,Android,988,5.70,5182,391
330,HTC,U11,Solar Red,6,128,True,4.60,53990.00,53990.00,HTC U11,0.00,0.00,Android,884,6.50,3524,234
331,Infinix,Smart 5,Aegean Blue,2,32,True,4.30,7499.00,8999.00,Infinix Smart 5,1500.00,16.67,Android,363,6.50,5010,163
332,Motorola,"G30 ",Dark Pearl,4,64,True,4.10,10999.00,14999.00,"Motorola G30 ",4000.00,26.67,Android,109,5.00,3893,26
333,POCO,"M2  ",Brick Red,6,128,True,4.40,11499.00,14999.00,"POCO M2  ",3500.00,23.33,Android,166,5.30,2174,104
334,SAMSUNG,"Galaxy J2 Core ",Blue,1,16,True,4.20,6999.00,6999.00,"SAMSUNG Galaxy J2 Core ",0.00,0.00,Android,285,6.10,4899,86
335,SAMSUNG,"Galaxy S20+ ",Cosmic Black,8,128,True,4.40,54999.00,83000.00,"SAMSUNG Galaxy S20+ ",28001.00,33.74,Android,795,4.70,3025,158
336,Apple,"iPhone 13 Mini ",Midnight,4,256,True,0.00,79900.00,79900.00,"Apple iPhone 13 Mini ",0.00,0.00,IOS,443,5.30,2666,357
337,SAMSUNG,"Galaxy M42 ",Prism Dot Black,8,128,True,4.30,29998.00,29998.00,"SAMSUNG Galaxy M42 ",0.00,0.00,Android,639,6.30,2791,559
338,HTC,620G,Santorini White,1,8,True,3.90,7999.00,7999.00,HTC 620G,0.00,0.00,Android,254,5.50,3972,102
339,GIONEE,"M7 Power ",Blue,4,64,True,4.10,9250.00,9250.00,"GIONEE M7 Power ",0.00,0.00,Android,551,5.30,3722,303
340,OPPO,K1,Astral Blue,6,64,True,4.30,13990.00,20990.00,OPPO K1,7000.00,33.35,Android,1000,4.70,3910,176
341,Motorola,"G40 Fusion ",Frosted Champagne,6,128,True,4.30,16499.00,19999.00,"Motorola G40 Fusion ",3500.00,17.50,Android,666,5.90,2139,190
342,Motorola,"Edge 20 Fusion ",Cyber Teal,6,128,True,3.90,21499.00,24999.00,"Motorola Edge 20 Fusion ",3500.00,14.00,Android,856,6.10,2232,604
343,Nokia,"C01 Plus ",Blue,2,16,True,0.00,6499.00,6499.00,"Nokia C01 Plus ",0.00,0.00,Android,402,6.40,2700,253
344,Apple,"iPhone 12 Pro Max ",Gold,0,128,True,4.60,119900.00,119900.00,"Apple iPhone 12 Pro Max ",0.00,0.00,IOS,346,5.50,3026,19
345,Apple,"iPhone 12 Pro Max ",Graphite,0,512,True,4.60,149900.00,149900.00,"Apple iPhone 12 Pro Max ",0.00,0.00,IOS,596,6.60,4528,462
346,Motorola,C Plus,Starry Black,2,16,True,4.20,6999.00,6999.00,Motorola C Plus,0.00,0.00,Android,51,4.90,2058,50
347,ASUS,"Zenfone Max ",Black,2,16,True,4.10,6990.00,6990.00,"ASUS Zenfone Max ",0.00,0.00,Android,618,7.00,5482,229
348,OPPO,K1,Piano Black,6,64,True,4.30,13990.00,20990.00,OPPO K1,7000.00,33.35,Android,166,6.20,4616,33
349,OPPO,A16k,Black,3,32,True,4.10,10490.00,10490.00,OPPO A16k,0.00,0.00,Android,640,5.90,3919,523
350,Apple,"iPhone 13 Mini ",Midnight,4,128,True,0.00,69900.00,69900.00,"Apple iPhone 13 Mini ",0.00,0.00,IOS,716,5.00,4326,259
351,SAMSUNG,"Galaxy A50s ",Prism Crush Violet,6,128,True,4.30,21099.00,26900.00,"SAMSUNG Galaxy A50s ",5801.00,21.57,Android,356,5.10,3104,317
352,Xiaomi,"Redmi 6 Pro ",Lake Blue,4,64,True,4.40,11999.00,11999.00,"Xiaomi Redmi 6 Pro ",0.00,0.00,Android,932,6.90,4650,540
353,Nokia,Asha 206,Black,0,0,True,3.80,2790.00,2790.00,Nokia Asha 206,0.00,0.00,Android,90,6.40,5160,56
354,Apple,"iPhone 12 Pro ",Pacific Blue,6,256,True,4.60,119900.00,119900.00,"Apple iPhone 12 Pro ",0.00,0.00,IOS,619,7.00,2979,210
355,SAMSUNG,"Galaxy F62 ",Laser Blue,6,128,True,4.20,23999.00,29999.00,"SAMSUNG Galaxy F62 ",6000.00,20.00,Android,566,6.20,3041,135
356,Lenovo,"A7000 ",White,2,8,True,4.00,8999.00,8999.00,"Lenovo A7000 ",0.00,0.00,Android,500,4.70,3295,453
357,Xiaomi,"REDMI Note 10S ",Cosmic Purple,6,128,True,4.40,17765.00,17765.00,"Xiaomi REDMI Note 10S ",0.00,0.00,Android,111,5.10,4694,65
358,Apple,"iPhone 7 Plus ",Gold,3,32,True,4.50,36999.00,37900.00,"Apple iPhone 7 Plus ",901.00,2.38,IOS,883,6.50,4155,168
359,SAMSUNG,"Galaxy S6 ",Gold Platinum,3,32,True,4.00,33900.00,33900.00,"SAMSUNG Galaxy S6 ",0.00,0.00,Android,186,4.70,2724,174
360,realme,"5 Pro ",Chroma White,6,64,True,4.50,14999.00,15999.00,"realme 5 Pro ",1000.00,6.25,Android,219,5.90,5826,21
361,SAMSUNG,"Galaxy J4 Plus ",Gold,2,32,True,4.30,9499.00,9499.00,"SAMSUNG Galaxy J4 Plus ",0.00,0.00,Android,191,5.20,4542,174
362,Xiaomi,11 Lite NE,Tuscany Coral,8,128,True,4.40,23999.00,23999.00,Xiaomi 11 Lite NE,0.00,0.00,Android,951,5.40,5278,70
363,SAMSUNG,"Galaxy Z Flip3 5G ",Phantom Black,8,128,True,4.30,84999.00,95999.00,"SAMSUNG Galaxy Z Flip3 5G ",11000.00,11.46,Android,907,4.90,5958,468
364,Infinix,Hot S3,Blush Gold,3,32,True,4.20,9999.00,9999.00,Infinix Hot S3,0.00,0.00,Android,712,5.30,2121,170
365,POCO,"C3 ",Matte Black,3,32,True,4.30,7999.00,9999.00,"POCO C3 ",2000.00,20.00,Android,269,6.70,2085,52
366,Apple,"iPhone 8 ",Gold,2,64,True,4.50,38999.00,39900.00,"Apple iPhone 8 ",901.00,2.26,IOS,554,6.10,4219,416
367,ASUS,"Zenfone Go ",Gold,1,8,True,3.80,5699.00,5699.00,"ASUS Zenfone Go ",0.00,0.00,Android,526,5.50,3025,304
368,OPPO,A3s,Purple,3,32,True,4.30,12990.00,12990.00,OPPO A3s,0.00,0.00,Android,513,6.60,4263,99
369,SAMSUNG,"Galaxy A30s ",Prism Crush White,4,64,True,4.30,15899.00,18900.00,"SAMSUNG Galaxy A30s ",3001.00,15.88,Android,478,5.00,5788,409
370,SAMSUNG,Guru Music 2 SM-B310E,Black,0,0,True,4.20,1890.00,1890.00,SAMSUNG Guru Music 2 SM-B310E,0.00,0.00,Android,185,6.20,5254,53
371,Apple,"iPhone 12 ",Red,4,256,True,4.60,78999.00,94900.00,"Apple iPhone 12 ",15901.00,16.76,IOS,918,4.80,2403,17
372,realme,"Narzo 30 ",Racing Silver,4,64,True,4.30,13499.00,14999.00,"realme Narzo 30 ",1500.00,10.00,Android,419,6.80,4611,46
373,realme,"C15 ",Power Silver,4,0,True,4.40,10999.00,12999.00,"realme C15 ",2000.00,15.39,Android,326,6.80,3758,231
374,Nokia,3310 DS 2020,Black,0,0,True,3.80,3886.00,3886.00,Nokia 3310 DS 2020,0.00,0.00,Android,124,5.50,4500,98
375,Nokia,125 TA-1253 DS,Black,0,0,True,3.90,2142.00,2192.00,Nokia 125 TA-1253 DS,50.00,2.28,Android,8,4.70,5626,1
376,SAMSUNG,"Galaxy A52 ",Awesome White,6,128,True,4.30,27499.00,30499.00,"SAMSUNG Galaxy A52 ",3000.00,9.84,Android,77,5.30,2250,73
377,ASUS,"ZenFone Max M2 ",Blue,3,32,True,4.30,12999.00,12999.00,"ASUS ZenFone Max M2 ",0.00,0.00,Android,188,6.50,3745,184
378,GIONEE,"A1 ",Gold,4,64,True,4.00,7675.00,8999.00,"GIONEE A1 ",1324.00,14.71,Android,627,6.90,3677,486
379,OPPO,K3,Jade Black,8,128,True,4.20,30994.00,30994.00,OPPO K3,0.00,0.00,Android,134,6.60,3903,97
380,POCO,C31,Royal Blue,4,64,True,4.40,8999.00,11999.00,POCO C31,3000.00,25.00,Android,872,6.70,5011,197
381,Nokia,225,Black,0,0,True,3.60,3499.00,3499.00,Nokia 225,0.00,0.00,Android,757,5.30,5729,78
382,SAMSUNG,"Galaxy A32 ",Awesome Violet,6,128,True,4.10,21999.00,24999.00,"SAMSUNG Galaxy A32 ",3000.00,12.00,Android,124,4.90,3595,63
383,vivo,Y21T,Midnight Blue,4,128,True,4.10,16490.00,19990.00,vivo Y21T,3500.00,17.51,Android,252,5.40,5028,24
384,realme,"6 Pro ",Lightning Red,6,128,True,4.40,18999.00,18999.00,"realme 6 Pro ",0.00,0.00,Android,626,5.80,3829,256
385,Infinix,S5 Pro,Violet,4,64,True,4.40,12999.00,12999.00,Infinix S5 Pro,0.00,0.00,Android,440,5.90,3445,178
386,ASUS,"Zenfone Selfie ",White,3,16,True,4.00,13999.00,13999.00,"ASUS Zenfone Selfie ",0.00,0.00,Android,896,4.70,3988,854
387,OPPO,A9,Fluorite Purple,4,128,True,4.40,12990.00,16990.00,OPPO A9,4000.00,23.54,Android,374,4.70,5707,133
388,realme,"Narzo 30 Pro 5G ",Blade Silver,6,64,True,4.30,16999.00,18999.00,"realme Narzo 30 Pro 5G ",2000.00,10.53,Android,876,6.90,5210,779
389,Infinix,"S5 ",Violet,4,64,True,4.30,10999.00,10999.00,"Infinix S5 ",0.00,0.00,Android,430,6.20,4219,232
390,Motorola,"One Action ",Pearl White,4,128,True,4.20,10999.00,16999.00,"Motorola One Action ",6000.00,35.30,Android,351,5.20,5236,173
391,Xiaomi,11 Lite NE,Vinyl Black,6,128,True,4.30,25990.00,25990.00,Xiaomi 11 Lite NE,0.00,0.00,Android,998,6.00,3455,838
392,ASUS,"ROG Phone 5 ",White,8,128,True,4.30,49999.00,55999.00,"ASUS ROG Phone 5 ",6000.00,10.71,Android,631,4.60,3449,35
393,Motorola,"One Power ",Black,4,64,True,4.30,18999.00,18999.00,"Motorola One Power ",0.00,0.00,Android,757,6.60,4864,437
394,realme,1,Diamond Black,6,128,True,4.30,10999.00,14990.00,realme 1,3991.00,26.62,Android,256,5.50,3887,13
395,ASUS,"ROG Phone II ",Black,12,512,True,4.60,62999.00,62999.00,"ASUS ROG Phone II ",0.00,0.00,Android,447,5.60,5832,206
396,Apple,"iPhone 12 Pro ",Graphite,6,256,True,4.60,119900.00,119900.00,"Apple iPhone 12 Pro ",0.00,0.00,IOS,666,6.50,5493,641
397,GIONEE,"P2S ",Black,0,4,True,3.60,2450.00,2450.00,"GIONEE P2S ",0.00,0.00,Android,73,6.00,3692,2
398,Lenovo,"Vibe K5 Note ",Gold,3,32,True,4.10,10999.00,10999.00,"Lenovo Vibe K5 Note ",0.00,0.00,Android,11,6.70,4006,8
399,Apple,"iPhone XS ",Space Grey,4,512,True,4.70,134900.00,134900.00,"Apple iPhone XS ",0.00,0.00,IOS,376,4.50,4059,168
400,Nokia,8.1,Blue,4,64,True,4.30,28831.00,28831.00,Nokia 8.1,0.00,0.00,Android,212,5.00,4624,12
401,OPPO,A52,Stream White,4,128,True,4.40,14990.00,17990.00,OPPO A52,3000.00,16.68,Android,376,5.40,4976,11
402,SAMSUNG,"Galaxy A32 ",Awesome White,6,128,True,4.10,21999.00,24999.00,"SAMSUNG Galaxy A32 ",3000.00,12.00,Android,974,5.60,4844,653
403,Infinix,Hot 10 Play,Morandi Green,4,64,True,4.30,9299.00,10999.00,Infinix Hot 10 Play,1700.00,15.46,Android,31,5.80,5993,24
404,Xiaomi,"Mi 11X ",Lunar White,6,128,True,4.30,24338.00,25989.00,"Xiaomi Mi 11X ",1651.00,6.35,Android,402,6.80,2603,152
405,Xiaomi,"Mi 11X Pro 5G ",Lunar White,8,256,True,4.40,38999.00,38999.00,"Xiaomi Mi 11X Pro 5G ",0.00,0.00,Android,156,5.20,2141,141
406,SAMSUNG,"Galaxy A21s ",Blue,4,64,True,4.20,14999.00,17999.00,"SAMSUNG Galaxy A21s ",3000.00,16.67,Android,649,6.00,5119,216
407,Apple,"iPhone 8 Plus ",Space Grey,3,64,True,4.60,49900.00,49900.00,"Apple iPhone 8 Plus ",0.00,0.00,IOS,888,6.50,4673,687
408,SAMSUNG,"Galaxy M20 ",Charcoal Black,4,64,True,4.30,11990.00,12250.00,"SAMSUNG Galaxy M20 ",260.00,2.12,Android,658,4.90,4590,76
409,realme,9 5G SE,Azure Glow,8,128,True,4.50,22999.00,26999.00,realme 9 5G SE,4000.00,14.82,Android,915,5.10,5186,557
410,SAMSUNG,"Galaxy S20 ",Cloud Pink,8,128,True,4.30,74000.00,74000.00,"SAMSUNG Galaxy S20 ",0.00,0.00,Android,467,6.90,5326,86
411,OPPO,A54,Moonlight Gold,6,128,True,4.30,16990.00,17990.00,OPPO A54,1000.00,5.56,Android,703,6.90,2128,285
412,SAMSUNG,"M02s ",Blue,3,32,True,4.20,9539.00,10389.00,"SAMSUNG M02s ",850.00,8.18,Android,967,6.00,4580,620
413,realme,"C25s ",Watery Blue,4,64,True,4.40,10999.00,10999.00,"realme C25s ",0.00,0.00,Android,234,5.20,5513,106
414,Nokia,5310ds,Black,0,0,True,4.10,3429.00,3445.00,Nokia 5310ds,16.00,0.46,Android,153,5.40,2304,64
415,Apple,"iPhone XS Max ",Silver,4,256,True,4.60,78999.00,124900.00,"Apple iPhone XS Max ",45901.00,36.75,IOS,71,5.80,2631,56
416,OPPO,A71k,Gold,3,16,True,4.40,10990.00,10990.00,OPPO A71k,0.00,0.00,Android,738,6.50,4626,264
417,SAMSUNG,"Galaxy S Duos 2 ",Pure White,0,4,True,4.00,5999.00,5999.00,"SAMSUNG Galaxy S Duos 2 ",0.00,0.00,Android,578,5.60,4994,146
418,LG,"W10 Alpha ",Black,3,32,True,3.70,7299.00,7299.00,"LG W10 Alpha ",0.00,0.00,Android,417,6.80,4236,180
419,LG,"Optimus L5 II ",Black,0,4,True,4.50,10199.00,10199.00,"LG Optimus L5 II ",0.00,0.00,Android,678,5.60,3101,383
420,Apple,"iPhone 11 Pro ",Space Grey,4,256,True,4.60,79999.00,106600.00,"Apple iPhone 11 Pro ",26601.00,24.95,IOS,339,6.70,5373,264
421,ASUS,"ZenFone Max Pro M2 ",Titanium,4,64,True,4.30,17999.00,17999.00,"ASUS ZenFone Max Pro M2 ",0.00,0.00,Android,462,6.70,2642,31
422,Nokia,6.1,Gold,3,32,True,4.20,17979.00,17979.00,Nokia 6.1,0.00,0.00,Android,498,6.60,2460,227
423,realme,"3i ",Diamond Blue,4,64,True,4.40,10499.00,10999.00,"realme 3i ",500.00,4.55,Android,871,6.30,4072,782
424,GIONEE,"M7 Power ",Blue,4,64,True,4.10,7999.00,7999.00,"GIONEE M7 Power ",0.00,0.00,Android,761,5.90,3379,484
425,Apple,"iPhone 6s ",Space Grey,2,32,True,4.50,25299.00,29900.00,"Apple iPhone 6s ",4601.00,15.39,IOS,618,4.80,4154,438
426,Apple,"iPhone 11 ",Black,4,128,True,4.60,54900.00,54900.00,"Apple iPhone 11 ",0.00,0.00,IOS,89,6.20,2654,47
427,Apple,"iPhone XR ",Blue,3,64,True,4.60,42999.00,47900.00,"Apple iPhone XR ",4901.00,10.23,IOS,641,4.90,5264,64
428,Nokia,7.1,Steel,4,64,True,4.10,12998.00,12998.00,Nokia 7.1,0.00,0.00,Android,880,6.90,3125,835
429,ASUS,"Zenfone Selfie ",White,2,16,True,3.90,15999.00,15999.00,"ASUS Zenfone Selfie ",0.00,0.00,Android,573,6.30,5731,134
430,POCO,F1,Steel Blue,8,256,True,4.50,30999.00,30999.00,POCO F1,0.00,0.00,Android,633,4.80,3009,321
431,realme,"C11 2021 ",Cool Blue,4,64,True,4.20,8799.00,9999.00,"realme C11 2021 ",1200.00,12.00,Android,536,5.90,3404,149
432,Infinix,Smart 4,Violet,2,32,True,4.40,8999.00,8999.00,Infinix Smart 4,0.00,0.00,Android,968,5.30,4548,429
433,Apple,"iPhone 12 Pro ",Gold,6,512,True,4.60,139900.00,139900.00,"Apple iPhone 12 Pro ",0.00,0.00,IOS,365,6.30,2823,63
434,OPPO,F5,Red,6,64,True,4.40,24990.00,24990.00,OPPO F5,0.00,0.00,Android,313,5.10,5543,183
435,realme,"Narzo 30 ",Racing Blue,4,64,True,4.30,13499.00,14999.00,"realme Narzo 30 ",1500.00,10.00,Android,144,6.50,2851,96
436,OPPO,Reno6 Pro 5G,Stellar Black,12,256,True,4.40,39990.00,46990.00,OPPO Reno6 Pro 5G,7000.00,14.90,Android,971,6.70,5193,78
437,Apple,"iPhone 12 Pro ",Graphite,6,128,True,4.60,109900.00,109900.00,"Apple iPhone 12 Pro ",0.00,0.00,IOS,932,6.50,2632,830
438,SAMSUNG,"Galaxy S21 ",Phantom White,8,256,True,4.30,73999.00,87999.00,"SAMSUNG Galaxy S21 ",14000.00,15.91,Android,898,5.40,2659,476
439,Xiaomi,"Redmi 8A Dual ",Sea Blue,3,64,True,4.40,9499.00,9499.00,"Xiaomi Redmi 8A Dual ",0.00,0.00,Android,703,6.00,2494,674
440,SAMSUNG,"Galaxy S4 Mini ",White Frost,0,8,True,3.80,20400.00,20400.00,"SAMSUNG Galaxy S4 Mini ",0.00,0.00,Android,940,5.30,3517,840
441,Infinix,Hot 4 Pro,Magic Gold,3,16,True,4.00,7499.00,7499.00,Infinix Hot 4 Pro,0.00,0.00,Android,917,6.50,5767,287
442,Apple,"iPhone 6s Plus ",Rose Gold,2,16,True,4.40,49999.00,49999.00,"Apple iPhone 6s Plus ",0.00,0.00,IOS,12,6.90,2171,6
443,SAMSUNG,"Galaxy A6 ",Blue,4,64,True,4.30,16990.00,16990.00,"SAMSUNG Galaxy A6 ",0.00,0.00,Android,155,4.60,4143,88
444,SAMSUNG,"Galaxy A22 ",Black,6,128,True,4.30,17578.00,19499.00,"SAMSUNG Galaxy A22 ",1921.00,9.85,Android,812,5.90,5277,307
445,SAMSUNG,"Galaxy Note 5 ",Silver Titanium,4,32,True,3.90,38900.00,38900.00,"SAMSUNG Galaxy Note 5 ",0.00,0.00,Android,576,7.00,2750,195
446,SAMSUNG,"Galaxy A50 ",White,6,64,True,4.40,24000.00,24000.00,"SAMSUNG Galaxy A50 ",0.00,0.00,Android,450,6.70,5242,171
447,Nokia,5.1,Black,3,32,True,4.00,7899.00,7899.00,Nokia 5.1,0.00,0.00,Android,79,5.50,2328,71
448,SAMSUNG,"Galaxy M31 ",Space Black,6,64,True,4.30,16299.00,16299.00,"SAMSUNG Galaxy M31 ",0.00,0.00,Android,40,5.20,2919,18
449,SAMSUNG,"Galaxy S Duos 3 ",Ceramic White,0,4,True,4.00,6048.00,6048.00,"SAMSUNG Galaxy S Duos 3 ",0.00,0.00,Android,260,5.30,4600,44
450,Xiaomi,"Redmi 9 ",Carbon Black,4,64,True,4.20,10070.00,10129.00,"Xiaomi Redmi 9 ",59.00,0.58,Android,676,6.40,4874,219
451,SAMSUNG,"Galaxy S10 Lite ",Prism Blue,8,128,True,4.50,40999.00,43999.00,"SAMSUNG Galaxy S10 Lite ",3000.00,6.82,Android,91,6.00,3638,6
452,Infinix,Hot 7 Pro,Mocha Brown,6,64,True,4.20,10999.00,10999.00,Infinix Hot 7 Pro,0.00,0.00,Android,22,5.20,2211,1
453,POCO,"X3 Pro ",Steel Blue,6,128,True,4.40,18999.00,23999.00,"POCO X3 Pro ",5000.00,20.83,Android,25,5.90,3905,11
454,HTC,U11,Sapphire Blue,6,128,True,4.60,53990.00,53990.00,HTC U11,0.00,0.00,Android,684,5.90,4438,194
455,POCO,M4 Pro 5G,Yellow,6,128,True,4.40,16999.00,19999.00,POCO M4 Pro 5G,3000.00,15.00,Android,250,6.70,5307,54
456,Xiaomi,11 Lite NE,Diamond Dazzle,8,128,True,4.40,27999.00,27999.00,Xiaomi 11 Lite NE,0.00,0.00,Android,316,6.70,3278,19
457,Apple,"iPhone 13 Mini ",Midnight,6,512,True,0.00,99900.00,99900.00,"Apple iPhone 13 Mini ",0.00,0.00,IOS,975,6.40,5906,650
458,GIONEE,"Elife S7 ",Black,2,16,True,4.10,15999.00,15999.00,"GIONEE Elife S7 ",0.00,0.00,Android,726,5.30,4274,71
459,SAMSUNG,"Galaxy S21 ",Phantom Gray,8,128,True,4.30,69999.00,83999.00,"SAMSUNG Galaxy S21 ",14000.00,16.67,Android,730,5.00,2350,135
460,LG,"G Pro 2 ",Titan,3,16,True,4.50,42021.00,42021.00,"LG G Pro 2 ",0.00,0.00,Android,610,6.70,4741,247
461,SAMSUNG,"Galaxy M31 ",Space Black,8,128,True,4.30,19990.00,19990.00,"SAMSUNG Galaxy M31 ",0.00,0.00,Android,247,5.70,4317,154
462,Apple,"iPhone 12 ",Blue,4,64,True,4.60,63999.00,65900.00,"Apple iPhone 12 ",1901.00,2.88,IOS,749,5.30,5714,607
463,SAMSUNG,Guru FM Plus,Black,0,0,True,4.20,1435.00,1435.00,SAMSUNG Guru FM Plus,0.00,0.00,Android,926,6.80,2771,610
464,GIONEE,L700,Black,0,0,True,3.90,1890.00,1890.00,GIONEE L700,0.00,0.00,Android,719,6.40,5217,414
465,Lenovo,"A7000 Turbo ",Black,2,16,True,3.80,5999.00,5999.00,"Lenovo A7000 Turbo ",0.00,0.00,Android,620,5.00,3641,1
466,Lenovo,"P2 ",Grey,3,32,True,4.30,16999.00,16999.00,"Lenovo P2 ",0.00,0.00,Android,569,5.20,4481,254
467,Lenovo,"K3 Note ",Yellow,2,16,True,4.00,7999.00,7999.00,"Lenovo K3 Note ",0.00,0.00,Android,742,5.70,2506,354
468,realme,"Narzo 20 Pro ",White Knight,8,128,True,4.30,16999.00,18999.00,"realme Narzo 20 Pro ",2000.00,10.53,Android,183,4.50,2027,164
469,vivo,"Y11 ",Agate Red,4,64,True,4.40,16990.00,20990.00,"vivo Y11 ",4000.00,19.06,Android,243,5.30,2061,69
470,SAMSUNG,"Galaxy A50s ",Prism Crush Violet,4,128,True,4.30,14999.00,24900.00,"SAMSUNG Galaxy A50s ",9901.00,39.76,Android,100,6.90,4753,86
471,SAMSUNG,"Galaxy J7 Prime 2 ",Black,3,32,True,4.30,14990.00,14990.00,"SAMSUNG Galaxy J7 Prime 2 ",0.00,0.00,Android,956,5.30,3367,836
472,OPPO,Reno 10x Zoom,Ocean Green,8,256,True,4.40,41990.00,55990.00,OPPO Reno 10x Zoom,14000.00,25.00,Android,633,6.20,5340,146
473,HTC,10,Topaz Gold,4,32,True,4.20,56690.00,56690.00,HTC 10,0.00,0.00,Android,468,6.90,2081,80
474,Apple,"iPhone 6s ",Silver,2,64,True,4.50,49999.00,49999.00,"Apple iPhone 6s ",0.00,0.00,IOS,842,5.00,2643,523
475,SAMSUNG,"Galaxy A5 ",Black,2,16,True,4.10,14490.00,14490.00,"SAMSUNG Galaxy A5 ",0.00,0.00,Android,30,4.50,3945,18
476,Apple,"iPhone 6s ",Gold,2,32,True,4.50,25299.00,29900.00,"Apple iPhone 6s ",4601.00,15.39,IOS,944,4.50,3428,827
477,Apple,"iPhone SE ",Black,2,128,True,4.50,44900.00,44900.00,"Apple iPhone SE ",0.00,0.00,IOS,482,6.50,5247,129
478,Apple,"iPhone 12 Pro Max ",Silver,0,128,True,4.60,119900.00,119900.00,"Apple iPhone 12 Pro Max ",0.00,0.00,IOS,11,6.10,2995,9
479,Lenovo,"A5 ",Gold,2,16,True,4.10,6999.00,6999.00,"Lenovo A5 ",0.00,0.00,Android,549,5.20,5637,386
480,Apple,"iPhone 13 Pro Max ",Graphite,6,256,True,0.00,139900.00,139900.00,"Apple iPhone 13 Pro Max ",0.00,0.00,IOS,879,5.60,4748,406
481,Infinix,Hot 6 Pro,City Blue,3,32,True,4.30,8999.00,8999.00,Infinix Hot 6 Pro,0.00,0.00,Android,938,6.60,2822,714
482,Nokia,6310,Black,0,0,True,0.00,4400.00,4400.00,Nokia 6310,0.00,0.00,Android,598,4.80,3403,405
483,GIONEE,"P5_W ",Blue,1,16,True,3.80,4190.00,7238.00,"GIONEE P5_W ",3048.00,42.11,Android,865,6.20,3197,721
484,POCO,"C3 ",Lime Green,3,32,True,4.30,7999.00,9999.00,"POCO C3 ",2000.00,20.00,Android,3,5.80,5385,3
485,SAMSUNG,"Galaxy S10 ",Prism White,8,128,True,4.60,39999.00,71000.00,"SAMSUNG Galaxy S10 ",31001.00,43.66,Android,245,6.70,5706,226
486,Apple,"iPhone 13 Mini ",Red,4,128,True,0.00,69900.00,69900.00,"Apple iPhone 13 Mini ",0.00,0.00,IOS,552,6.90,4488,43
487,Nokia,215 4G DS,Black,0,0,True,3.60,3220.00,3220.00,Nokia 215 4G DS,0.00,0.00,Android,375,6.10,2969,102
488,realme,"8i ",Space Black,4,64,True,0.00,13999.00,15999.00,"realme 8i ",2000.00,12.50,Android,722,4.50,2569,157
489,SAMSUNG,"Galaxy S7 ",Black Onyx,4,32,True,4.40,24999.00,24999.00,"SAMSUNG Galaxy S7 ",0.00,0.00,Android,18,6.80,5916,15
490,Nokia,TA-1174 / TA-1299,Black,0,0,True,4.20,1149.00,1149.00,Nokia TA-1174 / TA-1299,0.00,0.00,Android,565,4.70,3934,486
491,POCO,F1,Steel Blue,6,128,True,0.00,24999.00,24999.00,POCO F1,0.00,0.00,Android,962,5.60,4742,566
492,Apple,"iPhone XR ",Coral,3,128,True,4.60,47999.00,52900.00,"Apple iPhone XR ",4901.00,9.26,IOS,874,6.60,2675,490
493,realme,"C12 ",Power Silver,4,64,True,4.40,10999.00,10999.00,"realme C12 ",0.00,0.00,Android,189,6.20,4203,185
494,Nokia,"C3 ",Nordic Blue,2,16,True,3.70,7290.00,7290.00,"Nokia C3 ",0.00,0.00,Android,96,4.70,4357,79
495,SAMSUNG,"Galaxy J5 Prime ",Black,2,16,True,4.00,14500.00,14500.00,"SAMSUNG Galaxy J5 Prime ",0.00,0.00,Android,372,6.10,3147,49
496,Nokia,"C20 Plus ",Blue,3,32,True,3.80,9999.00,11099.00,"Nokia C20 Plus ",1100.00,9.91,Android,434,6.70,5200,235
497,Xiaomi,"Redmi 8A ",Sunset Red,2,32,True,4.20,7999.00,7999.00,"Xiaomi Redmi 8A ",0.00,0.00,Android,271,5.30,3567,262
498,Infinix,Hot 10,Moonlight Jade,6,128,True,4.30,13999.00,13999.00,Infinix Hot 10,0.00,0.00,Android,560,5.60,2983,430
499,Infinix,Hot 10 Play,Aegean Blue,3,32,True,4.30,8299.00,9999.00,Infinix Hot 10 Play,1700.00,17.00,Android,436,5.10,3269,357
500,SAMSUNG,"Galaxy M12 ",White,6,128,True,4.20,14490.00,14999.00,"SAMSUNG Galaxy M12 ",509.00,3.39,Android,178,6.30,5925,99
501,ASUS,"Zenfone Go 5.0 LTE 2nd Gen ",Gold,2,16,True,3.60,5840.00,5840.00,"ASUS Zenfone Go 5.0 LTE 2nd Gen ",0.00,0.00,Android,733,6.10,3197,682
502,POCO,M2 Pro,Two shades of black,4,64,True,4.40,13999.00,17999.00,POCO M2 Pro,4000.00,22.22,Android,764,6.30,5826,488
503,ASUS,"Zenfone Selfie ",Red,3,32,True,4.00,11999.00,11999.00,"ASUS Zenfone Selfie ",0.00,0.00,Android,713,6.30,5823,511
504,vivo,Y75 5G,Glowing Galaxy,8,128,True,4.30,22490.00,22490.00,vivo Y75 5G,0.00,0.00,Android,361,6.90,5613,126
505,Xiaomi,11i 5G,Pacific Pearl,6,128,True,4.30,24999.00,29999.00,Xiaomi 11i 5G,5000.00,16.67,Android,513,6.90,4967,27
506,Xiaomi,"Redmi Y2 ",Rose Gold,3,32,True,4.30,9999.00,9999.00,"Xiaomi Redmi Y2 ",0.00,0.00,Android,480,4.80,4255,87
507,OPPO,A5s,Black,3,32,True,4.40,9490.00,12990.00,OPPO A5s,3500.00,26.94,Android,22,6.90,5789,7
508,Nokia,7.2,Charcoal,4,64,True,4.10,19999.00,19999.00,Nokia 7.2,0.00,0.00,Android,802,5.20,5058,216
509,SAMSUNG,"Galaxy S20 FE ",Cloud Mint,8,128,True,4.00,49999.00,65999.00,"SAMSUNG Galaxy S20 FE ",16000.00,24.24,Android,258,5.80,3784,147
510,SAMSUNG,"Galaxy Ace NXT ",Black,0,4,True,3.80,5795.00,5795.00,"SAMSUNG Galaxy Ace NXT ",0.00,0.00,Android,896,4.70,4278,344
511,GIONEE,"S6 ",Silver,3,32,True,3.80,7999.00,7999.00,"GIONEE S6 ",0.00,0.00,Android,305,6.80,4279,291
512,LG,"Wing ",Aurora Gray,8,128,True,4.20,29999.00,80000.00,"LG Wing ",50001.00,62.50,Android,101,6.60,2976,31
513,Lenovo,"Sisley S60 ",Grey,2,8,True,3.50,6980.00,6980.00,"Lenovo Sisley S60 ",0.00,0.00,Android,177,6.40,2880,137
514,ASUS,"Zenfone 4 Selfie ",Black,3,32,True,4.10,10999.00,10999.00,"ASUS Zenfone 4 Selfie ",0.00,0.00,Android,949,5.40,2005,384
515,Infinix,Hot 10,Moonlight Jade,4,64,True,4.40,11999.00,11999.00,Infinix Hot 10,0.00,0.00,Android,690,6.10,3573,335
516,realme,9 5G SE,Starry Glow,6,128,True,4.50,19999.00,24999.00,realme 9 5G SE,5000.00,20.00,Android,175,6.70,2559,16
517,Nokia,"6.1 Plus ",White,4,64,True,4.30,18599.00,18599.00,"Nokia 6.1 Plus ",0.00,0.00,Android,412,6.20,4109,165
518,SAMSUNG,"Galaxy J7 Prime ",Black,3,32,True,4.20,15300.00,15300.00,"SAMSUNG Galaxy J7 Prime ",0.00,0.00,Android,126,5.60,3017,37
519,Motorola,"G30 ",Pastel Sky,4,64,True,4.10,10999.00,14999.00,"Motorola G30 ",4000.00,26.67,Android,873,5.60,2534,19
520,Nokia,"G10 ",Night | Dark Blue,4,64,True,0.00,12149.00,12149.00,"Nokia G10 ",0.00,0.00,Android,996,4.70,2824,69
521,Apple,"iPhone XR ",Red,3,64,True,4.60,42999.00,47900.00,"Apple iPhone XR ",4901.00,10.23,IOS,848,6.70,2095,759
522,Xiaomi,Y11T Pro,Celestial Magic,8,256,True,4.30,42999.00,42999.00,Xiaomi Y11T Pro,0.00,0.00,Android,603,6.00,3875,216
523,realme,"X ",Super Polar White,8,128,True,4.50,21999.00,21999.00,"realme X ",0.00,0.00,Android,638,5.00,2830,603
524,SAMSUNG,"Galaxy F02s ",Diamond Black,4,64,True,4.20,10499.00,11499.00,"SAMSUNG Galaxy F02s ",1000.00,8.70,Android,907,5.80,5855,852
525,HTC,"One M8 ",Silver,2,16,True,4.40,59900.00,59900.00,"HTC One M8 ",0.00,0.00,Android,488,6.50,5618,321
526,vivo,"V21 5G ",Arctic White,8,256,True,4.30,14990.00,14990.00,"vivo V21 5G ",0.00,0.00,Android,136,5.00,5945,135
527,GIONEE,"S11 Lite ",Gold,4,32,True,4.00,15490.00,15490.00,"GIONEE S11 Lite ",0.00,0.00,Android,239,6.40,4723,42
528,OPPO,Reno3 Pro,Auroral Blue,8,256,True,4.40,27990.00,35990.00,OPPO Reno3 Pro,8000.00,22.23,Android,696,5.10,2075,235
529,SAMSUNG,"Galaxy A8 Plus ",Gold,6,64,True,4.20,29990.00,29990.00,"SAMSUNG Galaxy A8 Plus ",0.00,0.00,Android,878,4.70,3133,217
530,SAMSUNG,Guru Music 2,Black,0,0,True,4.30,1625.00,1625.00,SAMSUNG Guru Music 2,0.00,0.00,Android,496,5.00,5429,19
531,SAMSUNG,"Galaxy S7 ",Gold Platinum,4,32,True,4.40,22222.00,52000.00,"SAMSUNG Galaxy S7 ",29778.00,57.27,Android,205,4.60,3388,193
532,realme,"X7 5G ",Space Silver,8,128,True,4.30,21999.00,23999.00,"realme X7 5G ",2000.00,8.33,Android,204,5.40,3132,14
533,Xiaomi,"Redmi 9A ",SeaBlue,2,32,True,4.50,7619.00,7619.00,"Xiaomi Redmi 9A ",0.00,0.00,Android,335,4.60,5739,168
534,SAMSUNG,"Galaxy A70 ",Blue,6,128,True,4.30,30900.00,30900.00,"SAMSUNG Galaxy A70 ",0.00,0.00,Android,282,6.30,3284,45
535,realme,"6 Pro ",Lightning Blue,6,64,True,4.40,17999.00,17999.00,"realme 6 Pro ",0.00,0.00,Android,593,6.40,5247,243
536,Infinix,Note 11S Free Fire Edition,Mithril Grey,8,128,True,4.30,15999.00,18999.00,Infinix Note 11S Free Fire Edition,3000.00,15.79,Android,515,5.50,2243,170
537,SAMSUNG,"Galaxy J4 ",Black,2,16,True,4.30,8990.00,8990.00,"SAMSUNG Galaxy J4 ",0.00,0.00,Android,548,6.70,2464,441
538,GIONEE,"X1s ",Gold,3,16,True,4.00,6450.00,6450.00,"GIONEE X1s ",0.00,0.00,Android,349,4.90,4573,141
539,Motorola,XT502,Black,0,16,True,3.80,15990.00,15990.00,Motorola XT502,0.00,0.00,Android,482,6.50,5680,446
540,Nokia,5,Tempered Blue,3,16,True,4.10,16199.00,16199.00,Nokia 5,0.00,0.00,Android,506,5.90,5254,488
541,Nokia,6310,Black,0,0,True,0.00,4189.00,4189.00,Nokia 6310,0.00,0.00,Android,771,5.50,4966,687
542,HTC,Desire 828,Pearl White,2,16,True,3.70,16990.00,16990.00,HTC Desire 828,0.00,0.00,Android,481,6.10,4188,221
543,POCO,X2,Matrix Purple,6,128,True,4.50,15999.00,19999.00,POCO X2,4000.00,20.00,Android,926,5.30,4468,322
544,SAMSUNG,"Galaxy Note 9 ",Ocean Blue,8,512,True,4.60,59999.00,59999.00,"SAMSUNG Galaxy Note 9 ",0.00,0.00,Android,129,4.60,2030,38
545,ASUS,"Zenfone Go 5.0 ",Black,2,16,True,4.00,4499.00,4499.00,"ASUS Zenfone Go 5.0 ",0.00,0.00,Android,184,4.60,5209,166
546,SAMSUNG,"Galaxy Mega 5.8 ",Black,0,8,True,3.80,26000.00,26000.00,"SAMSUNG Galaxy Mega 5.8 ",0.00,0.00,Android,647,5.20,4938,125
547,SAMSUNG,"Galaxy M42 5G ",Prism Dot Black,6,128,True,4.30,21450.00,21450.00,"SAMSUNG Galaxy M42 5G ",0.00,0.00,Android,148,5.60,4211,113
548,Apple,"iPhone XR ",Yellow,3,128,True,4.60,47999.00,52900.00,"Apple iPhone XR ",4901.00,9.26,IOS,901,4.70,3013,858
549,SAMSUNG,"Galaxy M10 ",Charcoal Black,2,16,True,4.30,8170.00,8170.00,"SAMSUNG Galaxy M10 ",0.00,0.00,Android,30,4.90,3405,2
550,LG,"Q6+ ",Platinum,4,64,True,3.90,19990.00,19990.00,"LG Q6+ ",0.00,0.00,Android,972,5.00,2090,814
551,OPPO,F11 Pro,Thunder Black,6,128,True,4.50,17990.00,29990.00,OPPO F11 Pro,12000.00,40.01,Android,872,6.10,3400,169
552,Nokia,105 DS 2020,Black,0,0,True,4.20,1399.00,1599.00,Nokia 105 DS 2020,200.00,12.51,Android,608,6.50,5150,567
553,Motorola,"E7 Plus ",Misty Blue,4,64,True,4.20,8999.00,12999.00,"Motorola E7 Plus ",4000.00,30.77,Android,664,5.50,2224,267
554,Lenovo,"K6 Note ",Silver,3,32,True,4.10,7490.00,14890.00,"Lenovo K6 Note ",7400.00,49.70,Android,940,6.80,4524,480
555,OPPO,A52,Twilight Black,6,128,True,4.30,17999.00,17999.00,OPPO A52,0.00,0.00,Android,536,5.30,5453,85
556,Xiaomi,"Redmi 9 ",Sky Blue,4,128,True,4.40,11199.00,11990.00,"Xiaomi Redmi 9 ",791.00,6.60,Android,942,4.80,4304,22
557,realme,1,Silver,4,64,True,4.40,11490.00,12990.00,realme 1,1500.00,11.55,Android,929,5.80,3606,879
558,SAMSUNG,"Galaxy Grand I9082 ",Metallic Blue,1,8,True,4.00,8999.00,8999.00,"SAMSUNG Galaxy Grand I9082 ",0.00,0.00,Android,585,4.70,2135,147
559,vivo,"Y72 5G ",Slate Gray,8,128,True,4.40,21990.00,21990.00,"vivo Y72 5G ",0.00,0.00,Android,554,6.50,2862,414
560,Xiaomi,"Redmi K20 Pro ",Carbon Black,6,128,True,4.50,28999.00,28999.00,"Xiaomi Redmi K20 Pro ",0.00,0.00,Android,231,4.70,4177,78
561,ASUS,"Zenfone Max ZC550KL ",Black,3,32,True,4.10,7990.00,7990.00,"ASUS Zenfone Max ZC550KL ",0.00,0.00,Android,664,6.40,2923,480
562,Infinix,Smart 8,Aegean Blue,2,32,True,4.30,7499.00,8999.00,Infinix Smart 8,1500.00,16.67,Android,608,6.30,3714,139
563,SAMSUNG,"Galaxy A12 ",White,6,128,True,3.90,15989.00,16489.00,"SAMSUNG Galaxy A12 ",500.00,3.03,Android,117,5.70,2717,74
564,realme,"C25 ",Watery Blue,4,128,True,4.40,10999.00,11999.00,"realme C25 ",1000.00,8.33,Android,824,4.70,5559,99
565,Apple,"iPhone 7 ",Rose Gold,2,32,True,4.50,24999.00,31500.00,"Apple iPhone 7 ",6501.00,20.64,IOS,145,5.20,4527,9
566,Lenovo,"A6 Note ",Black,3,32,True,4.20,9999.00,9999.00,"Lenovo A6 Note ",0.00,0.00,Android,32,5.70,3938,4
567,vivo,Y83 Pro,Black,4,64,True,4.40,15900.00,15900.00,vivo Y83 Pro,0.00,0.00,Android,166,4.70,2311,129
568,SAMSUNG,"Galaxy A52 ",Awesome Violet,8,128,True,4.40,28999.00,31999.00,"SAMSUNG Galaxy A52 ",3000.00,9.38,Android,697,6.40,3273,18
569,SAMSUNG,"Galaxy F22 ",Denim Black,4,64,True,4.30,12999.00,14999.00,"SAMSUNG Galaxy F22 ",2000.00,13.33,Android,918,6.50,3277,439
570,Apple,"iPhone 6 ",Gold,1,64,True,4.40,62500.00,62500.00,"Apple iPhone 6 ",0.00,0.00,IOS,165,6.80,3678,122
571,LG,"Optimus L7 II Dual ",White,0,4,True,4.00,13299.00,13299.00,"LG Optimus L7 II Dual ",0.00,0.00,Android,98,6.30,3422,97
572,OPPO,F9 Pro,Twilight Blue,6,64,True,4.50,21150.00,21150.00,OPPO F9 Pro,0.00,0.00,Android,536,4.50,4080,180
573,Apple,"iPhone 11 Pro ",Space Grey,4,512,True,4.60,140300.00,140300.00,"Apple iPhone 11 Pro ",0.00,0.00,IOS,664,5.20,4186,451
574,Lenovo,"P2 ",Gold,4,32,True,4.30,17999.00,17999.00,"Lenovo P2 ",0.00,0.00,Android,253,5.30,4485,11
575,SAMSUNG,"Galaxy A03s ",Blue,3,32,True,4.00,11499.00,13499.00,"SAMSUNG Galaxy A03s ",2000.00,14.82,Android,474,5.40,3962,149
576,Motorola,"One Macro ",Ultra Violet,4,64,True,4.30,9499.00,11999.00,"Motorola One Macro ",2500.00,20.84,Android,440,6.70,4951,203
577,Google Pixel,"Nexus 5X ",Black,2,16,True,4.50,12000.00,29990.00,"Google Pixel Nexus 5X ",17990.00,59.99,Android,990,5.70,2262,791
578,SAMSUNG,"Galaxy M30s ",Black,6,128,True,4.10,16999.00,16999.00,"SAMSUNG Galaxy M30s ",0.00,0.00,Android,675,5.00,2546,290
579,OPPO,A54,Starry Blue,4,128,True,4.30,15990.00,15990.00,OPPO A54,0.00,0.00,Android,484,5.90,2156,317
580,Xiaomi,"Redmi Note 7 ",Onyx Black,3,32,True,0.00,11900.00,12999.00,"Xiaomi Redmi Note 7 ",1099.00,8.45,Android,721,5.00,5852,169
581,OPPO,F17 Pro,Matte Black,8,128,True,4.30,19990.00,25990.00,OPPO F17 Pro,6000.00,23.09,Android,259,6.90,4838,209
582,Xiaomi,"Mi A2 ",Red,4,64,True,4.40,11948.00,11948.00,"Xiaomi Mi A2 ",0.00,0.00,Android,367,6.80,3073,289
583,SAMSUNG,Metro 313,Black,0,0,True,4.20,2050.00,2050.00,SAMSUNG Metro 313,0.00,0.00,Android,207,4.70,3855,146
584,Motorola,G8 Plus,Cosmic Blue,4,64,True,4.30,12999.00,15999.00,Motorola G8 Plus,3000.00,18.75,Android,17,6.90,5435,13
585,ASUS,"Zenfone Go 5.0 ",Black,2,8,True,4.00,4990.00,4990.00,"ASUS Zenfone Go 5.0 ",0.00,0.00,Android,661,6.80,4175,279
586,Infinix,Hot 10 Play,"Purple  ",3,32,True,4.30,8299.00,9999.00,Infinix Hot 10 Play,1700.00,17.00,Android,683,6.40,3925,645
587,ASUS,"Zenfone 4 Selfie ",Gold,3,32,True,4.10,10999.00,10999.00,"ASUS Zenfone 4 Selfie ",0.00,0.00,Android,263,5.00,4073,213
588,OPPO,F17,Dynamic Orange,6,128,True,4.20,16990.00,20990.00,OPPO F17,4000.00,19.06,Android,504,5.80,5001,390
589,OPPO,Reno4 Pro Special Edition,Galactic Blue,8,128,True,4.40,34990.00,37990.00,OPPO Reno4 Pro Special Edition,3000.00,7.90,Android,996,5.80,2146,203
590,SAMSUNG,"Galaxy J7 Duo ",Gold,4,32,True,4.30,17889.00,17889.00,"SAMSUNG Galaxy J7 Duo ",0.00,0.00,Android,861,6.50,2959,530
591,Xiaomi,"Redmi Note 6 Pro ",Red,6,64,True,4.50,17999.00,17999.00,"Xiaomi Redmi Note 6 Pro ",0.00,0.00,Android,204,6.30,2195,10
592,SAMSUNG,"Galaxy A72 ",Awesome Blue,8,256,True,4.30,37999.00,43999.00,"SAMSUNG Galaxy A72 ",6000.00,13.64,Android,442,6.40,2993,121
593,LG,"W31 ",Midnight Blue,4,64,True,4.00,9999.00,9999.00,"LG W31 ",0.00,0.00,Android,836,5.00,5310,700
594,Motorola,"Razr ",Gold,6,128,True,3.80,74999.00,149999.00,"Motorola Razr ",75000.00,50.00,Android,438,6.60,2962,54
595,SAMSUNG,"Galaxy Note 10 ",Aura Glow,8,256,True,4.50,73600.00,75000.00,"SAMSUNG Galaxy Note 10 ",1400.00,1.87,Android,409,5.20,3523,137
596,SAMSUNG,"Galaxy S10 Plus ",Ceramic White,12,0,True,4.50,117990.00,117990.00,"SAMSUNG Galaxy S10 Plus ",0.00,0.00,Android,915,5.20,2221,641
597,Infinix,Note 10,Black,6,128,True,4.20,12499.00,14999.00,Infinix Note 10,2500.00,16.67,Android,332,5.30,5014,127
598,Nokia,"Lumia 625 ",White,0,8,True,4.10,17599.00,17599.00,"Nokia Lumia 625 ",0.00,0.00,Android,855,6.10,2731,834
599,realme,"8 5G ",Supersonic Blue,4,64,True,4.30,15499.00,15999.00,"realme 8 5G ",500.00,3.13,Android,559,6.00,3351,200
600,Apple,"iPhone 12 Pro ",Silver,6,128,True,4.60,109900.00,109900.00,"Apple iPhone 12 Pro ",0.00,0.00,IOS,158,5.50,3880,152
601,Xiaomi,"Redmi 8A Dual ",Sky White,3,64,True,4.40,8561.00,8561.00,"Xiaomi Redmi 8A Dual ",0.00,0.00,Android,352,6.60,2259,325
602,SAMSUNG,"Galaxy A9 ",Lemonade Blue,6,128,True,4.40,36000.00,36000.00,"SAMSUNG Galaxy A9 ",0.00,0.00,Android,185,7.00,2279,21
603,Infinix,Smart 5,Morandi Green,2,32,True,4.30,7499.00,8999.00,Infinix Smart 5,1500.00,16.67,Android,902,5.60,4175,72
604,Xiaomi,"Mi 10i ",Atlantic Blue,8,128,True,4.30,24890.00,24988.00,"Xiaomi Mi 10i ",98.00,0.39,Android,496,5.50,3029,188
605,POCO,F1,Steel Blue,6,64,True,4.50,21999.00,21999.00,POCO F1,0.00,0.00,Android,123,6.10,3719,33
606,GIONEE,"P2S ",White,0,4,True,3.60,2650.00,2650.00,"GIONEE P2S ",0.00,0.00,Android,357,6.10,3949,314
607,realme,C35,Glowing Green,4,64,True,4.50,11999.00,13999.00,realme C35,2000.00,14.29,Android,687,5.90,3235,335
608,Apple,"iPhone 6 ",Grey,1,128,True,4.40,71500.00,71500.00,"Apple iPhone 6 ",0.00,0.00,IOS,154,5.20,2262,105
609,Xiaomi,"Redmi 5 ",Gold,3,32,True,4.40,9399.00,9399.00,"Xiaomi Redmi 5 ",0.00,0.00,Android,141,4.90,4301,137
610,Infinix,Hot 7,Aqua Blue,4,64,True,4.20,9999.00,9999.00,Infinix Hot 7,0.00,0.00,Android,756,5.60,5990,390
611,Lenovo,"K3 Note ",Black,2,16,True,4.00,9900.00,9900.00,"Lenovo K3 Note ",0.00,0.00,Android,309,5.30,4625,203
612,Lenovo,"B ",White,1,8,True,3.80,6799.00,6799.00,"Lenovo B ",0.00,0.00,Android,775,6.10,4659,292
613,SAMSUNG,Metro 350,Black,0,0,True,4.10,3013.00,3013.00,SAMSUNG Metro 350,0.00,0.00,Android,588,6.10,3143,457
614,Apple,"iPhone XS Max ",Space Grey,4,512,True,4.60,144900.00,144900.00,"Apple iPhone XS Max ",0.00,0.00,IOS,614,5.90,5092,229
615,OPPO,Neo 5,White,1,16,True,3.80,4999.00,7490.00,OPPO Neo 5,2491.00,33.26,Android,489,4.80,5082,380
616,realme,8,Cyber Black,6,128,True,4.30,16999.00,17999.00,realme 8,1000.00,5.56,Android,427,4.60,3342,207
617,Apple,"iPhone 11 Pro Max ",Silver,4,256,True,4.70,131900.00,131900.00,"Apple iPhone 11 Pro Max ",0.00,0.00,IOS,472,5.60,5735,66
618,Lenovo,"Vibe K5 Note ",Silver,3,32,True,4.10,10999.00,10999.00,"Lenovo Vibe K5 Note ",0.00,0.00,Android,649,5.30,5626,196
619,realme,"5 Pro ",Crystal Green,6,64,True,4.50,14999.00,15999.00,"realme 5 Pro ",1000.00,6.25,Android,168,6.40,4964,39
620,Nokia,110 TA-1302 DS,Black,0,0,True,4.10,1680.00,1680.00,Nokia 110 TA-1302 DS,0.00,0.00,Android,421,5.70,5098,383
621,Infinix,Hot 8,Cosmic Purple,4,64,True,4.50,9999.00,9999.00,Infinix Hot 8,0.00,0.00,Android,995,5.40,4892,483
622,SAMSUNG,"M32 5G ",Sky blue,6,128,True,0.00,21499.00,23999.00,"SAMSUNG M32 5G ",2500.00,10.42,Android,652,5.40,4949,332
623,HTC,U11,Amazing Silver,6,128,True,4.60,53990.00,53990.00,HTC U11,0.00,0.00,Android,178,7.00,3573,114
624,SAMSUNG,"Galaxy S5 ",Charcoal Black,2,16,True,3.90,21999.00,21999.00,"SAMSUNG Galaxy S5 ",0.00,0.00,Android,854,5.00,2612,745
625,Infinix,Hot 11S,Silver Wave,4,128,True,4.30,11999.00,14999.00,Infinix Hot 11S,3000.00,20.00,Android,245,4.50,4062,231
626,SAMSUNG,"Galaxy S20 ",Cosmic Gray,8,128,True,4.30,52905.00,52905.00,"SAMSUNG Galaxy S20 ",0.00,0.00,Android,416,6.60,3109,39
627,Google Pixel,"3 XL ",Not Pink,4,128,True,4.60,92000.00,92000.00,"Google Pixel 3 XL ",0.00,0.00,Android,405,5.60,2049,31
628,realme,"C21 ",Cross Black,3,32,True,4.40,8999.00,9999.00,"realme C21 ",1000.00,10.00,Android,748,4.60,5912,511
629,realme,"C21 ",Cross Blue,3,32,True,4.40,8999.00,9999.00,"realme C21 ",1000.00,10.00,Android,748,5.70,3936,175
630,SAMSUNG,"M01 core ",Blue,1,16,True,3.90,4999.00,4999.00,"SAMSUNG M01 core ",0.00,0.00,Android,236,5.60,5915,17
631,SAMSUNG,"Galaxy A20s ",Blue,4,64,True,4.30,13695.00,14900.00,"SAMSUNG Galaxy A20s ",1205.00,8.09,Android,428,5.50,5975,222
632,Nokia,2.3,Sand,2,32,True,4.00,9999.00,9999.00,Nokia 2.3,0.00,0.00,Android,554,6.30,3497,545
633,LG,"Q6+ ",Blue,4,64,True,3.90,19990.00,19990.00,"LG Q6+ ",0.00,0.00,Android,299,4.60,3470,180
634,Infinix,Hot 11S,Green Wave,4,64,True,4.30,10999.00,13999.00,Infinix Hot 11S,3000.00,21.43,Android,258,4.80,3221,231
635,SAMSUNG,"Galaxy Note10 Lite ",Aura Glow,8,128,True,4.30,39999.00,45000.00,"SAMSUNG Galaxy Note10 Lite ",5001.00,11.11,Android,592,4.70,3596,211
636,POCO,"X3 Pro ",Graphite Black,6,128,True,4.40,18999.00,23999.00,"POCO X3 Pro ",5000.00,20.83,Android,420,5.30,4334,371
637,SAMSUNG,"Galaxy Trend ",Ceramic White,0,4,True,3.60,4999.00,4999.00,"SAMSUNG Galaxy Trend ",0.00,0.00,Android,930,5.30,3917,667
638,Infinix,Hot 9,Quetzal Cyan,4,64,True,4.40,11999.00,11999.00,Infinix Hot 9,0.00,0.00,Android,996,5.00,4709,603
639,GIONEE,"S11 Lite ",Black,4,32,True,4.00,8690.00,8690.00,"GIONEE S11 Lite ",0.00,0.00,Android,330,5.10,5970,161
640,Apple,"iPhone 13 ",Red,4,512,True,0.00,109900.00,109900.00,"Apple iPhone 13 ",0.00,0.00,IOS,33,5.30,3879,24
641,Apple,"iPhone 7 ",Silver,0,256,True,4.50,74400.00,74400.00,"Apple iPhone 7 ",0.00,0.00,IOS,523,5.50,2388,450
642,Apple,"iPhone XS ",Space Grey,4,64,True,4.70,62999.00,89900.00,"Apple iPhone XS ",26901.00,29.92,IOS,11,6.20,2007,4
643,OPPO,A7,Glaze Blue,3,64,True,4.30,10990.00,16990.00,OPPO A7,6000.00,35.31,Android,342,6.00,5153,310
644,Xiaomi,"Redmi Note 7 ",Sapphire Blue,3,32,True,4.40,11946.00,11946.00,"Xiaomi Redmi Note 7 ",0.00,0.00,Android,610,5.20,3061,100
645,SAMSUNG,"M31 Prime ",Ocean Blue,6,64,True,4.30,16000.00,16000.00,"SAMSUNG M31 Prime ",0.00,0.00,Android,362,4.60,2087,280
646,SAMSUNG,"Galaxy A8 Plus ",Black,6,64,True,4.20,16860.00,34000.00,"SAMSUNG Galaxy A8 Plus ",17140.00,50.41,Android,610,6.20,2084,283
647,vivo,Y95,Nebula Purple,4,64,True,4.40,20000.00,20000.00,vivo Y95,0.00,0.00,Android,900,6.10,4886,290
648,Apple,"iPhone 11 Pro Max ",Space Grey,4,512,True,4.70,150800.00,150800.00,"Apple iPhone 11 Pro Max ",0.00,0.00,IOS,458,6.10,3478,382
649,Xiaomi,"Redmi Note 5 Pro ",Gold,6,64,True,4.20,16999.00,16999.00,"Xiaomi Redmi Note 5 Pro ",0.00,0.00,Android,624,6.00,2674,300
650,SAMSUNG,"Galaxy A5 2016 Edition ",Gold,2,16,True,4.10,14490.00,14490.00,"SAMSUNG Galaxy A5 2016 Edition ",0.00,0.00,Android,544,5.40,5909,538
651,Infinix,Note 4,Champagne Gold,3,32,True,4.20,8999.00,8999.00,Infinix Note 4,0.00,0.00,Android,855,6.10,4230,490
652,Motorola,G6,Indigo Black,4,64,True,4.20,20000.00,20000.00,Motorola G6,0.00,0.00,Android,838,4.70,4165,42
653,OPPO,Reno2,Luminous Black,8,256,True,4.40,38990.00,39990.00,OPPO Reno2,1000.00,2.50,Android,261,4.50,5384,220
654,LG,"G4 ",Metallic Gray,3,32,True,4.00,25999.00,25999.00,"LG G4 ",0.00,0.00,Android,790,6.10,3557,301
655,Lenovo,"A269i ",Black,0,0,True,3.70,5499.00,5499.00,"Lenovo A269i ",0.00,0.00,Android,849,6.30,4621,541
656,Lenovo,"A6000 Plus ",Red,2,16,True,4.10,7499.00,7499.00,"Lenovo A6000 Plus ",0.00,0.00,Android,448,6.40,3925,338
657,Motorola,"One Vision ",Bronze Gradient,4,128,True,4.20,14999.00,22999.00,"Motorola One Vision ",8000.00,34.78,Android,857,6.20,3082,206
658,Lenovo,"Vibe K5 Plus ",Dark Grey,3,16,True,4.00,7999.00,7999.00,"Lenovo Vibe K5 Plus ",0.00,0.00,Android,430,6.20,2148,213
659,Apple,"iPhone 6s Plus ",Rose Gold,2,64,True,4.40,59999.00,59999.00,"Apple iPhone 6s Plus ",0.00,0.00,IOS,515,6.60,5510,168
660,LG,"G4 ",Red,3,32,True,4.00,35990.00,35990.00,"LG G4 ",0.00,0.00,Android,208,5.40,4914,133
661,Nokia,5.3,CYAN,4,64,True,3.50,11989.00,11989.00,Nokia 5.3,0.00,0.00,Android,924,6.40,5178,327
662,Apple,"iPhone 12 Pro Max ",Pacific Blue,0,128,True,4.60,119900.00,119900.00,"Apple iPhone 12 Pro Max ",0.00,0.00,IOS,67,5.60,4569,18
663,Nokia,"X2 Dual SIM ",Bright Green,1,4,True,4.20,9999.00,9999.00,"Nokia X2 Dual SIM ",0.00,0.00,Android,355,6.80,2343,93
664,SAMSUNG,"Grand Prime 4G ",Gold,1,8,True,4.00,9833.00,9833.00,"SAMSUNG Grand Prime 4G ",0.00,0.00,Android,319,6.50,5452,3
665,vivo,U11,Electric Blue,3,64,True,4.40,11990.00,11990.00,vivo U11,0.00,0.00,Android,578,6.60,2362,34
666,vivo,"Y12G ",Glacier Blue,4,64,True,4.50,15990.00,15990.00,"vivo Y12G ",0.00,0.00,Android,674,5.40,2498,391
667,realme,"Narzo 30 5G ",Racing Blue,4,64,True,4.40,14999.00,15999.00,"realme Narzo 30 5G ",1000.00,6.25,Android,669,4.90,3909,246
668,SAMSUNG,"Galaxy A20s ",Blue,3,32,True,4.30,11599.00,12900.00,"SAMSUNG Galaxy A20s ",1301.00,10.09,Android,305,5.00,2308,181
669,OPPO,F5 Youth,Gold,3,32,True,4.30,17990.00,17990.00,OPPO F5 Youth,0.00,0.00,Android,267,6.40,5760,149
670,Apple,"iPhone SE ",Black,2,256,True,4.50,54900.00,54900.00,"Apple iPhone SE ",0.00,0.00,IOS,549,4.60,3938,229
671,vivo,V23 5G,Sunshine Gold,12,256,True,4.40,34990.00,37990.00,vivo V23 5G,3000.00,7.90,Android,450,5.00,5243,347
672,realme,"Narzo 50A ",Oxygen Blue,4,128,True,4.30,12499.00,13999.00,"realme Narzo 50A ",1500.00,10.72,Android,644,6.30,2265,568
673,OPPO,F11,Marble Green,4,128,True,4.40,13990.00,21990.00,OPPO F11,8000.00,36.38,Android,989,5.40,2673,425
674,LG,"W30 ",Platinum Grey,3,32,True,3.90,8199.00,10999.00,"LG W30 ",2800.00,25.46,Android,281,4.90,4674,50
675,Infinix,Note 11S Free Fire Edition,Symphony Cyan,8,128,True,4.30,15999.00,18999.00,Infinix Note 11S Free Fire Edition,3000.00,15.79,Android,495,6.90,4327,344
676,Google Pixel,2,Just Black,4,128,True,4.60,70000.00,70000.00,Google Pixel 2,0.00,0.00,Android,111,5.20,4355,71
677,SAMSUNG,"Galaxy Note 5 ",Silver Titanium,4,64,True,3.90,49990.00,49990.00,"SAMSUNG Galaxy Note 5 ",0.00,0.00,Android,366,6.10,5673,333
678,SAMSUNG,"M31 Prime ",IceBerg Blue,6,64,True,4.30,18699.00,18699.00,"SAMSUNG M31 Prime ",0.00,0.00,Android,624,6.80,4760,420
679,HTC,Desire 616,Dark Grey,1,4,True,3.80,17200.00,17200.00,HTC Desire 616,0.00,0.00,Android,676,5.20,2879,363
680,vivo,Y33T,Mirror Black,8,128,True,4.90,22990.00,22990.00,vivo Y33T,0.00,0.00,Android,618,4.90,3157,332
681,realme,"X2 Pro ",Neptune Blue,12,256,True,4.60,35999.00,35999.00,"realme X2 Pro ",0.00,0.00,Android,122,5.80,3906,48
682,ASUS,"Zenfone GO ",Black,2,16,True,3.80,8499.00,8499.00,"ASUS Zenfone GO ",0.00,0.00,Android,330,5.00,4608,49
683,Xiaomi,11 Lite NE,Jazz Blue,8,129,True,4.30,25999.00,25999.00,Xiaomi 11 Lite NE,0.00,0.00,Android,435,7.00,2657,315
684,Xiaomi,"Redmi 8A Dual ",Midnight Grey,3,32,True,4.40,8299.00,8499.00,"Xiaomi Redmi 8A Dual ",200.00,2.35,Android,961,7.00,4993,455
685,vivo,"Y21 ",Midnight Blue,0,64,True,3.80,69990.00,74990.00,"vivo Y21 ",5000.00,6.67,Android,646,6.90,3255,540
686,Infinix,Smart 3 Plus,Sapphire Cyan,2,32,True,4.20,7999.00,7999.00,Infinix Smart 3 Plus,0.00,0.00,Android,637,5.10,4530,593
687,Infinix,S4,Space Grey,4,64,True,4.30,10999.00,10999.00,Infinix S4,0.00,0.00,Android,197,6.60,5143,167
688,Xiaomi,"Mi 11X ",Cosmic Black,8,128,True,4.20,26828.00,26828.00,"Xiaomi Mi 11X ",0.00,0.00,Android,178,6.10,4955,17
689,Infinix,Hot 11,Emerald Green,4,64,True,4.40,9999.00,11999.00,Infinix Hot 11,2000.00,16.67,Android,490,4.60,3152,97
690,OPPO,A12,Black,3,32,True,4.40,9490.00,10990.00,OPPO A12,1500.00,13.65,Android,132,5.80,4372,82
691,Infinix,S4,Space Grey,3,32,True,4.20,9999.00,9999.00,Infinix S4,0.00,0.00,Android,150,6.80,3366,16
692,Apple,"iPhone 8 ",Red,2,256,True,4.70,81500.00,81500.00,"Apple iPhone 8 ",0.00,0.00,IOS,593,5.70,5047,136
693,Nokia,6,Matte Black,3,32,True,3.90,13999.00,13999.00,Nokia 6,0.00,0.00,Android,82,7.00,5614,42
694,ASUS,"ROG Phone 3 ",Black,12,256,True,4.40,57999.00,65999.00,"ASUS ROG Phone 3 ",8000.00,12.12,Android,360,6.30,3715,42
695,Nokia,RM-1172 / Nokia 230 DS,Black,0,0,True,4.00,4196.00,4196.00,Nokia RM-1172 / Nokia 230 DS,0.00,0.00,Android,763,5.20,2147,707
696,SAMSUNG,"Galaxy A70s ",Prism Crush White,8,128,True,4.30,30500.00,33100.00,"SAMSUNG Galaxy A70s ",2600.00,7.85,Android,288,6.50,5893,160
697,HTC,Desire 210,White,0,4,True,3.60,9990.00,9990.00,HTC Desire 210,0.00,0.00,Android,943,5.70,2755,41
698,GIONEE,"Pioneer P3S ",Gold,1,16,True,3.80,4999.00,4999.00,"GIONEE Pioneer P3S ",0.00,0.00,Android,237,5.40,3630,82
699,OPPO,F11,Fluorite Purple,4,128,True,4.40,13990.00,21990.00,OPPO F11,8000.00,36.38,Android,693,7.00,3106,159
700,LG,"W31 Plus ",Midnight Blue,4,128,True,4.10,10999.00,10999.00,"LG W31 Plus ",0.00,0.00,Android,189,6.10,3590,180
701,OPPO,F1 Plus,Rose Gold,4,64,True,4.00,24900.00,24900.00,OPPO F1 Plus,0.00,0.00,Android,375,5.80,5512,323
702,realme,3,Dynamic Black,3,32,True,4.50,8499.00,10999.00,realme 3,2500.00,22.73,Android,455,4.90,4247,36
703,SAMSUNG,"Grand Prime ",White,1,8,True,4.00,7992.00,7992.00,"SAMSUNG Grand Prime ",0.00,0.00,Android,665,6.20,2482,77
704,OPPO,A5 2020,Dazzling White,3,64,True,4.40,12990.00,14990.00,OPPO A5 2020,2000.00,13.34,Android,776,6.00,5973,135
705,HTC,Desire 326G DS,Black Onyx,1,8,True,3.70,9590.00,9590.00,HTC Desire 326G DS,0.00,0.00,Android,255,4.70,4088,226
706,HTC,826,White Birch,2,16,True,3.70,27990.00,27990.00,HTC 826,0.00,0.00,Android,333,5.20,2689,164
707,SAMSUNG,"Galaxy F12 ",Sea Green,4,128,True,4.20,12499.00,13999.00,"SAMSUNG Galaxy F12 ",1500.00,10.72,Android,517,5.90,5130,222
708,GIONEE,"F9 ",Black,3,32,True,4.20,7900.00,7900.00,"GIONEE F9 ",0.00,0.00,Android,131,6.10,4434,53
709,Apple,"iPhone 12 ",Green,4,256,True,4.60,78999.00,80900.00,"Apple iPhone 12 ",1901.00,2.35,IOS,176,6.30,4389,173
710,ASUS,ROG 5s,Phantom Black,8,128,True,0.00,49999.00,55999.00,ASUS ROG 5s,6000.00,10.71,Android,369,4.70,4465,320
711,Infinix,Hot 4 Pro,Quartz Black,3,16,True,4.00,7499.00,7499.00,Infinix Hot 4 Pro,0.00,0.00,Android,240,5.00,3053,74
712,HTC,"One M8 ",Amber Gold,2,16,True,4.40,59900.00,59900.00,"HTC One M8 ",0.00,0.00,Android,723,6.70,2877,282
713,SAMSUNG,"Galaxy M10S ",Stainless Black,3,32,True,4.40,9100.00,10000.00,"SAMSUNG Galaxy M10S ",900.00,9.00,Android,83,5.10,3428,66
714,Lenovo,"S560 ",Deep Black,1,8,True,4.10,19999.00,19999.00,"Lenovo S560 ",0.00,0.00,Android,206,4.50,5301,136
715,OPPO,A83,Champagne,2,16,True,4.20,11000.00,11000.00,OPPO A83,0.00,0.00,Android,250,4.70,4340,111
716,Motorola,"Razr ",Black,6,128,True,3.80,74999.00,149999.00,"Motorola Razr ",75000.00,50.00,Android,573,6.10,3419,17
717,vivo,"Y33s ",Mirror Black,3,64,True,4.40,39990.00,46990.00,"vivo Y33s ",7000.00,14.90,Android,914,4.60,3360,352
718,SAMSUNG,"Galaxy A12 ",Blue,6,128,True,3.90,15271.00,15271.00,"SAMSUNG Galaxy A12 ",0.00,0.00,Android,70,6.40,2130,6
719,SAMSUNG,"Galaxy A72 ",Awesome White,8,128,True,4.30,34999.00,41999.00,"SAMSUNG Galaxy A72 ",7000.00,16.67,Android,776,6.50,2366,3
720,Nokia,2.3,Cyan Green,2,32,True,4.00,9999.00,9999.00,Nokia 2.3,0.00,0.00,Android,836,5.90,5167,248
721,Infinix,Hot S3X,Tradew Grey,3,32,True,4.20,10999.00,10999.00,Infinix Hot S3X,0.00,0.00,Android,394,6.10,5752,177
722,Apple,"iPhone 12 Mini ",Green,4,128,True,4.50,61999.00,64900.00,"Apple iPhone 12 Mini ",2901.00,4.47,IOS,751,6.30,5439,139
723,OPPO,Reno 10x Zoom,Jet Black,6,128,True,4.50,38990.00,41990.00,OPPO Reno 10x Zoom,3000.00,7.14,Android,998,6.10,5500,725
724,GIONEE,"V4S ",Black,1,8,True,3.50,3499.00,3499.00,"GIONEE V4S ",0.00,0.00,Android,340,6.50,4830,81
725,Motorola,Z2 Force,Super Black,6,64,True,4.10,14999.00,44999.00,Motorola Z2 Force,30000.00,66.67,Android,443,7.00,4665,248
726,SAMSUNG,"Galaxy J7 Prime ",Gold,3,32,True,4.20,16879.00,16879.00,"SAMSUNG Galaxy J7 Prime ",0.00,0.00,Android,998,5.90,5525,707
727,SAMSUNG,"Galaxy J2 2018 ",Pink,2,16,True,4.30,6799.00,6799.00,"SAMSUNG Galaxy J2 2018 ",0.00,0.00,Android,374,6.40,3347,121
728,SAMSUNG,"Galaxy J8 ",Gold,4,64,True,4.40,19500.00,19500.00,"SAMSUNG Galaxy J8 ",0.00,0.00,Android,862,5.00,2011,275
729,realme,3,Dynamic Black,3,64,True,4.50,9499.00,11999.00,realme 3,2500.00,20.84,Android,319,5.00,4667,232
730,POCO,M2 Pro,Out of Blue,6,64,True,4.40,14999.00,19999.00,POCO M2 Pro,5000.00,25.00,Android,590,4.80,5098,251
731,realme,3,Black,4,64,True,4.40,10499.00,12999.00,realme 3,2500.00,19.23,Android,22,6.10,3179,6
732,SAMSUNG,"Galaxy J8 ",Black,4,64,True,4.40,19500.00,19500.00,"SAMSUNG Galaxy J8 ",0.00,0.00,Android,690,5.70,5135,173
733,SAMSUNG,"Galaxy S9 Plus ",Coral Blue,6,128,True,4.50,68900.00,68900.00,"SAMSUNG Galaxy S9 Plus ",0.00,0.00,Android,533,7.00,3347,155
734,Apple,"iPhone 13 Pro ",Graphite,6,0,True,0.00,169900.00,169900.00,"Apple iPhone 13 Pro ",0.00,0.00,IOS,840,6.50,3492,156
735,Nokia,2.2,Black,2,16,True,4.00,8599.00,8599.00,Nokia 2.2,0.00,0.00,Android,714,6.50,3381,325
736,SAMSUNG,"Galaxy S10 Lite ",Prism Blue,8,512,True,4.50,45999.00,51000.00,"SAMSUNG Galaxy S10 Lite ",5001.00,9.81,Android,263,6.30,3037,190
737,ASUS,"ZenFone 5Z ",Midnight Blue,8,256,True,4.50,43999.00,43999.00,"ASUS ZenFone 5Z ",0.00,0.00,Android,433,6.50,4168,139
738,Lenovo,"P770 ",Grey,1,4,True,4.30,12899.00,12899.00,"Lenovo P770 ",0.00,0.00,Android,179,5.40,3968,104
739,Nokia,"5.1 Plus ",Blue,6,64,True,3.70,9900.00,15990.00,"Nokia 5.1 Plus ",6090.00,38.09,Android,353,5.10,3797,210
740,Nokia,XR 20,"Grey ",6,128,True,4.30,46988.00,46988.00,Nokia XR 20,0.00,0.00,Android,399,5.30,3815,347
741,SAMSUNG,"Galaxy S5 ",Copper Gold,2,16,True,3.90,21999.00,21999.00,"SAMSUNG Galaxy S5 ",0.00,0.00,Android,956,5.30,2464,471
742,Apple,"iPhone 11 Pro Max ",Gold,4,64,True,4.70,117100.00,117100.00,"Apple iPhone 11 Pro Max ",0.00,0.00,IOS,825,5.90,5724,165
743,SAMSUNG,"M02s ",Black,4,64,True,4.10,11499.00,11499.00,"SAMSUNG M02s ",0.00,0.00,Android,859,6.70,5891,725
744,Motorola,G5s,Lunar Gray,4,32,True,4.10,7350.00,7350.00,Motorola G5s,0.00,0.00,Android,20,5.50,5200,11
745,Apple,"iPhone 13 Mini ",Pink,4,128,True,0.00,69900.00,69900.00,"Apple iPhone 13 Mini ",0.00,0.00,IOS,914,5.70,3965,185
746,OPPO,F7,Black,4,64,True,4.40,22990.00,22990.00,OPPO F7,0.00,0.00,Android,382,6.60,5802,208
747,OPPO,A53s 5G,Crystal Blue,6,128,True,4.30,15990.00,16990.00,OPPO A53s 5G,1000.00,5.89,Android,203,6.70,2870,31
748,POCO,C31,Royal Blue,3,32,True,4.40,7999.00,10999.00,POCO C31,3000.00,27.28,Android,316,5.90,5115,13
749,ASUS,"Zenfone C ",Black,1,8,True,3.80,6299.00,6299.00,"ASUS Zenfone C ",0.00,0.00,Android,564,4.70,3721,146
750,Nokia,5.4,Dusk,4,64,True,3.90,12999.00,16799.00,Nokia 5.4,3800.00,22.62,Android,875,6.30,3552,119
751,Nokia,3.2,Steel,3,32,True,4.10,12399.00,12399.00,Nokia 3.2,0.00,0.00,Android,839,5.10,4941,636
752,Nokia,3,Tempered Blue,2,16,True,3.90,10899.00,10899.00,Nokia 3,0.00,0.00,Android,553,4.80,3866,514
753,SAMSUNG,"Galaxy S21 Ultra ",Phantom Black,12,256,True,4.50,105999.00,128999.00,"SAMSUNG Galaxy S21 Ultra ",23000.00,17.83,Android,414,6.30,3374,189
754,realme,"6 Pro ",Lightning Blue,6,128,True,4.40,18999.00,18999.00,"realme 6 Pro ",0.00,0.00,Android,232,4.80,4726,11
755,realme,9i,Prism Blue,4,64,True,4.50,13999.00,15999.00,realme 9i,2000.00,12.50,Android,213,5.70,2444,187
756,SAMSUNG,M52 5G,Sky Blue,8,128,True,4.20,20350.00,22595.00,SAMSUNG M52 5G,2245.00,9.94,Android,773,5.70,3953,370
757,SAMSUNG,"Galaxy M02 ",Blue,2,32,True,4.00,8299.00,8499.00,"SAMSUNG Galaxy M02 ",200.00,2.35,Android,22,5.90,2981,15
758,Infinix,Note 11S,Symphony Cyan,6,64,True,4.30,13999.00,16999.00,Infinix Note 11S,3000.00,17.65,Android,553,6.10,2277,185
759,vivo,"Y30 ",Emerald Black,8,128,True,4.40,13990.00,18990.00,"vivo Y30 ",5000.00,26.33,Android,463,6.30,3471,278
760,Lenovo,"A6 Note ",Blue,3,32,True,4.20,9999.00,9999.00,"Lenovo A6 Note ",0.00,0.00,Android,179,6.80,4469,68
761,realme,"C25s ",Watery Grey,4,64,True,4.40,10999.00,10999.00,"realme C25s ",0.00,0.00,Android,398,6.10,2656,228
762,realme,1,Moonlight Silver,6,128,True,4.30,10990.00,14990.00,realme 1,4000.00,26.68,Android,327,5.20,4568,326
763,realme,"Narzo 30A ",Laser Black,4,0,True,4.30,10499.00,10999.00,"realme Narzo 30A ",500.00,4.55,Android,381,4.90,4051,321
764,Nokia,8,Polished Blue,4,64,True,4.00,36999.00,36999.00,Nokia 8,0.00,0.00,Android,835,6.10,3602,504
765,SAMSUNG,"Galaxy Z Fold3 5G ",Phantom Silver,12,256,True,4.40,149999.00,171999.00,"SAMSUNG Galaxy Z Fold3 5G ",22000.00,12.79,Android,324,5.20,4228,142
766,Infinix,Smart 2,Serene Gold,3,32,True,4.10,7946.00,7999.00,Infinix Smart 2,53.00,0.66,Android,914,6.70,5724,681
767,SAMSUNG,"Galaxy A8 Star ",Black,6,64,True,4.30,16989.00,37990.00,"SAMSUNG Galaxy A8 Star ",21001.00,55.28,Android,137,7.00,3242,126
768,realme,"C25Y ",Metal Grey,4,64,True,4.50,10999.00,12999.00,"realme C25Y ",2000.00,15.39,Android,949,6.70,4697,573
769,realme,"8s 5G ",Universe Purple,6,128,True,4.50,17999.00,20999.00,"realme 8s 5G ",3000.00,14.29,Android,721,4.50,5297,413
770,SAMSUNG,Guru Music 2,Black,0,0,True,4.30,1625.00,1625.00,SAMSUNG Guru Music 2,0.00,0.00,Android,184,6.80,5944,97
771,realme,1,Diamond Black,6,0,True,4.30,10999.00,14990.00,realme 1,3991.00,26.62,Android,487,5.10,4273,332
772,Apple,iPhone 13 Pro Max,Alpine Green,4,512,True,4.70,159900.00,159900.00,Apple iPhone 13 Pro Max,0.00,0.00,IOS,301,5.20,2810,191
773,Xiaomi,11i 5G,Stealth Black,8,128,True,4.30,28999.00,33999.00,Xiaomi 11i 5G,5000.00,14.71,Android,550,6.70,3233,9
774,SAMSUNG,Metro 313,Black,0,0,True,4.10,2200.00,2200.00,SAMSUNG Metro 313,0.00,0.00,Android,446,4.80,4552,172
775,SAMSUNG,"Galaxy A30s ",Prism Crush Black,4,64,True,4.30,18900.00,18900.00,"SAMSUNG Galaxy A30s ",0.00,0.00,Android,324,6.20,2936,178
776,Apple,"iPhone 12 Mini ",Blue,4,256,True,4.50,71999.00,84900.00,"Apple iPhone 12 Mini ",12901.00,15.20,IOS,525,6.40,2253,396
777,SAMSUNG,"Galaxy M02 ",Grey,3,32,True,4.00,8850.00,9998.00,"SAMSUNG Galaxy M02 ",1148.00,11.48,Android,1,5.10,3936,1
778,SAMSUNG,"Galaxy S10 Lite ",Prism Black,8,512,True,4.50,49999.00,49999.00,"SAMSUNG Galaxy S10 Lite ",0.00,0.00,Android,490,6.30,4928,391
779,OPPO,A31,Mystery Black,6,128,True,4.30,13799.00,13799.00,OPPO A31,0.00,0.00,Android,81,7.00,4659,41
780,Apple,"iPhone 7 ",Gold,2,32,True,4.50,24999.00,31500.00,"Apple iPhone 7 ",6501.00,20.64,IOS,213,4.50,2432,177
781,OPPO,F7,Black,6,128,True,4.50,27990.00,27990.00,OPPO F7,0.00,0.00,Android,593,6.20,2350,199
782,vivo,T1 5G,Rainbow Fantasy,8,128,True,0.00,19990.00,23990.00,vivo T1 5G,4000.00,16.67,Android,777,6.20,2100,616
783,LG,"G4 Stylus 4G LTE ",Titan,1,16,True,3.60,7000.00,14990.00,"LG G4 Stylus 4G LTE ",7990.00,53.30,Android,78,6.30,5429,61
784,SAMSUNG,"Galaxy J5 ",White,0,8,True,4.30,11390.00,11390.00,"SAMSUNG Galaxy J5 ",0.00,0.00,Android,99,4.60,4879,87
785,SAMSUNG,"Galaxy S3 Neo ",Marble White,0,16,True,4.30,13499.00,13500.00,"SAMSUNG Galaxy S3 Neo ",1.00,0.01,Android,897,6.30,3801,151
786,SAMSUNG,"Galaxy A31 ",Prism Crush Blue,6,128,True,4.30,16999.00,23999.00,"SAMSUNG Galaxy A31 ",7000.00,29.17,Android,574,4.60,2200,208
787,SAMSUNG,"Galaxy A3 ",Midnight Black,1,16,True,4.00,9999.00,9999.00,"SAMSUNG Galaxy A3 ",0.00,0.00,Android,667,6.80,2301,231
788,Google Pixel,3,Not Pink,4,64,True,4.50,71000.00,71000.00,Google Pixel 3,0.00,0.00,Android,809,4.80,4838,533
789,Infinix,Smart HD 2021,Quartz Green,2,32,True,4.30,7990.00,7990.00,Infinix Smart HD 2021,0.00,0.00,Android,449,6.40,2679,97
790,Motorola,C Plus,Fine Gold,2,16,True,4.20,6999.00,6999.00,Motorola C Plus,0.00,0.00,Android,332,5.80,5287,85
791,SAMSUNG,"Galaxy J6 ",Blue,4,64,True,4.50,9490.00,17108.00,"SAMSUNG Galaxy J6 ",7618.00,44.53,Android,186,5.20,4270,151
792,vivo,U10,Thunder Black,3,32,True,4.40,10990.00,10990.00,vivo U10,0.00,0.00,Android,601,4.60,3110,194
793,Nokia,225,Black,0,0,True,4.00,3499.00,3499.00,Nokia 225,0.00,0.00,Android,374,4.60,5119,293
794,Nokia,Asha 206,Black,0,0,True,3.80,4300.00,4300.00,Nokia Asha 206,0.00,0.00,Android,309,6.20,5061,17
795,Xiaomi,"Mi 11X ",Cosmic Black,6,128,True,4.40,24283.00,28700.00,"Xiaomi Mi 11X ",4417.00,15.39,Android,660,5.20,2079,278
796,Xiaomi,"Mi 11X ",Celestial Silver,6,128,True,4.20,24744.00,25990.00,"Xiaomi Mi 11X ",1246.00,4.79,Android,490,6.70,3177,94
797,SAMSUNG,Guru FM Plus,Black,0,0,True,4.20,1450.00,1450.00,SAMSUNG Guru FM Plus,0.00,0.00,Android,371,6.90,2269,242
798,vivo,"Y20G ",Purist Blue,2,32,True,4.20,49990.00,54990.00,"vivo Y20G ",5000.00,9.09,Android,632,6.10,5438,480
799,vivo,Y71i,Gold,2,16,True,4.30,8990.00,8990.00,vivo Y71i,0.00,0.00,Android,481,5.10,2202,59
800,POCO,"M3 ",Power Black,4,64,True,4.30,10999.00,11999.00,"POCO M3 ",1000.00,8.33,Android,976,6.70,5516,498
801,ASUS,"Zenfone Selfie ",Red,2,16,True,3.90,15999.00,15999.00,"ASUS Zenfone Selfie ",0.00,0.00,Android,243,6.70,5845,220
802,ASUS,"6Z ",Black,8,256,True,4.30,43999.00,43999.00,"ASUS 6Z ",0.00,0.00,Android,250,4.70,5248,56
803,Motorola,"G8 Power Lite ",Royal Blue,4,64,True,4.30,9999.00,9999.00,"Motorola G8 Power Lite ",0.00,0.00,Android,49,4.60,2496,22
804,Apple,iPhone 13 Pro Max,Sierra Blue,4,0,True,4.70,179900.00,179900.00,Apple iPhone 13 Pro Max,0.00,0.00,IOS,155,6.80,4595,25
805,SAMSUNG,"Galaxy On7 ",Gold,0,8,True,4.20,8490.00,8490.00,"SAMSUNG Galaxy On7 ",0.00,0.00,Android,14,6.80,4950,10
806,SAMSUNG,"Galaxy On Nxt ",Black,3,16,True,4.30,11200.00,11200.00,"SAMSUNG Galaxy On Nxt ",0.00,0.00,Android,708,4.90,4475,576
807,LG,"G4 ",Genuine Leather Brown,3,32,True,4.00,30600.00,30600.00,"LG G4 ",0.00,0.00,Android,690,5.50,3123,674
808,Nokia,3.2,Black,2,16,True,3.80,9999.00,9999.00,Nokia 3.2,0.00,0.00,Android,455,4.90,2466,381
809,Lenovo,"K6 Note ",Gold,3,32,True,4.10,6250.00,6250.00,"Lenovo K6 Note ",0.00,0.00,Android,682,5.00,3065,152
810,Motorola,"E7 Power ",Tahiti Blue,4,64,True,4.10,8799.00,11999.00,"Motorola E7 Power ",3200.00,26.67,Android,491,5.50,4947,217
811,GIONEE,"P5 Mini ",Red,1,8,True,3.80,3990.00,3990.00,"GIONEE P5 Mini ",0.00,0.00,Android,864,5.50,2939,477
812,Nokia,3.4,Fjord,4,64,True,3.90,11999.00,13999.00,Nokia 3.4,2000.00,14.29,Android,533,6.20,3210,466
813,Xiaomi,"Redmi Note 7 Pro ",Space Black,4,64,True,4.50,13499.00,14500.00,"Xiaomi Redmi Note 7 Pro ",1001.00,6.90,Android,299,4.70,5905,247
814,SAMSUNG,"Galaxy Note 8 ",Maple Gold,6,64,True,4.60,35990.00,74000.00,"SAMSUNG Galaxy Note 8 ",38010.00,51.36,Android,723,6.40,5493,293
815,POCO,"M3 Pro 5G ",Yellow,6,128,True,4.20,16499.00,17999.00,"POCO M3 Pro 5G ",1500.00,8.33,Android,899,5.30,4092,848
816,OPPO,F19 Pro+ 5G,Space Silver,8,128,True,4.30,25990.00,29990.00,OPPO F19 Pro+ 5G,4000.00,13.34,Android,182,5.80,5431,98
817,GIONEE,"Pioneer P4S ",Black,1,8,True,3.50,3999.00,3999.00,"GIONEE Pioneer P4S ",0.00,0.00,Android,653,5.30,5667,509
818,Apple,iPhone 13 Pro Max,Graphite,4,0,True,4.70,179900.00,179900.00,Apple iPhone 13 Pro Max,0.00,0.00,IOS,480,4.80,2213,106
819,Apple,"iPhone 7 Plus ",Black,3,128,True,4.50,42900.00,42900.00,"Apple iPhone 7 Plus ",0.00,0.00,IOS,889,6.70,5609,763
820,SAMSUNG,"Galaxy A12 ",Black,6,128,True,3.90,15843.00,17480.00,"SAMSUNG Galaxy A12 ",1637.00,9.36,Android,730,4.80,2392,608
821,vivo,"Y72 5G ",Prism Magic,4,64,True,4.40,19990.00,24990.00,"vivo Y72 5G ",5000.00,20.01,Android,1,5.70,3470,0
822,Motorola,"E7 Plus ",Twilight Orange,4,64,True,4.20,8999.00,12999.00,"Motorola E7 Plus ",4000.00,30.77,Android,164,6.00,5919,20
823,realme,"Narzo 50A ",Oxygen Green,4,128,True,4.30,12499.00,13999.00,"realme Narzo 50A ",1500.00,10.72,Android,549,5.70,2255,435
824,Apple,"iPhone 13 Pro ",Silver,6,256,True,0.00,129900.00,129900.00,"Apple iPhone 13 Pro ",0.00,0.00,IOS,988,5.60,3780,753
825,realme,8,Cyber Silver,6,128,True,4.30,16999.00,17999.00,realme 8,1000.00,5.56,Android,72,6.50,3831,57
826,HTC,One E9+,Gold and Silver,3,32,True,4.10,53900.00,53900.00,HTC One E9+,0.00,0.00,Android,236,4.90,3790,79
827,HTC,Desire 816G,Blue,1,16,True,4.00,21999.00,21999.00,HTC Desire 816G,0.00,0.00,Android,407,5.40,3454,69
828,SAMSUNG,"Galaxy S10 Lite ",Prism Black,8,128,True,4.50,40999.00,43999.00,"SAMSUNG Galaxy S10 Lite ",3000.00,6.82,Android,730,5.20,3414,195
829,SAMSUNG,"Galaxy On8 ",Blue,4,64,True,4.40,19990.00,19990.00,"SAMSUNG Galaxy On8 ",0.00,0.00,Android,853,5.90,5438,368
830,Apple,"iPhone 6s Plus ",Rose Gold,2,32,True,4.40,34900.00,34900.00,"Apple iPhone 6s Plus ",0.00,0.00,IOS,3,6.60,5515,1
831,GIONEE,"Marathon M5 Plus ",Polar Gold,3,64,True,4.10,8499.00,28099.00,"GIONEE Marathon M5 Plus ",19600.00,69.75,Android,385,6.60,3732,329
832,Xiaomi,"Mi A2 ",Gold,4,64,True,4.40,12499.00,12499.00,"Xiaomi Mi A2 ",0.00,0.00,Android,25,6.90,2422,7
833,Apple,"iPhone 7 ",Red,2,128,True,4.50,34900.00,34900.00,"Apple iPhone 7 ",0.00,0.00,IOS,897,6.90,5941,735
834,SAMSUNG,"Galaxy F02s ",Diamond Blue,4,64,True,4.20,10499.00,11499.00,"SAMSUNG Galaxy F02s ",1000.00,8.70,Android,876,5.90,2306,514
835,Xiaomi,"Redmi Note 9 Pro ",Champagne Gold,6,128,True,4.30,18499.00,18999.00,"Xiaomi Redmi Note 9 Pro ",500.00,2.63,Android,992,5.80,2933,589
836,Apple,iPhone 13 Pro Max,Gold,4,0,True,4.70,179900.00,179900.00,Apple iPhone 13 Pro Max,0.00,0.00,IOS,618,5.30,2396,191
837,SAMSUNG,"Z1 ",White,0,4,True,3.50,3990.00,3990.00,"SAMSUNG Z1 ",0.00,0.00,Android,739,5.60,3870,329
838,Apple,"iPhone 13 Pro ",Silver,6,0,True,0.00,169900.00,169900.00,"Apple iPhone 13 Pro ",0.00,0.00,IOS,441,6.80,2882,110
839,Xiaomi,"Mi A2 ",Gold,6,128,True,4.30,14398.00,14398.00,"Xiaomi Mi A2 ",0.00,0.00,Android,578,5.40,4591,368
840,SAMSUNG,"Galaxy A7 2016 Edition ",Gold,3,16,True,4.10,17490.00,17490.00,"SAMSUNG Galaxy A7 2016 Edition ",0.00,0.00,Android,118,6.10,4220,80
841,Xiaomi,"Redmi 7A ",Matte Gold,2,16,True,4.50,6499.00,6499.00,"Xiaomi Redmi 7A ",0.00,0.00,Android,869,5.60,3196,601
842,ASUS,"Zenfone Go 4.5 LTE ",Silver Blue,1,8,True,3.60,4890.00,4890.00,"ASUS Zenfone Go 4.5 LTE ",0.00,0.00,Android,569,6.10,4268,137
843,SAMSUNG,"Galaxy S6 ",Black Sapphire,3,32,True,4.00,33900.00,33900.00,"SAMSUNG Galaxy S6 ",0.00,0.00,Android,37,5.20,3416,26
844,OPPO,Reno 10x Zoom,Ocean Green,6,128,True,4.50,38990.00,41990.00,OPPO Reno 10x Zoom,3000.00,7.14,Android,657,5.60,2828,308
845,Xiaomi,"Redmi 7 ",Eclipse Black,2,32,True,4.30,9490.00,9490.00,"Xiaomi Redmi 7 ",0.00,0.00,Android,760,6.50,4932,299
846,Nokia,"Asha 502 ",Yellow,0,0,True,3.60,3799.00,3799.00,"Nokia Asha 502 ",0.00,0.00,Android,157,6.60,5387,100
847,OPPO,A83,Red,4,64,True,4.30,13990.00,13990.00,OPPO A83,0.00,0.00,Android,771,6.70,2093,424
848,SAMSUNG,"Galaxy A50 ",Black,4,64,True,4.30,21000.00,21000.00,"SAMSUNG Galaxy A50 ",0.00,0.00,Android,570,6.60,3144,542
849,GIONEE,"Max ",Red,2,32,True,4.10,6299.00,7990.00,"GIONEE Max ",1691.00,21.16,Android,103,4.50,4593,100
850,SAMSUNG,"Galaxy S6 Edge+ ",Silver Titanium,4,32,True,4.20,34999.00,34999.00,"SAMSUNG Galaxy S6 Edge+ ",0.00,0.00,Android,47,6.70,3442,4
851,OPPO,A5s,Blue,4,64,True,4.40,10990.00,15990.00,OPPO A5s,5000.00,31.27,Android,160,6.00,2469,152
852,LG,"W30 Pro ",Midnight Blue,4,64,True,3.80,13775.00,14500.00,"LG W30 Pro ",725.00,5.00,Android,132,6.00,5135,21
853,Motorola,"Razr 5G ",Polished Graphite,8,256,True,4.00,89999.00,149999.00,"Motorola Razr 5G ",60000.00,40.00,Android,220,5.30,3402,32
854,IQOO,3,Tornado Black,8,256,True,4.40,37990.00,40990.00,IQOO 3,3000.00,7.32,Android,424,6.70,2433,162
855,SAMSUNG,M52 5G,Icy Blue,6,128,True,4.30,25489.00,28449.00,SAMSUNG M52 5G,2960.00,10.40,Android,858,5.80,2828,719
856,SAMSUNG,"Galaxy A8 Star ",White,6,64,True,4.30,18990.00,18990.00,"SAMSUNG Galaxy A8 Star ",0.00,0.00,Android,889,5.30,3174,374
857,SAMSUNG,"Galaxy Note 20 Ultra 5G ",Mystic Black,12,256,True,4.50,91999.00,116000.00,"SAMSUNG Galaxy Note 20 Ultra 5G ",24001.00,20.69,Android,481,6.70,5656,65
858,realme,"Narzo 50i ",Mint Green,4,64,True,4.30,8999.00,9999.00,"realme Narzo 50i ",1000.00,10.00,Android,652,4.90,4510,381
859,GIONEE,"F205 Pro ",Champagne,2,16,True,4.10,6990.00,6990.00,"GIONEE F205 Pro ",0.00,0.00,Android,709,5.60,3401,625
860,Apple,"iPhone 6s Plus ",Gold,2,64,True,4.40,59999.00,59999.00,"Apple iPhone 6s Plus ",0.00,0.00,IOS,185,6.30,2953,172
861,SAMSUNG,"Galaxy S9 ",Midnight Black,4,128,True,4.40,61900.00,61900.00,"SAMSUNG Galaxy S9 ",0.00,0.00,Android,3,6.30,4733,1
862,SAMSUNG,"Galaxy Note 20 ",Mystic Bronze,8,256,True,4.30,77999.00,86000.00,"SAMSUNG Galaxy Note 20 ",8001.00,9.30,Android,956,7.00,5078,150
863,GIONEE,"S6 ",Gold,3,32,True,3.80,7999.00,20924.00,"GIONEE S6 ",12925.00,61.77,Android,71,4.80,5076,25
864,Xiaomi,"REDMI Note 10S ",Deep Sea Blue,6,128,True,4.30,17995.00,18950.00,"Xiaomi REDMI Note 10S ",955.00,5.04,Android,631,6.70,5677,30
865,vivo,"Y20G ",Obsidian Black,6,128,True,4.30,13400.00,13400.00,"vivo Y20G ",0.00,0.00,Android,937,5.30,5987,842
866,SAMSUNG,"Galaxy J6 ",Blue,3,32,True,4.40,12990.00,12990.00,"SAMSUNG Galaxy J6 ",0.00,0.00,Android,469,4.90,3868,88
867,POCO,F1,Rosso Red,6,128,True,4.50,24999.00,24999.00,POCO F1,0.00,0.00,Android,532,6.60,3172,179
868,SAMSUNG,Galaxy F23 5G,Forest Green,6,128,True,4.00,16999.00,23999.00,SAMSUNG Galaxy F23 5G,7000.00,29.17,Android,227,5.30,2059,172
869,vivo,"V20 2021 ",Sunset Melody,12,256,True,4.40,15490.00,19490.00,"vivo V20 2021 ",4000.00,20.52,Android,243,4.70,5252,59
870,GIONEE,"M7 Power ",Gold,4,64,True,4.10,15399.00,15399.00,"GIONEE M7 Power ",0.00,0.00,Android,350,5.70,3102,26
871,Nokia,"G20 ",Night,4,64,True,0.00,14490.00,14490.00,"Nokia G20 ",0.00,0.00,Android,365,5.30,5060,212
872,HTC,U11,Brilliant Black,6,128,True,4.60,53990.00,53990.00,HTC U11,0.00,0.00,Android,294,6.20,3167,93
873,ASUS,"ZenFone Max Pro M2 ",Titanium,6,64,True,4.30,19999.00,19999.00,"ASUS ZenFone Max Pro M2 ",0.00,0.00,Android,522,6.10,4043,500
874,Apple,"iPhone X ",Silver,3,256,True,4.60,106900.00,106900.00,"Apple iPhone X ",0.00,0.00,IOS,408,6.80,5805,378
875,SAMSUNG,"Galaxy A03s ",Black,3,32,True,4.00,11499.00,13499.00,"SAMSUNG Galaxy A03s ",2000.00,14.82,Android,630,5.90,2951,140
876,OPPO,Reno3 Pro,Sky White,8,256,True,4.40,27990.00,35990.00,OPPO Reno3 Pro,8000.00,22.23,Android,676,5.10,2449,243
877,Lenovo,"Vibe S1 ",Dark Blue,3,32,True,0.00,13490.00,13490.00,"Lenovo Vibe S1 ",0.00,0.00,Android,527,5.30,4635,390
878,Lenovo,"K8 Note ",Venom Black,3,32,True,4.10,7819.00,7819.00,"Lenovo K8 Note ",0.00,0.00,Android,743,5.30,5540,114
879,SAMSUNG,"Galaxy F41 ",Fusion Blue,6,64,True,4.30,15999.00,19999.00,"SAMSUNG Galaxy F41 ",4000.00,20.00,Android,897,6.20,2680,432
880,realme,"C25 ",Watery Grey,4,128,True,4.40,10999.00,11999.00,"realme C25 ",1000.00,8.33,Android,660,6.60,3316,460
881,Xiaomi,"Redmi 9A ",Sea Blue,3,32,True,4.10,8498.00,8525.00,"Xiaomi Redmi 9A ",27.00,0.32,Android,820,6.20,4063,431
882,Nokia,6.1,Gold,4,32,True,4.00,9500.00,9500.00,Nokia 6.1,0.00,0.00,Android,376,5.50,4311,70
883,OPPO,Reno 10x Zoom,Jet Black,8,256,True,4.40,41990.00,55990.00,OPPO Reno 10x Zoom,14000.00,25.00,Android,543,6.00,4041,296
884,Infinix,Hot 10S,Morandi Green,6,64,True,4.30,10999.00,13999.00,Infinix Hot 10S,3000.00,21.43,Android,641,6.40,5336,568
885,SAMSUNG,"Galaxy J6 Plus ",Red,4,64,True,4.30,13600.00,13600.00,"SAMSUNG Galaxy J6 Plus ",0.00,0.00,Android,300,5.80,2418,120
886,OPPO,F9 Pro,Starry purple,6,128,True,4.50,21990.00,27990.00,OPPO F9 Pro,6000.00,21.44,Android,744,4.80,5344,182
887,OPPO,A83 2018 Edition,Blue,4,64,True,4.30,15000.00,15000.00,OPPO A83 2018 Edition,0.00,0.00,Android,635,5.80,2882,431
888,LG,"Velvet ",AURORA SILVER,6,128,True,4.20,29999.00,29999.00,"LG Velvet ",0.00,0.00,Android,24,5.80,4275,1
889,Apple,"iPhone 6s ",Rose Gold,2,32,True,4.50,25299.00,29900.00,"Apple iPhone 6s ",4601.00,15.39,IOS,871,6.30,3809,868
890,Apple,"iPhone 12 ",White,4,256,True,4.60,78999.00,80900.00,"Apple iPhone 12 ",1901.00,2.35,IOS,592,4.60,2303,449
891,Nokia,6.1,Iron,3,32,True,4.20,17979.00,17979.00,Nokia 6.1,0.00,0.00,Android,95,6.60,5291,13
892,Nokia,"5.1 Plus ",White,3,32,True,4.30,13199.00,13199.00,"Nokia 5.1 Plus ",0.00,0.00,Android,805,4.50,3570,438
893,Google Pixel,"3 XL ",Not Pink,4,64,True,4.60,83000.00,83000.00,"Google Pixel 3 XL ",0.00,0.00,Android,94,6.10,3384,90
894,SAMSUNG,"Galaxy J4 Plus ",Black,2,32,True,4.30,9000.00,9000.00,"SAMSUNG Galaxy J4 Plus ",0.00,0.00,Android,811,6.50,3498,708
895,SAMSUNG,"Galaxy A51 ",Prism Crush Black,6,128,True,4.30,20999.00,25999.00,"SAMSUNG Galaxy A51 ",5000.00,19.23,Android,220,5.90,5749,198
896,OPPO,F11 Pro,Waterfall Grey,6,128,True,4.50,14990.00,29990.00,OPPO F11 Pro,15000.00,50.02,Android,391,4.90,2960,351
897,SAMSUNG,"Galaxy S21 Plus ",Phantom Black,8,256,True,4.40,75999.00,104999.00,"SAMSUNG Galaxy S21 Plus ",29000.00,27.62,Android,157,6.30,4081,40
898,Nokia,6.1,White,4,64,True,4.00,12499.00,16990.00,Nokia 6.1,4491.00,26.43,Android,916,4.50,4580,46
899,SAMSUNG,"Galaxy Star Advance ",White,0,4,True,3.80,5499.00,5499.00,"SAMSUNG Galaxy Star Advance ",0.00,0.00,Android,271,6.80,2951,111
900,OPPO,F9,Stellar Purple,4,64,True,4.50,17890.00,21990.00,OPPO F9,4100.00,18.64,Android,895,5.10,4332,776
901,GIONEE,"F205 ",Black and Gold,2,16,True,4.00,8479.00,8479.00,"GIONEE F205 ",0.00,0.00,Android,468,4.80,4529,450
902,GIONEE,"P5L ",Yellow,1,16,True,3.70,3990.00,7999.00,"GIONEE P5L ",4009.00,50.12,Android,672,4.50,3083,595
903,POCO,"M3 Pro 5G ",Cool Blue,6,128,True,4.20,16499.00,17999.00,"POCO M3 Pro 5G ",1500.00,8.33,Android,598,5.40,5124,412
904,Lenovo,"A6000 Plus ",Black,2,16,True,4.10,7499.00,7499.00,"Lenovo A6000 Plus ",0.00,0.00,Android,87,6.90,4405,56
905,Nokia,"C3 ",Nordic Blue,3,32,True,3.80,7499.00,9999.00,"Nokia C3 ",2500.00,25.00,Android,64,4.60,4975,39
906,LG,"Q6 ",Gold,3,32,True,4.00,16990.00,16990.00,"LG Q6 ",0.00,0.00,Android,293,6.10,2734,49
907,Apple,"iPhone 12 ",Black,4,128,True,4.60,68999.00,70900.00,"Apple iPhone 12 ",1901.00,2.68,IOS,449,4.70,4064,97
908,Apple,iPhone 13 Pro Max,Silver,4,0,True,4.70,179900.00,179900.00,Apple iPhone 13 Pro Max,0.00,0.00,IOS,755,5.60,4712,644
909,realme,"X2 ",Pearl Blue,8,256,True,4.50,24999.00,24999.00,"realme X2 ",0.00,0.00,Android,415,6.20,5198,297
910,SAMSUNG,"Galaxy Note 5 ",Silver Titanium,4,32,True,4.10,46300.00,46300.00,"SAMSUNG Galaxy Note 5 ",0.00,0.00,Android,326,6.80,4579,275
911,realme,"Narzo 30A ",Laser Blue,3,32,True,4.30,8999.00,9999.00,"realme Narzo 30A ",1000.00,10.00,Android,412,4.60,2107,311
912,ASUS,"Zenfone Live ",Pink,2,16,True,4.00,7999.00,7999.00,"ASUS Zenfone Live ",0.00,0.00,Android,159,6.40,5490,119
913,GIONEE,"Pioneer P3 ",White,0,4,True,3.60,2350.00,7996.00,"GIONEE Pioneer P3 ",5646.00,70.61,Android,945,5.20,3323,472
914,Lenovo,"Vibe K5 Plus ",Silver,3,16,True,4.00,8499.00,8499.00,"Lenovo Vibe K5 Plus ",0.00,0.00,Android,887,5.20,5907,752
915,Nokia,2.2,Steel,3,32,True,4.00,9599.00,9599.00,Nokia 2.2,0.00,0.00,Android,648,5.60,2889,493
916,Apple,"iPhone XS Max ",Space Grey,4,256,True,4.60,78999.00,124900.00,"Apple iPhone XS Max ",45901.00,36.75,IOS,131,4.80,3918,93
917,Xiaomi,"Redmi 6 Pro ",Red,3,32,True,4.50,9990.00,9990.00,"Xiaomi Redmi 6 Pro ",0.00,0.00,Android,307,4.80,5255,229
918,realme,"C11 ",Rich Grey,2,32,True,4.40,7499.00,8999.00,"realme C11 ",1500.00,16.67,Android,397,6.50,4205,178
919,Apple,"iPhone 12 Pro ",Graphite,6,512,True,4.60,139900.00,139900.00,"Apple iPhone 12 Pro ",0.00,0.00,IOS,184,5.60,4663,74
920,GIONEE,"Max Pro ",Red,3,32,True,3.80,7299.00,9999.00,"GIONEE Max Pro ",2700.00,27.00,Android,795,4.90,2121,260
921,vivo,V9 Youth,Black,4,32,True,4.40,19899.00,19990.00,vivo V9 Youth,91.00,0.46,Android,904,4.90,2425,767
922,SAMSUNG,"Galaxy M30 ",Gradation Black,4,64,True,4.40,13589.00,16490.00,"SAMSUNG Galaxy M30 ",2901.00,17.59,Android,756,6.90,3386,371
923,realme,3,Radiant Blue,3,64,True,4.50,9499.00,11999.00,realme 3,2500.00,20.84,Android,541,5.50,2427,389
924,Xiaomi,"Mi 11X Pro 5G ",Cosmic Black,8,128,True,4.40,39999.00,39999.00,"Xiaomi Mi 11X Pro 5G ",0.00,0.00,Android,536,5.10,2017,533
925,SAMSUNG,"Galaxy A70s ",Prism Crush Black,8,128,True,4.30,30500.00,33100.00,"SAMSUNG Galaxy A70s ",2600.00,7.85,Android,908,6.50,2690,236
926,Xiaomi,11 Lite NE,Jazz Blue,8,128,True,4.30,25684.00,25684.00,Xiaomi 11 Lite NE,0.00,0.00,Android,152,4.80,5966,22
927,Apple,"iPhone 7 Plus ",Rose Gold,3,256,True,4.50,85400.00,85400.00,"Apple iPhone 7 Plus ",0.00,0.00,IOS,246,6.80,2213,191
928,SAMSUNG,"Fold 2 5G ",Black,12,256,True,0.00,169999.00,169999.00,"SAMSUNG Fold 2 5G ",0.00,0.00,Android,491,4.90,3398,291
929,Apple,"iPhone XS ",Silver,4,64,True,4.70,62999.00,89900.00,"Apple iPhone XS ",26901.00,29.92,IOS,207,5.50,2347,162
930,Infinix,Note 10 Pro,Nordic Secret,8,256,True,4.20,16999.00,19999.00,Infinix Note 10 Pro,3000.00,15.00,Android,244,6.50,2766,189
931,Nokia,6.2,Black,4,64,True,4.20,12849.00,18999.00,Nokia 6.2,6150.00,32.37,Android,986,6.60,3324,854
932,HTC,"Wildfire X ",Blue,4,128,True,3.90,17999.00,17999.00,"HTC Wildfire X ",0.00,0.00,Android,583,4.90,3649,161
933,GIONEE,"F103 ",Pearl White,2,16,True,4.00,4489.00,9999.00,"GIONEE F103 ",5510.00,55.11,Android,575,5.30,3623,56
934,Apple,"iPhone 6s Plus ",Silver,2,32,True,4.40,34900.00,34900.00,"Apple iPhone 6s Plus ",0.00,0.00,IOS,368,4.80,4389,116
935,Motorola,"One Action ",Denim Blue,4,128,True,4.20,10999.00,16999.00,"Motorola One Action ",6000.00,35.30,Android,944,6.10,3279,246
936,vivo,"V7  ",Energetic Blue,4,32,True,4.40,15990.00,15990.00,"vivo V7  ",0.00,0.00,Android,115,6.00,3165,63
937,realme,"X3 SuperZoom ",Arctic White,8,256,True,4.30,29999.00,31999.00,"realme X3 SuperZoom ",2000.00,6.25,Android,938,4.50,5501,852
938,LG,"K-7 ",Titan,0,8,True,4.10,6590.00,6590.00,"LG K-7 ",0.00,0.00,Android,113,5.40,3697,103
939,LG,"W11 ",Black,3,32,True,4.00,7690.00,7799.00,"LG W11 ",109.00,1.40,Android,119,4.50,5978,72
940,SAMSUNG,"Galaxy A7 ",Black,6,128,True,4.40,24600.00,24600.00,"SAMSUNG Galaxy A7 ",0.00,0.00,Android,783,6.00,2971,421
941,Motorola,G7 Power,Ceramic Black,4,64,True,4.30,15999.00,15999.00,Motorola G7 Power,0.00,0.00,Android,666,6.30,2046,600
942,realme,"X2 ",Pearl Green,8,128,True,4.50,20999.00,20999.00,"realme X2 ",0.00,0.00,Android,60,5.70,3671,59
943,SAMSUNG,"Galaxy J2 Core ",Blue,1,8,True,4.20,6500.00,6500.00,"SAMSUNG Galaxy J2 Core ",0.00,0.00,Android,929,5.30,5912,657
944,Nokia,6.1,Gold,4,64,True,4.00,18300.00,18300.00,Nokia 6.1,0.00,0.00,Android,451,5.90,3617,215
945,GIONEE,"S6 ",Rose Gold,3,32,True,3.80,6600.00,6600.00,"GIONEE S6 ",0.00,0.00,Android,384,4.90,3503,24
946,POCO,"M2  ",Brick Red,6,64,True,4.40,10499.00,12999.00,"POCO M2  ",2500.00,19.23,Android,460,6.70,4994,396
947,HTC,"Desire 816  ","White  ",0,8,True,4.10,27390.00,27390.00,"HTC Desire 816  ",0.00,0.00,Android,930,5.70,4190,726
948,Nokia,6310,Black,0,0,True,0.00,4189.00,4189.00,Nokia 6310,0.00,0.00,Android,118,5.70,2166,100
949,Nokia,105,Black,0,0,True,4.10,1344.00,1344.00,Nokia 105,0.00,0.00,Android,530,6.20,4930,518
950,Xiaomi,"Mi 10T ",Cosmic Black,6,128,True,4.20,32999.00,39999.00,"Xiaomi Mi 10T ",7000.00,17.50,Android,552,6.80,4939,392
951,realme,"X3 SuperZoom ",Arctic White,12,256,True,4.20,32999.00,34999.00,"realme X3 SuperZoom ",2000.00,5.71,Android,110,4.70,5961,53
952,Nokia,"7 Plus ",White & Copper,4,64,True,4.30,15999.00,15999.00,"Nokia 7 Plus ",0.00,0.00,Android,49,6.50,2055,44
953,ASUS,"Zenfone Selfie ",Grey,3,32,True,4.00,17999.00,17999.00,"ASUS Zenfone Selfie ",0.00,0.00,Android,93,6.60,5613,30
954,realme,"5 Pro ",Sparkling Blue,8,128,True,4.50,16999.00,17999.00,"realme 5 Pro ",1000.00,5.56,Android,171,4.80,3431,128
955,Apple,"iPhone 6 ",Space Grey,1,64,True,4.40,44999.00,44999.00,"Apple iPhone 6 ",0.00,0.00,IOS,112,5.40,5799,33
956,Xiaomi,"Mi 10i ",Midnight Black,6,128,True,4.30,22950.00,24198.00,"Xiaomi Mi 10i ",1248.00,5.16,Android,666,6.70,4839,298
957,realme,C35,Glowing Black,4,128,True,4.50,12999.00,14999.00,realme C35,2000.00,13.33,Android,782,5.10,2491,30
958,SAMSUNG,"Galaxy A8 ",White,2,32,True,4.20,33500.00,33500.00,"SAMSUNG Galaxy A8 ",0.00,0.00,Android,150,5.70,4903,100
959,Xiaomi,"Mi 10 ",Coral Green,8,256,True,4.20,54999.00,59999.00,"Xiaomi Mi 10 ",5000.00,8.33,Android,202,6.60,3705,72
960,GIONEE,"Marathon M5 lite CDMA ",Gold,3,32,True,3.90,13649.00,13649.00,"GIONEE Marathon M5 lite CDMA ",0.00,0.00,Android,351,5.90,4071,5
961,HTC,Desire 630,Sprinkle White,2,16,True,3.80,12570.00,12570.00,HTC Desire 630,0.00,0.00,Android,53,6.50,2547,26
962,realme,"C12 ",Power Silver,3,32,True,4.40,8999.00,10999.00,"realme C12 ",2000.00,18.18,Android,32,6.50,4814,9
963,Infinix,Smart 3 Plus,Mocha Brown,2,32,True,4.20,7999.00,7999.00,Infinix Smart 3 Plus,0.00,0.00,Android,330,5.20,3417,184
964,Nokia,"C3 ",Sand,2,16,True,3.70,7299.00,7299.00,"Nokia C3 ",0.00,0.00,Android,739,6.20,2815,444
965,Nokia,6.1,White,4,32,True,4.00,17000.00,17000.00,Nokia 6.1,0.00,0.00,Android,605,6.10,2417,116
966,Google Pixel,"3 XL ",Clearly White,4,128,True,4.60,92000.00,92000.00,"Google Pixel 3 XL ",0.00,0.00,Android,918,4.80,3236,310
967,Apple,"iPhone 7 Plus ",Gold,3,32,True,4.50,36999.00,37900.00,"Apple iPhone 7 Plus ",901.00,2.38,IOS,304,4.90,2531,258
968,Xiaomi,"REDMI 9 Power ",Blazing Blue,6,128,True,4.20,13499.00,16999.00,"Xiaomi REDMI 9 Power ",3500.00,20.59,Android,23,5.40,2036,3
969,SAMSUNG,"Galaxy Core ",Chic White,1,8,True,4.00,14700.00,14700.00,"SAMSUNG Galaxy Core ",0.00,0.00,Android,932,5.30,5400,215
970,LG,"Stylus 2 ",Brown,2,16,True,4.10,9999.00,9999.00,"LG Stylus 2 ",0.00,0.00,Android,923,4.70,2334,905
971,GIONEE,"P5L ",Gold,1,16,True,3.70,4290.00,4290.00,"GIONEE P5L ",0.00,0.00,Android,177,4.60,3377,35
972,OPPO,A71k,Blue,3,16,True,4.40,10990.00,10990.00,OPPO A71k,0.00,0.00,Android,308,6.80,3444,62
973,realme,"GT 5G ",Dashing Blue,8,128,True,4.30,37999.00,40999.00,"realme GT 5G ",3000.00,7.32,Android,480,6.20,2120,395
974,Motorola,G5,Lunar Grey,3,16,True,4.20,5450.00,5450.00,Motorola G5,0.00,0.00,Android,524,5.30,5164,275
975,SAMSUNG,"Galaxy Star 2 ",White,0,4,True,3.90,4890.00,4890.00,"SAMSUNG Galaxy Star 2 ",0.00,0.00,Android,796,6.70,5030,100
976,Infinix,Note 5,Milan Black,4,64,True,4.20,12999.00,12999.00,Infinix Note 5,0.00,0.00,Android,167,6.40,4674,77
977,Infinix,Smart 5A,Quetzal Cyan,2,32,True,4.40,7199.00,7999.00,Infinix Smart 5A,800.00,10.00,Android,223,5.90,4817,45
978,Apple,"iPhone 11 Pro Max ",Gold,4,256,True,4.70,131900.00,131900.00,"Apple iPhone 11 Pro Max ",0.00,0.00,IOS,9,6.70,2338,8
979,SAMSUNG,"Galaxy S21 ",Phantom White,8,128,True,4.30,69999.00,83999.00,"SAMSUNG Galaxy S21 ",14000.00,16.67,Android,733,4.90,5209,71
980,Infinix,Note 10,Emerald Green,6,128,True,4.20,12499.00,14999.00,Infinix Note 10,2500.00,16.67,Android,360,6.00,2939,232
981,OPPO,F19 Pro,Crystal Silver,8,128,True,4.30,21990.00,23990.00,OPPO F19 Pro,2000.00,8.34,Android,4,5.10,4182,4
982,SAMSUNG,"Galaxy Core 2 ",Black,0,4,True,3.90,5920.00,5920.00,"SAMSUNG Galaxy Core 2 ",0.00,0.00,Android,121,6.90,5504,22
983,GIONEE,L700,Black,0,0,True,3.90,1099.00,1099.00,GIONEE L700,0.00,0.00,Android,64,6.80,2255,2
984,Infinix,Hot S3,Sandstone Black,4,64,True,4.10,11999.00,11999.00,Infinix Hot S3,0.00,0.00,Android,149,6.80,5943,3
985,realme,"C15 Qualcomm Edition ",Power Silver,4,64,True,4.40,12999.00,12999.00,"realme C15 Qualcomm Edition ",0.00,0.00,Android,244,4.50,5958,104
986,Motorola,"G6 Plus ",Indigo Black,6,64,True,4.30,11829.00,11829.00,"Motorola G6 Plus ",0.00,0.00,Android,761,6.40,3328,250
987,OPPO,A37f,Black,2,16,True,4.20,9990.00,9990.00,OPPO A37f,0.00,0.00,Android,674,6.90,2518,597
988,Xiaomi,"Redmi Note 7 Pro ",Nebula Red,4,64,True,4.30,14999.00,14999.00,"Xiaomi Redmi Note 7 Pro ",0.00,0.00,Android,159,5.00,4704,54
989,SAMSUNG,"Galaxy E5 ",White,0,16,True,4.20,8490.00,8490.00,"SAMSUNG Galaxy E5 ",0.00,0.00,Android,635,6.60,5209,525
990,vivo,"V21e ",Dark Pearl,6,64,True,4.50,19990.00,24990.00,"vivo V21e ",5000.00,20.01,Android,367,6.30,5160,29
991,realme,"8 5G ",Supersonic Blue,4,128,True,4.30,16499.00,16999.00,"realme 8 5G ",500.00,2.94,Android,429,6.50,4457,415
992,Xiaomi,"Redmi Y2 ",Blue,4,64,True,4.30,10999.00,10999.00,"Xiaomi Redmi Y2 ",0.00,0.00,Android,17,5.30,2578,5
993,Apple,"iPhone 12 ",Green,4,64,True,4.60,63999.00,65900.00,"Apple iPhone 12 ",1901.00,2.88,IOS,234,6.30,4895,95
994,Infinix,Hot 10S,Purple,6,64,True,4.30,10999.00,13999.00,Infinix Hot 10S,3000.00,21.43,Android,480,4.70,2021,235
995,Infinix,Note 5 Stylus,"Bordeaux Red ",4,64,True,3.90,16999.00,16999.00,Infinix Note 5 Stylus,0.00,0.00,Android,536,6.30,2325,55
996,SAMSUNG,"Galaxy Note 3 ",Classic White,3,32,True,4.20,50650.00,50650.00,"SAMSUNG Galaxy Note 3 ",0.00,0.00,Android,122,4.70,4906,26
997,realme,"C15 Qualcomm Edition ",Power Blue,4,64,True,4.40,12999.00,12999.00,"realme C15 Qualcomm Edition ",0.00,0.00,Android,434,5.40,2402,374
998,Apple,"iPhone SE ",Red,2,256,True,4.50,54900.00,54900.00,"Apple iPhone SE ",0.00,0.00,IOS,564,6.30,5226,506
999,realme,"Narzo 10A ",So Blue,3,32,True,4.50,8999.00,9999.00,"realme Narzo 10A ",1000.00,10.00,Android,180,6.00,2200,178
1000,ASUS,"Zenfone Go ",Gold,1,8,True,3.80,4649.00,4649.00,"ASUS Zenfone Go ",0.00,0.00,Android,916,6.70,3660,179
1001,OPPO,Reno3 Pro,Auroral Blue,8,128,True,4.40,24989.00,24989.00,OPPO Reno3 Pro,0.00,0.00,Android,739,5.00,3813,697
1002,Nokia,7.1,Blue,4,64,True,4.10,11199.00,11199.00,Nokia 7.1,0.00,0.00,Android,488,4.60,3680,202
1003,Nokia,2.1,Blue & Silver,1,8,True,4.00,7712.00,7712.00,Nokia 2.1,0.00,0.00,Android,120,6.40,5061,12
1004,realme,"X ",Space Blue,4,128,True,4.50,17999.00,17999.00,"realme X ",0.00,0.00,Android,739,6.20,2725,203
1005,Lenovo,"Vibe K5 Plus ",Silver,2,16,True,4.00,8499.00,8499.00,"Lenovo Vibe K5 Plus ",0.00,0.00,Android,951,5.40,2250,112
1006,Apple,"iPhone XS Max ",Gold,4,512,True,4.60,144900.00,144900.00,"Apple iPhone XS Max ",0.00,0.00,IOS,123,5.40,2934,16
1007,SAMSUNG,"Galaxy J7 Duo ",Blue,4,32,True,4.30,17990.00,17990.00,"SAMSUNG Galaxy J7 Duo ",0.00,0.00,Android,622,6.90,5529,2
1008,SAMSUNG,"Galaxy M20 ",Ocean Blue,3,32,True,4.30,10990.00,11290.00,"SAMSUNG Galaxy M20 ",300.00,2.66,Android,97,4.80,4391,17
1009,HTC,Desire 820,Santorini White,2,16,True,4.00,25999.00,25999.00,HTC Desire 820,0.00,0.00,Android,640,5.30,4714,434
1010,vivo,"X60 ",Midnight Black,8,128,True,4.30,13990.00,16990.00,"vivo X60 ",3000.00,17.66,Android,708,6.60,3872,502
1011,Xiaomi,"Redmi Note 7S ",Sapphire Blue,4,64,True,4.30,13500.00,13500.00,"Xiaomi Redmi Note 7S ",0.00,0.00,Android,858,6.50,3068,620
1012,Nokia,3.1,Black,2,16,True,3.90,10000.00,10000.00,Nokia 3.1,0.00,0.00,Android,737,6.50,2181,653
1013,realme,"C2 ",Diamond Blue,2,16,True,4.40,6499.00,6999.00,"realme C2 ",500.00,7.14,Android,14,5.60,2744,10
1014,Nokia,"Asha 503 ",White,0,0,True,3.80,7399.00,7399.00,"Nokia Asha 503 ",0.00,0.00,Android,700,6.10,3378,412
1015,Apple,"iPhone XR ",Blue,3,64,True,4.60,42999.00,47900.00,"Apple iPhone XR ",4901.00,10.23,IOS,634,4.60,2122,160
1016,realme,"X7 5G ",Space Silver,6,128,True,4.30,19999.00,21999.00,"realme X7 5G ",2000.00,9.09,Android,701,6.50,2676,559
1017,Apple,"iPhone 13 Pro ",Sierra Blue,6,256,True,0.00,129900.00,129900.00,"Apple iPhone 13 Pro ",0.00,0.00,IOS,792,6.80,4256,383
1018,SAMSUNG,"Galaxy A7 2016 Edition ",Gold,3,16,True,4.10,17490.00,17490.00,"SAMSUNG Galaxy A7 2016 Edition ",0.00,0.00,Android,485,6.60,3125,350
1019,SAMSUNG,Guru Music 2,Black,0,0,True,4.30,1450.00,1450.00,SAMSUNG Guru Music 2,0.00,0.00,Android,319,4.80,5293,296
1020,Nokia,3.1,Black,3,32,True,4.00,6990.00,6990.00,Nokia 3.1,0.00,0.00,Android,424,5.30,3753,297
1021,SAMSUNG,"Galaxy F42 5G ",Matte Aqua,6,128,True,4.10,20999.00,23999.00,"SAMSUNG Galaxy F42 5G ",3000.00,12.50,Android,135,5.80,4526,52
1022,SAMSUNG,"Galaxy M10 ",Ocean Blue,2,16,True,4.30,8190.00,8190.00,"SAMSUNG Galaxy M10 ",0.00,0.00,Android,709,6.50,5505,703
1023,LG,"Velvet Dual Screen ",Aurora Silver,6,128,True,4.40,44990.00,55000.00,"LG Velvet Dual Screen ",10010.00,18.20,Android,145,4.70,2861,2
1024,Nokia,1,Warm Red,1,8,True,3.90,4672.00,4672.00,Nokia 1,0.00,0.00,Android,380,5.10,4771,284
1025,Apple,"iPhone 6s Plus ",Space Grey,2,32,True,4.40,34900.00,34900.00,"Apple iPhone 6s Plus ",0.00,0.00,IOS,521,6.90,3869,443
1026,SAMSUNG,"Galaxy M11 ",Metallic Blue,4,64,True,4.30,12499.00,12800.00,"SAMSUNG Galaxy M11 ",301.00,2.35,Android,98,6.30,5398,6
1027,SAMSUNG,M52 5G,Blazing Black,8,128,True,4.30,27839.00,31889.00,SAMSUNG M52 5G,4050.00,12.70,Android,157,5.40,2692,48
1028,OPPO,A83,Red,2,16,True,4.20,9990.00,9990.00,OPPO A83,0.00,0.00,Android,360,6.70,4084,104
1029,Apple,"iPhone 7 ",Black,2,128,True,4.50,34900.00,34900.00,"Apple iPhone 7 ",0.00,0.00,IOS,725,6.90,5808,375
1030,Xiaomi,11 Lite NE,Jazz Blue,6,128,True,4.30,23990.00,23990.00,Xiaomi 11 Lite NE,0.00,0.00,Android,870,6.50,3176,623
1031,SAMSUNG,Galaxy S21 SE 5G,Graphite,8,128,True,4.30,54990.00,54990.00,SAMSUNG Galaxy S21 SE 5G,0.00,0.00,Android,442,5.70,2945,95
1032,SAMSUNG,Guru GT,Black,0,0,True,4.10,1549.00,1549.00,SAMSUNG Guru GT,0.00,0.00,Android,698,6.80,2234,385
1033,ASUS,"ZenFone Max M1 ",Black,4,64,True,4.00,9599.00,9599.00,"ASUS ZenFone Max M1 ",0.00,0.00,Android,330,6.40,3219,244
1034,realme,"C25s ",Watery Grey,4,128,True,4.40,11999.00,11999.00,"realme C25s ",0.00,0.00,Android,67,6.30,4043,44
1035,realme,2,Diamond Black,3,0,True,4.50,9990.00,9990.00,realme 2,0.00,0.00,Android,669,5.80,5184,357
1036,Apple,"iPhone 8 Plus ",Silver,3,64,True,4.60,49900.00,49900.00,"Apple iPhone 8 Plus ",0.00,0.00,IOS,117,5.10,5087,98
1037,realme,"Narzo 50i ",Carbon Black,2,32,True,4.30,7499.00,7999.00,"realme Narzo 50i ",500.00,6.25,Android,314,4.90,2941,98
1038,vivo,Y33T,Midday Dream,8,128,True,3.90,18990.00,22990.00,vivo Y33T,4000.00,17.40,Android,21,5.20,2944,19
1039,SAMSUNG,"Galaxy M12 ",Black,6,128,True,4.20,13984.00,15499.00,"SAMSUNG Galaxy M12 ",1515.00,9.77,Android,130,4.60,5893,6
1040,Apple,"iPhone SE ",White,2,128,True,4.50,44900.00,44900.00,"Apple iPhone SE ",0.00,0.00,IOS,468,5.70,5571,138
1041,Motorola,E6s,Rich Cranberry,4,64,True,4.10,7999.00,9999.00,Motorola E6s,2000.00,20.00,Android,138,4.90,3718,62
1042,realme,X7 Max,Milkyway Grey,12,256,True,4.30,29999.00,32999.00,realme X7 Max,3000.00,9.09,Android,813,5.50,5311,270
1043,realme,"C2 ",Diamond Black,2,32,True,4.40,6999.00,7999.00,"realme C2 ",1000.00,12.50,Android,778,5.80,4322,242
1044,SAMSUNG,"Galaxy A52 ",Awesome Black,6,128,True,4.30,27499.00,30499.00,"SAMSUNG Galaxy A52 ",3000.00,9.84,Android,183,5.80,3340,176
1045,ASUS,"Zenfone Zoom ",White,4,64,True,3.60,37999.00,37999.00,"ASUS Zenfone Zoom ",0.00,0.00,Android,82,5.30,3471,24
1046,Xiaomi,"Redmi 8 ",Onyx Black,4,64,True,4.30,10999.00,10999.00,"Xiaomi Redmi 8 ",0.00,0.00,Android,793,6.10,4440,322
1047,HTC,Desire 326G DS,White Birch,1,8,True,3.70,9590.00,9590.00,HTC Desire 326G DS,0.00,0.00,Android,204,4.90,3259,32
1048,SAMSUNG,"Galaxy A22 ",Mint,6,128,True,4.30,18499.00,20499.00,"SAMSUNG Galaxy A22 ",2000.00,9.76,Android,167,4.90,4681,95
1049,SAMSUNG,"Galaxy A32 ",Awesome Black,8,128,True,4.40,22930.00,26990.00,"SAMSUNG Galaxy A32 ",4060.00,15.04,Android,245,6.40,4696,184
1050,POCO,M2 Pro,Green and Greener,6,64,True,4.30,14999.00,16999.00,POCO M2 Pro,2000.00,11.77,Android,147,6.10,5133,36
1051,SAMSUNG,"Galaxy A20s ",Green,3,32,True,4.30,11599.00,12900.00,"SAMSUNG Galaxy A20s ",1301.00,10.09,Android,501,6.10,2471,55
1052,GIONEE,"M7 Power ",Black,4,64,True,4.10,7899.00,7899.00,"GIONEE M7 Power ",0.00,0.00,Android,635,5.90,2738,363
1053,realme,"Narzo 30 ",Racing Blue,6,128,True,4.30,15499.00,16999.00,"realme Narzo 30 ",1500.00,8.82,Android,281,6.70,3299,141
1054,SAMSUNG,"Galaxy A20 ",Red,3,32,True,4.30,12900.00,12900.00,"SAMSUNG Galaxy A20 ",0.00,0.00,Android,415,4.70,4106,177
1055,OPPO,A54,Crystal Black,6,128,True,4.30,16990.00,17990.00,OPPO A54,1000.00,5.56,Android,144,5.60,4485,95
1056,GIONEE,"Marathon M5 Lite ",Gold,3,32,True,3.80,5990.00,5990.00,"GIONEE Marathon M5 Lite ",0.00,0.00,Android,771,6.70,3796,59
1057,realme,1,Solar Red,6,128,True,4.30,12799.00,12799.00,realme 1,0.00,0.00,Android,820,4.80,4954,628
1058,Lenovo,"ZUK Z1 ",Space Grey,3,64,True,3.40,7499.00,13499.00,"Lenovo ZUK Z1 ",6000.00,44.45,Android,941,6.00,3994,568
1059,SAMSUNG,"Galaxy J7 - 6 New 2016 Edition) ",Gold,2,16,True,4.30,13800.00,13800.00,"SAMSUNG Galaxy J7 - 6 New 2016 Edition) ",0.00,0.00,Android,134,6.20,2087,75
1060,Motorola,"E 2nd Gen 3G ",White,1,8,True,4.10,5999.00,5999.00,"Motorola E 2nd Gen 3G ",0.00,0.00,Android,362,4.90,5927,143
1061,Apple,"iPhone X ",Silver,3,64,True,4.60,91900.00,91900.00,"Apple iPhone X ",0.00,0.00,IOS,878,5.90,5859,81
1062,SAMSUNG,"Galaxy A12 ",Black,4,64,True,4.20,15999.00,15999.00,"SAMSUNG Galaxy A12 ",0.00,0.00,Android,736,5.30,5753,392
1063,Lenovo,"A5000 ",White,1,8,True,4.00,9999.00,9999.00,"Lenovo A5000 ",0.00,0.00,Android,304,5.80,2628,154
1064,vivo,"Y73 ",Diamond Flare,3,64,True,4.40,28990.00,28990.00,"vivo Y73 ",0.00,0.00,Android,568,4.80,5188,88
1065,Motorola,C Plus,Pearl White,2,16,True,4.20,6900.00,6900.00,Motorola C Plus,0.00,0.00,Android,280,6.60,4593,59
1066,Infinix,Hot 10,Obsidian Black,4,64,True,4.40,11999.00,11999.00,Infinix Hot 10,0.00,0.00,Android,579,4.80,3572,216
1067,SAMSUNG,"Galaxy J5 ",Black,0,8,True,4.30,7990.00,7990.00,"SAMSUNG Galaxy J5 ",0.00,0.00,Android,373,6.20,5337,292
1068,Nokia,8,Steel,4,64,True,4.00,36999.00,36999.00,Nokia 8,0.00,0.00,Android,617,5.30,3542,484
1069,SAMSUNG,"Galaxy On8 ",Black,4,64,True,4.40,19990.00,19990.00,"SAMSUNG Galaxy On8 ",0.00,0.00,Android,900,6.60,3318,194
1070,Lenovo,"K6 Note ",Grey,4,32,True,4.00,9150.00,9150.00,"Lenovo K6 Note ",0.00,0.00,Android,922,5.80,2320,557
1071,POCO,X2,Pheonix Red,6,64,True,4.50,14999.00,18999.00,POCO X2,4000.00,21.05,Android,619,5.60,2383,276
1072,SAMSUNG,"Galaxy M32 ",Blue,4,64,True,4.20,15399.00,15499.00,"SAMSUNG Galaxy M32 ",100.00,0.65,Android,262,5.50,5219,53
1073,LG,"W30 ",Thunder Blue,3,32,True,3.90,8399.00,8399.00,"LG W30 ",0.00,0.00,Android,994,5.40,2561,494
1074,Apple,"iPhone 7 Plus ",Red,3,128,True,4.50,42900.00,42900.00,"Apple iPhone 7 Plus ",0.00,0.00,IOS,281,4.60,4994,229
1075,Apple,"iPhone 13 Pro ",Silver,6,128,True,0.00,119900.00,119900.00,"Apple iPhone 13 Pro ",0.00,0.00,IOS,989,5.40,3554,554
1076,Nokia,216 DS 2020,Black,0,0,True,4.20,2450.00,2450.00,Nokia 216 DS 2020,0.00,0.00,Android,684,5.80,3818,377
1077,SAMSUNG,"Galaxy M11 ",Metallic Blue,3,32,True,4.20,11745.00,11745.00,"SAMSUNG Galaxy M11 ",0.00,0.00,Android,69,6.70,4160,47
1078,SAMSUNG,"Galaxy A70s ",Prism Crush Black,6,128,True,4.30,17999.00,31000.00,"SAMSUNG Galaxy A70s ",13001.00,41.94,Android,110,7.00,4005,89
1079,Apple,"iPhone 12 Mini ",Green,4,256,True,4.50,71999.00,74900.00,"Apple iPhone 12 Mini ",2901.00,3.87,IOS,260,4.80,5284,207
1080,LG,"G8s ThinQ ",Black,6,128,True,0.00,29999.00,29999.00,"LG G8s ThinQ ",0.00,0.00,Android,102,5.40,3930,59
1081,Infinix,Hot 10,Ocean Wave,6,128,True,4.30,13999.00,13999.00,Infinix Hot 10,0.00,0.00,Android,126,4.90,2906,7
1082,realme,1,Black,4,64,True,4.40,10990.00,14990.00,realme 1,4000.00,26.68,Android,535,5.80,5648,408
1083,Apple,"iPhone 12 Mini ",Green,4,64,True,4.50,56999.00,59900.00,"Apple iPhone 12 Mini ",2901.00,4.84,IOS,290,5.80,4177,91
1084,Apple,"iPhone 13 Pro Max ",Gold,6,0,True,0.00,179900.00,179900.00,"Apple iPhone 13 Pro Max ",0.00,0.00,IOS,650,5.30,3007,11
1085,realme,"8 Pro ",Illuminating Yellow,6,128,True,4.30,17999.00,19999.00,"realme 8 Pro ",2000.00,10.00,Android,443,7.00,4174,125
1086,Apple,"iPhone 11 Pro ",Gold,4,64,True,4.60,79999.00,106600.00,"Apple iPhone 11 Pro ",26601.00,24.95,IOS,819,5.50,4129,709
1087,Apple,"iPhone XR ",White,3,128,True,4.60,47999.00,52900.00,"Apple iPhone XR ",4901.00,9.26,IOS,875,6.50,2292,384
1088,SAMSUNG,"Galaxy J2 ",Gold,1,8,True,4.10,7400.00,7400.00,"SAMSUNG Galaxy J2 ",0.00,0.00,Android,350,6.80,4616,8
1089,vivo,"V21 5G ",Sunset Dazzle,8,256,True,4.50,15490.00,19490.00,"vivo V21 5G ",4000.00,20.52,Android,852,6.90,2980,392
1090,vivo,"V21 5G ",Dusk Blue,12,256,True,4.40,14990.00,14990.00,"vivo V21 5G ",0.00,0.00,Android,556,5.70,3217,519
1091,POCO,M4 Pro 5G,Yellow,8,128,True,4.40,18999.00,21999.00,POCO M4 Pro 5G,3000.00,13.64,Android,972,4.70,3005,419
1092,SAMSUNG,"Galaxy Star Advance ",Black,0,4,True,3.80,3500.00,3500.00,"SAMSUNG Galaxy Star Advance ",0.00,0.00,Android,116,4.90,5068,17
1093,GIONEE,"F103 Pro ",White,3,16,True,3.90,8999.00,8999.00,"GIONEE F103 Pro ",0.00,0.00,Android,370,5.80,2725,22
1094,vivo,S1,Skyline Blue,4,128,True,4.40,19990.00,19990.00,vivo S1,0.00,0.00,Android,154,6.80,2486,4
1095,OPPO,A5s,Red,3,32,True,4.40,12990.00,12990.00,OPPO A5s,0.00,0.00,Android,563,6.60,5572,405
1096,GIONEE,"A1 ",Grey,4,64,True,4.00,21499.00,21499.00,"GIONEE A1 ",0.00,0.00,Android,266,5.60,2988,253
1097,OPPO,A55,Starry Black,4,64,True,4.30,15490.00,15490.00,OPPO A55,0.00,0.00,Android,287,6.30,5621,185
1098,SAMSUNG,"Galaxy S20 ",Cloud Blue,8,128,True,4.30,49980.00,49980.00,"SAMSUNG Galaxy S20 ",0.00,0.00,Android,83,4.80,3840,64
1099,realme,6,Comet White,8,128,True,4.40,16999.00,17999.00,realme 6,1000.00,5.56,Android,647,6.90,4317,48
1100,SAMSUNG,"Galaxy M30 ",Gradation Blue,6,128,True,4.30,15890.00,15990.00,"SAMSUNG Galaxy M30 ",100.00,0.63,Android,358,6.90,3342,81
1101,SAMSUNG,"Galaxy M30 ",Gradation Blue,4,64,True,4.40,13995.00,14455.00,"SAMSUNG Galaxy M30 ",460.00,3.18,Android,888,6.50,5320,56
1102,OPPO,A55,Rainbow Blue,6,128,True,3.80,17490.00,20990.00,OPPO A55,3500.00,16.67,Android,647,5.40,2962,22
1103,Lenovo,"VIBE P1m ",White,2,16,True,4.10,6999.00,6999.00,"Lenovo VIBE P1m ",0.00,0.00,Android,187,4.80,2607,132
1104,realme,"5 Pro ",Crystal Green,4,64,True,4.50,13999.00,14999.00,"realme 5 Pro ",1000.00,6.67,Android,866,5.30,3763,597
1105,ASUS,"ROG Phone II ",Black,8,128,True,4.60,40999.00,40999.00,"ASUS ROG Phone II ",0.00,0.00,Android,357,4.90,3164,224
1106,vivo,Y71i,Matte Black,2,16,True,4.30,8990.00,8990.00,vivo Y71i,0.00,0.00,Android,406,4.50,5133,36
1107,Apple,"iPhone XS Max ",Silver,4,512,True,4.60,144900.00,144900.00,"Apple iPhone XS Max ",0.00,0.00,IOS,576,5.90,5300,221
1108,POCO,M4 Pro 5G,Power Black,4,64,True,4.50,14999.00,16999.00,POCO M4 Pro 5G,2000.00,11.77,Android,274,4.90,5688,73
1109,SAMSUNG,"Galaxy S21 Plus ",Phantom Silver,8,128,True,4.40,71999.00,100999.00,"SAMSUNG Galaxy S21 Plus ",29000.00,28.71,Android,358,6.80,2063,253
1110,SAMSUNG,"Galaxy J7 - 6 New 2016 Edition) ",Black,2,16,True,4.30,13800.00,15014.00,"SAMSUNG Galaxy J7 - 6 New 2016 Edition) ",1214.00,8.09,Android,579,6.90,5690,156
1111,realme,"C11 2021 ",Cool Grey,2,32,True,4.30,7299.00,7999.00,"realme C11 2021 ",700.00,8.75,Android,580,6.60,5320,320
1112,LG,"X Power ",Black,2,16,True,4.00,8499.00,8499.00,"LG X Power ",0.00,0.00,Android,930,5.60,2476,700
1113,SAMSUNG,"Galaxy M30S ",Quartz Green,4,128,True,4.30,15499.00,15999.00,"SAMSUNG Galaxy M30S ",500.00,3.13,Android,403,4.60,4732,155
1114,Motorola,Z2 Play,Fine Gold,4,64,True,4.40,27999.00,27999.00,Motorola Z2 Play,0.00,0.00,Android,732,4.80,5649,406
1115,GIONEE,"Max Pro ",Blue,3,32,True,3.80,7299.00,9999.00,"GIONEE Max Pro ",2700.00,27.00,Android,664,4.60,2640,205
1116,SAMSUNG,"Galaxy A70s ",Prism Crush Red,8,128,True,4.30,30500.00,33100.00,"SAMSUNG Galaxy A70s ",2600.00,7.85,Android,564,4.70,4334,265
1117,LG,"W30 Plus ",Aurora Green,4,64,True,3.80,12790.00,12790.00,"LG W30 Plus ",0.00,0.00,Android,394,6.00,4189,348
1118,SAMSUNG,"Galaxy A2 Core ",Dark Gray,1,16,True,4.20,5900.00,5900.00,"SAMSUNG Galaxy A2 Core ",0.00,0.00,Android,813,6.80,4124,660
1119,realme,"C15 ",Power Blue,4,64,True,4.40,10999.00,12999.00,"realme C15 ",2000.00,15.39,Android,891,6.30,5749,195
1120,SAMSUNG,"Galaxy A72 ",Awesome Blue,8,128,True,4.30,34999.00,41999.00,"SAMSUNG Galaxy A72 ",7000.00,16.67,Android,495,6.50,4775,185
1121,SAMSUNG,"Galaxy M11 ",Violet,3,32,True,4.20,11745.00,11745.00,"SAMSUNG Galaxy M11 ",0.00,0.00,Android,452,5.70,3871,44
1122,SAMSUNG,"Galaxy J7 ",White,0,16,True,4.30,11700.00,11700.00,"SAMSUNG Galaxy J7 ",0.00,0.00,Android,718,6.70,2361,288
1123,SAMSUNG,Guru FM Plus SM-B110E/D,Black,0,0,True,4.30,1375.00,1375.00,SAMSUNG Guru FM Plus SM-B110E/D,0.00,0.00,Android,534,6.40,3724,271
1124,OPPO,Reno3 Pro,Midnight Black,8,128,True,4.40,24768.00,24990.00,OPPO Reno3 Pro,222.00,0.89,Android,610,6.10,2183,358
1125,Xiaomi,Redmi Note 11T 5G,Matte Black,6,130,True,4.20,19100.00,19100.00,Xiaomi Redmi Note 11T 5G,0.00,0.00,Android,758,5.10,3422,479
1126,Nokia,2.4,Charcoal Grey,3,64,True,4.00,10399.00,11499.00,Nokia 2.4,1100.00,9.57,Android,987,5.30,4009,543
1127,Nokia,2.3,Charcoal,2,32,True,4.00,9999.00,9999.00,Nokia 2.3,0.00,0.00,Android,383,6.50,4682,46
1128,GIONEE,"Pioneer P4 ",White,1,8,True,3.80,4850.00,4850.00,"GIONEE Pioneer P4 ",0.00,0.00,Android,551,6.90,2780,548
1129,Apple,"iPhone XS ",Gold,4,64,True,4.70,62999.00,89900.00,"Apple iPhone XS ",26901.00,29.92,IOS,936,6.90,2692,124
1130,vivo,"Y91i ",Fusion Black,8,128,True,4.40,14990.00,14990.00,"vivo Y91i ",0.00,0.00,Android,88,6.00,4359,65
1131,Apple,"iPhone 6s Plus ",Rose Gold,2,0,True,4.40,34900.00,34900.00,"Apple iPhone 6s Plus ",0.00,0.00,IOS,240,4.90,5694,122
1132,SAMSUNG,Guru FM Plus SM-B110E/D,Black,0,0,True,4.30,1450.00,1450.00,SAMSUNG Guru FM Plus SM-B110E/D,0.00,0.00,Android,439,5.80,5604,402
1133,LG,"K9 4G LTE ",Black,2,16,True,4.00,7999.00,7999.00,"LG K9 4G LTE ",0.00,0.00,Android,667,6.40,2106,43
1134,SAMSUNG,"Galaxy A2 Core ",Blue,1,16,True,4.20,5900.00,5900.00,"SAMSUNG Galaxy A2 Core ",0.00,0.00,Android,319,5.30,4812,135
1135,Lenovo,"A6000 Shot ",White,2,16,True,3.70,7990.00,7990.00,"Lenovo A6000 Shot ",0.00,0.00,Android,450,6.00,5493,256
1136,realme,"8 Pro ",Illuminating Yellow,8,0,True,4.40,19999.00,21999.00,"realme 8 Pro ",2000.00,9.09,Android,878,5.00,2427,857
1137,SAMSUNG,"Galaxy J1 Ace ",White,0,4,True,3.90,5110.00,5110.00,"SAMSUNG Galaxy J1 Ace ",0.00,0.00,Android,409,4.70,2134,2
1138,Nokia,110 TA-1302 DS,Black,0,0,True,4.10,1680.00,1762.00,Nokia 110 TA-1302 DS,82.00,4.65,Android,209,5.50,4778,192
1139,Apple,"iPhone 11 Pro ",Midnight Green,4,64,True,4.60,79999.00,106600.00,"Apple iPhone 11 Pro ",26601.00,24.95,IOS,449,5.10,5108,320
1140,SAMSUNG,"Galaxy Alpha ",Frosted Gold,2,32,True,3.60,42000.00,42000.00,"SAMSUNG Galaxy Alpha ",0.00,0.00,Android,122,6.70,4210,111
1141,Nokia,"5.1 Plus ",Black,6,64,True,3.70,14999.00,14999.00,"Nokia 5.1 Plus ",0.00,0.00,Android,475,4.70,5724,0
1142,Nokia,4.2,Pink Sand,3,32,True,4.00,13699.00,13699.00,Nokia 4.2,0.00,0.00,Android,891,5.30,4407,247
1143,Lenovo,"K8 Plus ",Venom Black,3,32,True,4.20,10999.00,10999.00,"Lenovo K8 Plus ",0.00,0.00,Android,55,4.60,5080,32
1144,Apple,"iPhone 13 Pro ",Gold,6,512,True,0.00,149900.00,149900.00,"Apple iPhone 13 Pro ",0.00,0.00,IOS,743,4.70,2517,499
1145,GIONEE,"F103 Pro ",Gold,3,16,True,3.90,5290.00,5290.00,"GIONEE F103 Pro ",0.00,0.00,Android,896,6.90,5649,296
1146,Xiaomi,"Redmi 9A ",Nature Green,2,32,True,4.10,7698.00,7698.00,"Xiaomi Redmi 9A ",0.00,0.00,Android,867,5.70,5673,264
1147,Nokia,112,Black,0,0,True,4.10,3100.00,3100.00,Nokia 112,0.00,0.00,Android,121,4.60,3703,55
1148,Apple,"iPhone 7 ",Black,2,256,True,4.50,74400.00,74400.00,"Apple iPhone 7 ",0.00,0.00,IOS,558,6.80,3141,229
1149,OPPO,A31,Lake Green,4,64,True,4.30,11960.00,12990.00,OPPO A31,1030.00,7.93,Android,238,5.40,4044,22
1150,SAMSUNG,"Galaxy Note 5 ",Gold Platinum,4,32,True,4.10,46300.00,46300.00,"SAMSUNG Galaxy Note 5 ",0.00,0.00,Android,818,5.10,3936,468
1151,Apple,"iPhone XR ",Blue,3,128,True,4.60,47999.00,52900.00,"Apple iPhone XR ",4901.00,9.26,IOS,893,6.10,5728,371
1152,Apple,"iPhone 11 ",Yellow,4,128,True,4.60,54900.00,54900.00,"Apple iPhone 11 ",0.00,0.00,IOS,677,6.40,2379,632
1153,SAMSUNG,"Galaxy A12 ",Black,4,128,True,4.20,14999.00,14999.00,"SAMSUNG Galaxy A12 ",0.00,0.00,Android,289,4.90,2715,58
1154,Apple,"iPhone 8 Plus ",Gold,3,256,True,4.60,84900.00,84900.00,"Apple iPhone 8 Plus ",0.00,0.00,IOS,841,6.70,2181,652
1155,Lenovo,"Vibe K5 Note ",Gold,4,64,True,4.10,13499.00,13499.00,"Lenovo Vibe K5 Note ",0.00,0.00,Android,100,5.00,5298,69
1156,SAMSUNG,"Galaxy A22 ",Mint,6,128,True,4.30,18499.00,20499.00,"SAMSUNG Galaxy A22 ",2000.00,9.76,Android,80,5.20,2200,58
1157,Lenovo,"Z2 Plus ",Black,3,32,True,3.90,8250.00,8250.00,"Lenovo Z2 Plus ",0.00,0.00,Android,158,6.30,3096,25
1158,SAMSUNG,"M01 core ",Blue,2,32,True,3.90,5999.00,5999.00,"SAMSUNG M01 core ",0.00,0.00,Android,502,5.00,5605,23
1159,SAMSUNG,"Galaxy Grand Neo Plus ",Gold,1,8,True,4.00,6999.00,6999.00,"SAMSUNG Galaxy Grand Neo Plus ",0.00,0.00,Android,569,6.30,3916,180
1160,Apple,"iPhone 7 Plus ",Jet Black,3,32,True,4.50,36999.00,37900.00,"Apple iPhone 7 Plus ",901.00,2.38,IOS,4,6.10,4464,4
1161,Nokia,"C01 Plus ",Grey,2,16,True,0.00,5999.00,5999.00,"Nokia C01 Plus ",0.00,0.00,Android,338,6.60,3769,254
1162,LG,"Optimus L3 II E425 ",Black,0,4,True,3.90,6299.00,6299.00,"LG Optimus L3 II E425 ",0.00,0.00,Android,888,6.20,3072,271
1163,HTC,Desire 626,Blue Lagoon,2,16,True,3.70,13200.00,13200.00,HTC Desire 626,0.00,0.00,Android,766,6.90,5476,518
1164,SAMSUNG,"Galaxy A3 ",Pearl White,1,16,True,4.00,10800.00,10800.00,"SAMSUNG Galaxy A3 ",0.00,0.00,Android,121,6.70,5352,82
1165,Infinix,S4,Twilight Purple,4,64,True,4.30,10999.00,10999.00,Infinix S4,0.00,0.00,Android,543,6.90,5987,441
1166,Apple,"iPhone 11 Pro ",Silver,4,256,True,4.60,121300.00,121300.00,"Apple iPhone 11 Pro ",0.00,0.00,IOS,299,5.30,4272,100
1167,SAMSUNG,"Galaxy Grand 2 ",Gold,0,8,True,4.10,15999.00,16740.00,"SAMSUNG Galaxy Grand 2 ",741.00,4.43,Android,764,5.40,5899,482
1168,Google Pixel,"Nexus 5X ",Ice,2,32,True,4.30,29990.00,29990.00,"Google Pixel Nexus 5X ",0.00,0.00,Android,105,6.60,2950,8
1169,Nokia,130,Black,0,0,True,4.20,1625.00,1625.00,Nokia 130,0.00,0.00,Android,692,4.90,4973,406
1170,Apple,"iPhone 11 Pro Max ",Midnight Green,4,256,True,4.70,131900.00,131900.00,"Apple iPhone 11 Pro Max ",0.00,0.00,IOS,394,5.80,5023,278
1171,Xiaomi,"Redmi 6A ",Black,2,32,True,4.30,7989.00,7989.00,"Xiaomi Redmi 6A ",0.00,0.00,Android,689,4.50,5519,199
1172,Xiaomi,"Redmi Note 8 ",Neptune Blue,4,64,True,4.40,12999.00,12999.00,"Xiaomi Redmi Note 8 ",0.00,0.00,Android,178,4.50,5386,56
1173,Apple,"iPhone 13 Pro Max ",Silver,6,0,True,0.00,129900.00,129900.00,"Apple iPhone 13 Pro Max ",0.00,0.00,IOS,120,4.70,4869,62
1174,OPPO,A71 New Edition,Black,3,16,True,4.40,9940.00,9940.00,OPPO A71 New Edition,0.00,0.00,Android,681,4.60,3975,616
1175,Apple,"iPhone 12 Pro ",Pacific Blue,6,128,True,4.60,109900.00,109900.00,"Apple iPhone 12 Pro ",0.00,0.00,IOS,439,5.20,2700,123
1176,SAMSUNG,"Galaxy A8 ",Black,2,32,True,4.20,25990.00,25990.00,"SAMSUNG Galaxy A8 ",0.00,0.00,Android,340,5.20,5422,116
1177,SAMSUNG,"Galaxy J4 ",Gold,2,16,True,4.30,9500.00,9500.00,"SAMSUNG Galaxy J4 ",0.00,0.00,Android,601,6.70,5804,130
1178,OPPO,A9 2020,Marine Green,4,128,True,4.30,14990.00,18990.00,OPPO A9 2020,4000.00,21.06,Android,627,5.60,2791,46
1179,Infinix,Note 5 Stylus,Charcoal Blue,4,64,True,3.90,16999.00,16999.00,Infinix Note 5 Stylus,0.00,0.00,Android,478,4.80,3369,303
1180,realme,"8 Pro ",Illuminating Yellow,8,128,True,4.40,19999.00,21999.00,"realme 8 Pro ",2000.00,9.09,Android,317,5.80,2248,208
1181,Nokia,150/150 DS,Black,0,0,True,4.20,2540.00,2540.00,Nokia 150/150 DS,0.00,0.00,Android,872,6.80,3748,319
1182,OPPO,A16,Crystal Black,4,64,True,0.00,13490.00,13490.00,OPPO A16,0.00,0.00,Android,266,5.30,3956,197
1183,SAMSUNG,"Galaxy S20 FE ",Cloud Red,8,128,True,4.00,49999.00,65999.00,"SAMSUNG Galaxy S20 FE ",16000.00,24.24,Android,60,6.70,3122,51
1184,SAMSUNG,"Galaxy Core 2 ",White,0,4,True,3.90,5940.00,5940.00,"SAMSUNG Galaxy Core 2 ",0.00,0.00,Android,790,4.70,3287,629
1185,GIONEE,"P5_W ",White,1,16,True,3.80,2799.00,2799.00,"GIONEE P5_W ",0.00,0.00,Android,492,6.10,3285,392
1186,SAMSUNG,"Galaxy Note 10 ",Aura Black,8,256,True,4.50,73600.00,75000.00,"SAMSUNG Galaxy Note 10 ",1400.00,1.87,Android,842,5.70,3872,367
1187,LG,"K7i ",Brown,2,16,True,4.00,9990.00,9990.00,"LG K7i ",0.00,0.00,Android,603,6.20,5035,269
1188,ASUS,"ROG Phone 3 ",Black,12,128,True,4.40,49999.00,57999.00,"ASUS ROG Phone 3 ",8000.00,13.79,Android,471,5.70,5194,451
1189,SAMSUNG,"Galaxy J2 ",Black,1,8,True,4.10,7400.00,7400.00,"SAMSUNG Galaxy J2 ",0.00,0.00,Android,451,5.20,3418,450
1190,Apple,"iPhone 13 Pro Max ",Sierra Blue,6,0,True,0.00,179900.00,179900.00,"Apple iPhone 13 Pro Max ",0.00,0.00,IOS,137,5.30,5170,3
1191,ASUS,"6Z ",Silver,8,256,True,4.30,43999.00,43999.00,"ASUS 6Z ",0.00,0.00,Android,909,6.30,5855,604
1192,ASUS,"Zenfone Live ",Gold,2,16,True,4.00,7668.00,7668.00,"ASUS Zenfone Live ",0.00,0.00,Android,409,5.50,2670,251
1193,SAMSUNG,"Galaxy A10 ",Red,2,32,True,4.30,8700.00,8700.00,"SAMSUNG Galaxy A10 ",0.00,0.00,Android,699,4.80,3866,278
1194,Xiaomi,"Redmi 6 ",Black,3,64,True,4.20,10450.00,10450.00,"Xiaomi Redmi 6 ",0.00,0.00,Android,625,4.90,2491,257
1195,Lenovo,"A6600 ",White,1,16,True,3.80,4499.00,7499.00,"Lenovo A6600 ",3000.00,40.01,Android,822,5.10,4547,621
1196,Xiaomi,"Redmi 6 Pro ",Red,4,64,True,4.40,11999.00,12990.00,"Xiaomi Redmi 6 Pro ",991.00,7.63,Android,640,5.80,3814,125
1197,SAMSUNG,"Galaxy Grand 2 ",Black,0,8,True,4.10,9999.00,9999.00,"SAMSUNG Galaxy Grand 2 ",0.00,0.00,Android,957,6.10,3206,634
1198,Google Pixel,Very Silver,Silver,4,32,True,4.40,57000.00,57000.00,Google Pixel Very Silver,0.00,0.00,Android,578,4.50,5586,40
1199,ASUS,"Zenfone Go 5.0 LTE 2nd Gen ",Red,2,16,True,3.60,5990.00,5990.00,"ASUS Zenfone Go 5.0 LTE 2nd Gen ",0.00,0.00,Android,898,4.60,2521,19
1200,Apple,"iPhone XR ",Coral,3,256,True,4.60,91900.00,91900.00,"Apple iPhone XR ",0.00,0.00,IOS,780,6.70,2095,624
1201,realme,"Narzo 20 Pro ",White Knight,6,64,True,4.30,14999.00,16999.00,"realme Narzo 20 Pro ",2000.00,11.77,Android,238,6.00,4464,149
1202,Apple,"iPhone XS Max ",Silver,4,64,True,4.60,73999.00,109900.00,"Apple iPhone XS Max ",35901.00,32.67,IOS,99,5.00,5585,66
1203,SAMSUNG,"Galaxy M02 ",Red,2,32,True,4.00,7900.00,7900.00,"SAMSUNG Galaxy M02 ",0.00,0.00,Android,426,4.70,5577,238
1204,SAMSUNG,Sm-B110E/D,Black,0,0,True,4.10,1497.00,1497.00,SAMSUNG Sm-B110E/D,0.00,0.00,Android,894,6.30,3737,135
1205,vivo,Y83,Gold,4,32,True,4.40,15990.00,15990.00,vivo Y83,0.00,0.00,Android,868,4.70,2127,185
1206,Lenovo,"K6 POWER ",GREY/BLACK,4,32,True,4.00,7999.00,7999.00,"Lenovo K6 POWER ",0.00,0.00,Android,71,4.70,2294,66
1207,SAMSUNG,"Galaxy Trend ",Wine Red,0,4,True,3.60,6999.00,8740.00,"SAMSUNG Galaxy Trend ",1741.00,19.92,Android,328,4.80,4197,197
1208,Nokia,7.2,Ice,4,64,True,4.10,19999.00,19999.00,Nokia 7.2,0.00,0.00,Android,387,7.00,4008,300
1209,OPPO,A71,Black,3,16,True,4.20,12500.00,12500.00,OPPO A71,0.00,0.00,Android,567,4.50,3880,165
1210,Nokia,110,Black,0,0,True,3.60,1599.00,1599.00,Nokia 110,0.00,0.00,Android,840,4.50,4252,728
1211,Apple,"iPhone 7 ",Rose Gold,2,256,True,4.50,74400.00,74400.00,"Apple iPhone 7 ",0.00,0.00,IOS,620,5.80,4856,588
1212,LG,"L90 Dual ",White,1,8,True,4.20,15532.00,15532.00,"LG L90 Dual ",0.00,0.00,Android,264,7.00,3277,75
1213,SAMSUNG,"Galaxy M30 ",Blue,3,32,True,4.30,10399.00,11000.00,"SAMSUNG Galaxy M30 ",601.00,5.46,Android,300,6.60,3748,155
1214,Xiaomi,"REDMI Note 9 ",Shadow Black,4,64,True,0.00,11999.00,14999.00,"Xiaomi REDMI Note 9 ",3000.00,20.00,Android,518,5.90,2815,122
1215,Nokia,2.4,Dusk Purple,3,64,True,4.00,10399.00,11499.00,Nokia 2.4,1100.00,9.57,Android,855,4.80,2179,730
1216,SAMSUNG,"Galaxy A21s ",Blue,6,64,True,4.20,14839.00,16900.00,"SAMSUNG Galaxy A21s ",2061.00,12.20,Android,637,6.20,3906,392
1217,Apple,"iPhone SE ",Red,2,256,True,4.50,54900.00,54900.00,"Apple iPhone SE ",0.00,0.00,IOS,173,6.10,4068,138
1218,SAMSUNG,"Galaxy J6 ",Black,3,32,True,4.40,13500.00,13500.00,"SAMSUNG Galaxy J6 ",0.00,0.00,Android,412,6.80,4418,224
1219,OPPO,A52,Twilight Black,4,128,True,4.40,14990.00,17990.00,OPPO A52,3000.00,16.68,Android,770,5.40,2185,374
1220,LG,"V20 ",Silver,4,64,True,4.20,29199.00,29199.00,"LG V20 ",0.00,0.00,Android,853,6.80,5828,60
1221,Infinix,Zero 8i,Silver Diamond,8,128,True,4.20,18999.00,18999.00,Infinix Zero 8i,0.00,0.00,Android,656,5.50,4278,410
1222,Infinix,Hot 11,Purple,4,64,True,4.40,9999.00,11999.00,Infinix Hot 11,2000.00,16.67,Android,436,5.20,5838,364
1223,SAMSUNG,"Galaxy A12 ",White,4,64,True,4.20,13999.00,13999.00,"SAMSUNG Galaxy A12 ",0.00,0.00,Android,50,6.20,5721,43
1224,Motorola,"E7 Power ",Tahiti Blue,2,32,True,4.10,6999.00,9999.00,"Motorola E7 Power ",3000.00,30.00,Android,7,5.50,3041,3
1225,SAMSUNG,"Galaxy F12 ",Sky Blue,4,64,True,4.20,11499.00,12999.00,"SAMSUNG Galaxy F12 ",1500.00,11.54,Android,482,5.50,2536,368
1226,realme,"6i ",Lunar White,4,0,True,4.40,12999.00,14999.00,"realme 6i ",2000.00,13.33,Android,261,5.30,5255,214
1227,SAMSUNG,"M31 Prime ",Ocean Blue,6,128,True,4.30,17194.00,17194.00,"SAMSUNG M31 Prime ",0.00,0.00,Android,969,4.60,3330,897
1228,HTC,820S,Milkyway Grey,2,16,True,3.90,25500.00,25500.00,HTC 820S,0.00,0.00,Android,300,6.30,3323,248
1229,POCO,"M2  ",Pitch Black,6,128,True,4.40,11499.00,14999.00,"POCO M2  ",3500.00,23.33,Android,735,5.50,5658,72
1230,Lenovo,"Vibe Z2 Pro ",Starry Night Black,3,32,True,4.00,29999.00,29999.00,"Lenovo Vibe Z2 Pro ",0.00,0.00,Android,868,5.10,2100,104
1231,SAMSUNG,"Galaxy Note 5 ",black sapphire,4,32,True,4.10,46300.00,46300.00,"SAMSUNG Galaxy Note 5 ",0.00,0.00,Android,185,6.10,3987,102
1232,GIONEE,"X-1 ",Gold,2,16,True,4.00,5149.00,5149.00,"GIONEE X-1 ",0.00,0.00,Android,525,5.40,4055,230
1233,SAMSUNG,"Galaxy J4 ",Blue,2,16,True,4.30,9500.00,9500.00,"SAMSUNG Galaxy J4 ",0.00,0.00,Android,22,5.30,2478,16
1234,Google Pixel,"XL ",Very Silver,4,128,True,4.50,76000.00,76000.00,"Google Pixel XL ",0.00,0.00,Android,493,6.70,3251,335
1235,realme,"X7 Pro 5G ",Mystic Black,8,128,True,4.30,29999.00,32999.00,"realme X7 Pro 5G ",3000.00,9.09,Android,211,4.60,4619,195
1236,Nokia,2,Pewter / White,1,8,True,3.80,6295.00,6295.00,Nokia 2,0.00,0.00,Android,624,5.70,2235,305
1237,LG,"W31 ",midnight blue,4,64,True,4.00,9999.00,9999.00,"LG W31 ",0.00,0.00,Android,152,5.00,3081,64
1238,Motorola,"Edge 20 Fusion ",Cyber Teal,8,128,True,0.00,22999.00,25999.00,"Motorola Edge 20 Fusion ",3000.00,11.54,Android,129,5.40,3257,103
1239,LG,"Stylus 2 ",Titan,2,16,True,4.10,12999.00,12999.00,"LG Stylus 2 ",0.00,0.00,Android,748,4.50,3900,511
1240,Apple,"iPhone 6 ",Silver,1,64,True,4.40,62000.00,62000.00,"Apple iPhone 6 ",0.00,0.00,IOS,383,5.80,2539,172
1241,SAMSUNG,"Galaxy Note 9 ",Alpine White,6,128,True,4.60,73600.00,73600.00,"SAMSUNG Galaxy Note 9 ",0.00,0.00,Android,25,6.50,3362,3
1242,Apple,"iPhone 6s Plus ",Gold,2,32,True,4.40,34900.00,34900.00,"Apple iPhone 6s Plus ",0.00,0.00,IOS,709,6.90,2593,33
1243,OPPO,F19 Pro,Fantastic Purple,8,128,True,4.30,21990.00,23990.00,OPPO F19 Pro,2000.00,8.34,Android,871,5.30,5893,515
1244,Motorola,"G40 Fusion ",Frosted Champagne,4,64,True,4.30,14499.00,16999.00,"Motorola G40 Fusion ",2500.00,14.71,Android,217,6.20,3998,25
1245,GIONEE,"G3 ",Black,1,4,True,2.80,10990.00,10990.00,"GIONEE G3 ",0.00,0.00,Android,845,5.50,5185,203
1246,SAMSUNG,"Galaxy A6 ",Gold,4,64,True,4.30,13999.00,14999.00,"SAMSUNG Galaxy A6 ",1000.00,6.67,Android,78,5.10,3150,5
1247,SAMSUNG,"Galaxy A10s ",Blue,2,32,True,4.40,10000.00,10000.00,"SAMSUNG Galaxy A10s ",0.00,0.00,Android,259,5.30,5240,180
1248,SAMSUNG,"Galaxy S9 Plus ",Lilac Purple,6,128,True,4.50,68900.00,68900.00,"SAMSUNG Galaxy S9 Plus ",0.00,0.00,Android,622,6.40,5916,103
1249,Motorola,G8 Plus,Crystal Pink,4,64,True,4.30,12999.00,15999.00,Motorola G8 Plus,3000.00,18.75,Android,231,5.90,3908,211
1250,OPPO,F1S,Grey,3,32,True,4.20,12990.00,12990.00,OPPO F1S,0.00,0.00,Android,547,4.70,3092,513
1251,realme,"C21Y ",Cross Blue,4,64,True,4.40,9999.00,10999.00,"realme C21Y ",1000.00,9.09,Android,738,4.80,3359,358
1252,Apple,"iPhone 11 ",Red,4,256,True,4.60,64900.00,64900.00,"Apple iPhone 11 ",0.00,0.00,IOS,928,6.80,3306,68
1253,Motorola,"Edge 20 Fusion ",Electric Graphite,6,128,True,3.90,21499.00,24999.00,"Motorola Edge 20 Fusion ",3500.00,14.00,Android,8,5.20,3265,2
1254,Infinix,Hot 11S,Polar Black,4,64,True,4.30,10999.00,13999.00,Infinix Hot 11S,3000.00,21.43,Android,378,5.50,4960,131
1255,Apple,"iPhone XR ",Coral,3,64,True,4.60,42999.00,47900.00,"Apple iPhone XR ",4901.00,10.23,IOS,202,5.40,3483,67
1256,Nokia,3.1,Black,2,16,True,3.90,9999.00,9999.00,Nokia 3.1,0.00,0.00,Android,255,6.50,3172,21
1257,GIONEE,"A1 Lite ",Black,3,32,True,3.90,11499.00,11499.00,"GIONEE A1 Lite ",0.00,0.00,Android,770,4.80,3019,481
1258,SAMSUNG,"Galaxy J2 2018 ",Black,2,16,True,4.30,7999.00,7999.00,"SAMSUNG Galaxy J2 2018 ",0.00,0.00,Android,799,5.60,4740,123
1259,LG,"Q7 ",Lavender Violet,3,32,True,3.30,16996.00,16996.00,"LG Q7 ",0.00,0.00,Android,901,5.40,5958,376
1260,Apple,"iPhone 7 ",Black,2,128,True,4.50,34900.00,34900.00,"Apple iPhone 7 ",0.00,0.00,IOS,865,6.00,3238,756
1261,Lenovo,"K3 Note ",White,2,16,True,4.00,7000.00,7000.00,"Lenovo K3 Note ",0.00,0.00,Android,230,6.30,2373,49
1262,SAMSUNG,"Galaxy Note 3 Neo ",Black,2,16,True,4.20,19900.00,19900.00,"SAMSUNG Galaxy Note 3 Neo ",0.00,0.00,Android,198,6.10,5401,164
1263,SAMSUNG,Galaxy F23 5G,Aqua Blue,6,128,True,4.00,16999.00,23999.00,SAMSUNG Galaxy F23 5G,7000.00,29.17,Android,386,5.00,4755,246
1264,SAMSUNG,"Galaxy Grand 2 ",White,0,8,True,4.10,10990.00,10990.00,"SAMSUNG Galaxy Grand 2 ",0.00,0.00,Android,821,6.30,5966,404
1265,realme,"X2 Pro ",Concrete,12,256,True,4.60,36999.00,36999.00,"realme X2 Pro ",0.00,0.00,Android,752,5.10,2716,438
1266,OPPO,K1,Piano Black,4,64,True,4.40,15000.00,15000.00,OPPO K1,0.00,0.00,Android,415,5.70,2562,64
1267,SAMSUNG,"Galaxy M42 5G ",Prism Dot Gray,6,128,True,4.30,17000.00,21540.00,"SAMSUNG Galaxy M42 5G ",4540.00,21.08,Android,279,6.50,2413,239
1268,GIONEE,"M7 ",Gold,6,64,True,2.70,9290.00,9290.00,"GIONEE M7 ",0.00,0.00,Android,496,5.80,2458,456
1269,Nokia,TA-1010/105,Black,0,0,True,4.20,1332.00,1332.00,Nokia TA-1010/105,0.00,0.00,Android,717,5.40,2135,591
1270,SAMSUNG,"Galaxy M21 ",Midnight Blue,6,128,True,4.20,15499.00,15499.00,"SAMSUNG Galaxy M21 ",0.00,0.00,Android,517,6.50,2547,407
1271,realme,"Narzo 30A ",Laser Black,3,32,True,4.30,8999.00,9999.00,"realme Narzo 30A ",1000.00,10.00,Android,877,6.90,5229,724
1272,Apple,"iPhone XS ",Space Grey,4,64,True,4.70,62999.00,89900.00,"Apple iPhone XS ",26901.00,29.92,IOS,539,6.60,2746,18
1273,realme,6,Comet White,6,64,True,4.40,14999.00,17999.00,realme 6,3000.00,16.67,Android,654,5.40,5017,411
1274,OPPO,F3 Plus,Gold,6,64,True,4.30,22990.00,22990.00,OPPO F3 Plus,0.00,0.00,Android,307,5.30,5590,140
1275,Apple,"iPhone 12 Pro Max ",Graphite,0,128,True,4.60,119900.00,119900.00,"Apple iPhone 12 Pro Max ",0.00,0.00,IOS,535,4.80,2983,2
1276,SAMSUNG,Metro 313,Black,0,0,True,4.10,1990.00,1990.00,SAMSUNG Metro 313,0.00,0.00,Android,837,5.30,4693,455
1277,Nokia,150 DS 2020,Black,0,0,True,4.10,2533.00,2643.00,Nokia 150 DS 2020,110.00,4.16,Android,343,4.60,5169,84
1278,vivo,"X70 Pro ",Aurora Dawn,8,256,True,4.50,49990.00,54990.00,"vivo X70 Pro ",5000.00,9.09,Android,772,5.70,5828,59
1279,Motorola,"X 2nd Generation ",Black Leather,2,16,True,4.20,23999.00,23999.00,"Motorola X 2nd Generation ",0.00,0.00,Android,150,5.90,3613,112
1280,SAMSUNG,"Galaxy M32 5G ",Slate Black,8,128,True,0.00,24999.00,24999.00,"SAMSUNG Galaxy M32 5G ",0.00,0.00,Android,937,5.70,4032,729
1281,Xiaomi,"Mi 11 Lite ",Tuscany Coral,6,128,True,4.20,21999.00,24999.00,"Xiaomi Mi 11 Lite ",3000.00,12.00,Android,167,5.00,4813,129
1282,Apple,"iPhone XS ",Silver,4,256,True,4.70,76999.00,103900.00,"Apple iPhone XS ",26901.00,25.89,IOS,811,5.80,4988,93
1283,SAMSUNG,"Galaxy E7 ",White,2,16,True,4.30,12999.00,12999.00,"SAMSUNG Galaxy E7 ",0.00,0.00,Android,889,7.00,3751,724
1284,realme,"7i ",Fusion Green,4,128,True,4.30,14999.00,14999.00,"realme 7i ",0.00,0.00,Android,255,5.90,3554,224
1285,Apple,"iPhone 6s ",Rose Gold,2,64,True,4.50,72000.00,72000.00,"Apple iPhone 6s ",0.00,0.00,IOS,753,5.60,2040,705
1286,OPPO,F17,Dynamic Orange,8,128,True,4.30,22990.00,22990.00,OPPO F17,0.00,0.00,Android,569,6.60,2782,449
1287,Xiaomi,"REDMI Note 10 Pro ",Dark Night,6,128,True,4.30,18887.00,19618.00,"Xiaomi REDMI Note 10 Pro ",731.00,3.73,Android,184,4.60,5116,89
1288,Lenovo,"X2-AP ",Gold,2,32,True,3.70,17499.00,17499.00,"Lenovo X2-AP ",0.00,0.00,Android,481,6.70,4580,6
1289,realme,"C2 ",Diamond Blue,3,32,True,4.40,7499.00,8999.00,"realme C2 ",1500.00,16.67,Android,332,6.10,3709,234
1290,Apple,"iPhone 13 Pro Max ",Silver,6,0,True,0.00,179900.00,179900.00,"Apple iPhone 13 Pro Max ",0.00,0.00,IOS,65,5.60,2308,49
1291,SAMSUNG,"Galaxy J5 Prime ",Black,3,32,True,4.30,13500.00,13500.00,"SAMSUNG Galaxy J5 Prime ",0.00,0.00,Android,68,6.60,2864,20
1292,Xiaomi,11i Hypercharge 5G,Pacific Pearl,8,128,True,4.30,28999.00,33999.00,Xiaomi 11i Hypercharge 5G,5000.00,14.71,Android,370,5.30,5183,205
1293,OPPO,A54,Moonlight Gold,4,128,True,4.30,15990.00,15990.00,OPPO A54,0.00,0.00,Android,683,6.20,4407,283
1294,SAMSUNG,"Galaxy A71 ",Prism Crush Silver,8,128,True,4.40,27499.00,34999.00,"SAMSUNG Galaxy A71 ",7500.00,21.43,Android,685,5.60,5957,77
1295,OPPO,A7,Glaring Gold,3,64,True,4.30,10990.00,16990.00,OPPO A7,6000.00,35.31,Android,817,5.90,4480,213
1296,GIONEE,"P7 Max ",Gold,3,32,True,3.90,5999.00,5999.00,"GIONEE P7 Max ",0.00,0.00,Android,641,5.60,4430,485
1297,GIONEE,"Elife S7 ",White,2,16,True,4.10,15999.00,15999.00,"GIONEE Elife S7 ",0.00,0.00,Android,887,6.40,5330,56
1298,SAMSUNG,"Galaxy A32 ",Awesome Blue,6,128,True,4.10,21700.00,21700.00,"SAMSUNG Galaxy A32 ",0.00,0.00,Android,43,4.50,4372,36
1299,Apple,"iPhone 8 ",Space Grey,2,256,True,4.50,77000.00,77000.00,"Apple iPhone 8 ",0.00,0.00,IOS,659,6.40,2299,304
1300,Motorola,"Edge+ ",Smoky Sangria,12,256,True,4.10,64999.00,89999.00,"Motorola Edge+ ",25000.00,27.78,Android,191,6.80,4211,154
1301,ASUS,"ZenFone Max M1 ",Black,3,32,True,4.20,9599.00,9599.00,"ASUS ZenFone Max M1 ",0.00,0.00,Android,329,6.20,2232,97
1302,Apple,iPhone 13 Pro Max,Silver,4,512,True,4.70,159900.00,159900.00,Apple iPhone 13 Pro Max,0.00,0.00,IOS,185,4.70,2535,77
1303,realme,3,Black,3,32,True,4.50,8499.00,10999.00,realme 3,2500.00,22.73,Android,952,6.70,5608,389
1304,Nokia,6310,Black,0,0,True,0.00,4049.00,4049.00,Nokia 6310,0.00,0.00,Android,150,6.20,2666,30
1305,POCO,M4 Pro,Power Black,6,64,True,4.40,14999.00,17999.00,POCO M4 Pro,3000.00,16.67,Android,407,5.90,4077,184
1306,Lenovo,"K6 Power ",Grey,4,32,True,4.00,8999.00,8999.00,"Lenovo K6 Power ",0.00,0.00,Android,315,6.90,2240,4
1307,Google Pixel,"Nexus 5X ",Ice,2,16,True,4.30,25990.00,25990.00,"Google Pixel Nexus 5X ",0.00,0.00,Android,805,6.10,4248,465
1308,realme,"C12 ",Power Blue,3,32,True,4.40,8999.00,10999.00,"realme C12 ",2000.00,18.18,Android,908,5.40,3207,547
1309,SAMSUNG,"Galaxy Grand Neo Plus ",White,1,8,True,4.00,5999.00,5999.00,"SAMSUNG Galaxy Grand Neo Plus ",0.00,0.00,Android,721,6.20,5612,441
1310,SAMSUNG,"Galaxy A71 ",Haze Crush Silver,8,128,True,4.40,27499.00,34999.00,"SAMSUNG Galaxy A71 ",7500.00,21.43,Android,449,5.90,2090,389
1311,LG,"V40 ThinQ ",Platinum Grey,6,128,True,4.40,60000.00,60000.00,"LG V40 ThinQ ",0.00,0.00,Android,940,4.90,2130,85
1312,LG,"W30 Pro ",Midnight Purple,4,64,True,3.80,14999.00,14999.00,"LG W30 Pro ",0.00,0.00,Android,822,5.30,2343,33
1313,realme,"Narzo 20A ",Glory Silver,3,32,True,4.30,8499.00,10999.00,"realme Narzo 20A ",2500.00,22.73,Android,32,5.90,4282,32
1314,LG,Nexus4 E960,White,2,16,True,4.50,26299.00,26299.00,LG Nexus4 E960,0.00,0.00,Android,466,4.80,4080,38
1315,POCO,"M3 ",Power Black,6,64,True,4.30,11999.00,12999.00,"POCO M3 ",1000.00,7.69,Android,278,5.60,2240,120
1316,realme,"5i ",Forest Green,4,128,True,4.50,11999.00,11999.00,"realme 5i ",0.00,0.00,Android,752,6.30,2790,270
1317,SAMSUNG,"M02s ",Red,3,32,True,4.20,8999.00,8999.00,"SAMSUNG M02s ",0.00,0.00,Android,180,4.60,5199,136
1318,Infinix,Hot 10,Obsidian Black,6,128,True,4.30,13999.00,13999.00,Infinix Hot 10,0.00,0.00,Android,948,5.70,4033,772
1319,Lenovo,"K6 Note ",Silver,4,32,True,4.00,7599.00,7599.00,"Lenovo K6 Note ",0.00,0.00,Android,252,5.20,4557,93
1320,Nokia,105 DS 2020,Black,0,0,True,4.20,1349.00,1599.00,Nokia 105 DS 2020,250.00,15.63,Android,740,6.20,2333,408
1321,SAMSUNG,"Galaxy S10 ",Prism Blue,8,128,True,4.60,39999.00,71000.00,"SAMSUNG Galaxy S10 ",31001.00,43.66,Android,682,5.90,5630,468
1322,vivo,"Y20 ",Obsidian Black,8,256,True,4.30,13995.00,13995.00,"vivo Y20 ",0.00,0.00,Android,27,5.20,5127,14
1323,Apple,"iPhone 6s ",Gold,2,16,True,4.50,41999.00,41999.00,"Apple iPhone 6s ",0.00,0.00,IOS,550,6.80,3429,368
1324,Xiaomi,"Redmi Note 6 Pro ",Black,6,64,True,4.10,14999.00,14999.00,"Xiaomi Redmi Note 6 Pro ",0.00,0.00,Android,787,5.30,5152,190
1325,Nokia,150,Black,0,0,True,4.20,2000.00,2000.00,Nokia 150,0.00,0.00,Android,861,5.50,4273,192
1326,OPPO,A53s 5G,Ink Black,6,128,True,4.30,15990.00,16990.00,OPPO A53s 5G,1000.00,5.89,Android,407,5.70,2773,71
1327,GIONEE,"S11 ",Gold,4,64,True,2.80,8389.00,8389.00,"GIONEE S11 ",0.00,0.00,Android,85,6.80,4891,80
1328,GIONEE,"P5 Mini ",Black,1,8,True,3.80,3490.00,3490.00,"GIONEE P5 Mini ",0.00,0.00,Android,885,5.00,2909,55
1329,HTC,816G,Blue,1,16,True,3.90,21990.00,21990.00,HTC 816G,0.00,0.00,Android,132,6.50,3197,122
1330,realme,"C25Y ",Metal Grey,4,128,True,0.00,11999.00,13999.00,"realme C25Y ",2000.00,14.29,Android,165,6.90,2288,42
1331,Xiaomi,"MI 11X 5G ",LUNAR WHITE,6,128,True,4.40,26495.00,28990.00,"Xiaomi MI 11X 5G ",2495.00,8.61,Android,908,6.80,5098,350
1332,ASUS,"ROG Phone 5 ",Black,12,256,True,4.50,57999.00,63999.00,"ASUS ROG Phone 5 ",6000.00,9.38,Android,395,6.60,2910,242
1333,Apple,iPhone 13 Pro Max,Sierra Blue,4,512,True,4.70,159900.00,159900.00,Apple iPhone 13 Pro Max,0.00,0.00,IOS,195,4.60,4655,149
1334,Motorola,G7,Black,4,64,True,4.30,9999.00,18999.00,Motorola G7,9000.00,47.37,Android,798,5.50,3883,246
1335,Apple,"iPhone 6s ",Space Grey,2,16,True,4.50,62000.00,62000.00,"Apple iPhone 6s ",0.00,0.00,IOS,347,4.80,5919,8
1336,Apple,"iPhone 13 Pro Max ",Silver,6,128,True,0.00,129900.00,129900.00,"Apple iPhone 13 Pro Max ",0.00,0.00,IOS,421,6.00,4462,359
1337,Lenovo,"K4 Note ",Black/Tuxedo Black,3,16,True,3.90,7999.00,7999.00,"Lenovo K4 Note ",0.00,0.00,Android,286,5.00,2252,151
1338,SAMSUNG,"Galaxy A21s ",Silver,6,128,True,4.20,17499.00,18999.00,"SAMSUNG Galaxy A21s ",1500.00,7.90,Android,308,6.20,4969,208
1339,ASUS,"ROG Phone 5 ",Black,8,128,True,4.30,49999.00,55999.00,"ASUS ROG Phone 5 ",6000.00,10.71,Android,542,4.60,5894,478
1340,SAMSUNG,"Galaxy M51 ",Celestial Black,8,128,True,4.40,27999.00,27999.00,"SAMSUNG Galaxy M51 ",0.00,0.00,Android,265,5.60,5237,12
1341,Lenovo,"K9 Note ",Black,4,64,True,4.10,11999.00,11999.00,"Lenovo K9 Note ",0.00,0.00,Android,152,5.10,5520,114
1342,Apple,"iPhone XS ",Gold,4,64,True,4.70,62999.00,89900.00,"Apple iPhone XS ",26901.00,29.92,IOS,584,5.70,2399,194
1343,SAMSUNG,GT 1200 R/I/M,Black,0,0,True,4.10,1099.00,1099.00,SAMSUNG GT 1200 R/I/M,0.00,0.00,Android,370,4.70,5818,180
1344,Apple,"iPhone 11 ",Green,4,256,True,4.60,64900.00,64900.00,"Apple iPhone 11 ",0.00,0.00,IOS,5,6.00,3236,2
1345,realme,"X7 5G ",Nebula,8,128,True,4.30,21999.00,23999.00,"realme X7 5G ",2000.00,8.33,Android,852,6.90,4949,204
1346,OPPO,R17,Neon Purple,8,128,True,3.70,38999.00,38999.00,OPPO R17,0.00,0.00,Android,912,6.60,2471,459
1347,Nokia,"6.1 Plus ",Blue,4,64,True,4.30,18599.00,18599.00,"Nokia 6.1 Plus ",0.00,0.00,Android,14,4.90,4666,11
1348,OPPO,A16,Black,3,32,True,3.70,10490.00,10490.00,OPPO A16,0.00,0.00,Android,884,4.60,3652,785
1349,OPPO,A12,Blue,3,32,True,4.40,9490.00,10990.00,OPPO A12,1500.00,13.65,Android,784,7.00,2882,10
1350,SAMSUNG,"Galaxy M12 ",White,4,64,True,4.20,11730.00,12900.00,"SAMSUNG Galaxy M12 ",1170.00,9.07,Android,539,5.70,4341,168
1351,LG,"W41 Plus ",Magic Blue,4,128,True,3.80,9499.00,18000.00,"LG W41 Plus ",8501.00,47.23,Android,336,5.20,5040,320
1352,Apple,"iPhone 12 ",Purple,4,256,True,4.60,78999.00,80900.00,"Apple iPhone 12 ",1901.00,2.35,IOS,431,6.30,5256,58
1353,ASUS,"ZenFone 5Z ",Meteor Silver,8,256,True,4.50,43999.00,43999.00,"ASUS ZenFone 5Z ",0.00,0.00,Android,905,5.50,4922,768
1354,Apple,"iPhone 6s Plus ",Silver,2,64,True,4.40,59999.00,59999.00,"Apple iPhone 6s Plus ",0.00,0.00,IOS,137,4.60,5283,48
1355,OPPO,K3,Aurora Blue,6,64,True,4.30,23990.00,24667.00,OPPO K3,677.00,2.74,Android,169,5.20,5556,55
1356,SAMSUNG,"Galaxy F12 ",Celestial Black,4,128,True,4.20,12499.00,13999.00,"SAMSUNG Galaxy F12 ",1500.00,10.72,Android,726,6.10,5298,41
1357,OPPO,A3s,Purple,2,16,True,4.40,9500.00,9500.00,OPPO A3s,0.00,0.00,Android,952,5.60,3202,145
1358,OPPO,F15,Blazing Blue,8,128,True,4.40,18990.00,22990.00,OPPO F15,4000.00,17.40,Android,563,5.70,5340,353
1359,vivo,"Y12G ",Phantom Black,12,256,True,4.40,15900.00,15900.00,"vivo Y12G ",0.00,0.00,Android,416,4.90,3608,318
1360,Infinix,S5 Lite,Quetzal Cyan,4,64,True,4.30,9999.00,9999.00,Infinix S5 Lite,0.00,0.00,Android,658,6.50,3251,75
1361,Apple,"iPhone 13 Mini ",Pink,4,256,True,0.00,79900.00,79900.00,"Apple iPhone 13 Mini ",0.00,0.00,IOS,44,5.20,5799,15
1362,Motorola,X Play,White,2,16,True,4.20,17499.00,17499.00,Motorola X Play,0.00,0.00,Android,36,6.90,2931,11
1363,OPPO,A55,Mint Green,4,64,True,4.30,15490.00,15490.00,OPPO A55,0.00,0.00,Android,474,4.90,4079,268
1364,SAMSUNG,"Galaxy A51 ",Haze Crush Silver,8,128,True,4.30,22499.00,29999.00,"SAMSUNG Galaxy A51 ",7500.00,25.00,Android,799,5.20,2081,633
1365,OPPO,Neo 7 4G,Black,1,16,True,3.80,10000.00,10000.00,OPPO Neo 7 4G,0.00,0.00,Android,298,5.70,2906,31
1366,SAMSUNG,"Galaxy A20s ",Green,4,64,True,4.30,13695.00,14900.00,"SAMSUNG Galaxy A20s ",1205.00,8.09,Android,872,6.50,6000,484
1367,Apple,"iPhone XR ",Yellow,3,256,True,4.60,91900.00,91900.00,"Apple iPhone XR ",0.00,0.00,IOS,710,5.80,5258,93
1368,Lenovo,"A2010 ",Grey,1,8,True,3.90,5499.00,5499.00,"Lenovo A2010 ",0.00,0.00,Android,883,6.90,3560,647
1369,POCO,M4 Pro,Cool Blue,6,128,True,4.40,16499.00,19999.00,POCO M4 Pro,3500.00,17.50,Android,882,6.60,2060,397
1370,vivo,Y75 5G,Starlight Black,8,128,True,4.30,21990.00,21990.00,vivo Y75 5G,0.00,0.00,Android,781,6.20,5206,663
1371,SAMSUNG,"Galaxy A6+ ",Black,4,64,True,4.40,21990.00,21990.00,"SAMSUNG Galaxy A6+ ",0.00,0.00,Android,365,6.10,2179,283
1372,SAMSUNG,"Galaxy J1 ",Black,1,8,True,4.00,7550.00,7550.00,"SAMSUNG Galaxy J1 ",0.00,0.00,Android,793,5.50,5590,253
1373,realme,"C3 ",Volcano Grey,4,64,True,4.40,9999.00,9999.00,"realme C3 ",0.00,0.00,Android,545,5.30,5374,534
1374,SAMSUNG,"Galaxy A12 ",Black,6,128,True,3.90,14999.00,14999.00,"SAMSUNG Galaxy A12 ",0.00,0.00,Android,929,6.40,3047,667
1375,SAMSUNG,"Galaxy A22 5G ",Violet,6,128,True,4.30,19999.00,22499.00,"SAMSUNG Galaxy A22 5G ",2500.00,11.11,Android,851,6.10,4676,361
1376,Xiaomi,Y11T Pro,Meteorite Black,0,256,True,4.30,41996.00,41996.00,Xiaomi Y11T Pro,0.00,0.00,Android,45,4.60,3821,42
1377,realme,"X2 ",Pearl Green,8,0,True,4.50,20999.00,20999.00,"realme X2 ",0.00,0.00,Android,875,4.70,3459,222
1378,vivo,Y95,Starry Black,4,32,True,4.40,17000.00,17000.00,vivo Y95,0.00,0.00,Android,419,6.40,4120,258
1379,GIONEE,"P5 Mini ",Yellow,1,8,True,3.80,3490.00,5999.00,"GIONEE P5 Mini ",2509.00,41.82,Android,868,6.90,3561,94
1380,SAMSUNG,"Galaxy E7 ",Black,2,16,True,4.30,16200.00,16200.00,"SAMSUNG Galaxy E7 ",0.00,0.00,Android,898,7.00,5750,778
1381,Motorola,E6s,Polished Graphite,4,64,True,4.10,7999.00,9999.00,Motorola E6s,2000.00,20.00,Android,565,4.70,5190,473
1382,SAMSUNG,"Galaxy J5 - 6 New 2016 Edition) ",Gold,2,16,True,4.20,10990.00,10990.00,"SAMSUNG Galaxy J5 - 6 New 2016 Edition) ",0.00,0.00,Android,77,6.10,4820,6
1383,OPPO,F7,Red,4,64,True,4.40,22990.00,22990.00,OPPO F7,0.00,0.00,Android,957,6.90,4409,216
1384,realme,"X ",Polar White,8,128,True,4.50,20999.00,20999.00,"realme X ",0.00,0.00,Android,275,4.80,5580,249
1385,SAMSUNG,"M01 core ",Red,2,32,True,3.90,5990.00,5990.00,"SAMSUNG M01 core ",0.00,0.00,Android,943,6.50,3229,673
1386,GIONEE,S96,Black,0,0,True,3.90,3150.00,3150.00,GIONEE S96,0.00,0.00,Android,97,6.30,3026,8
1387,Xiaomi,"REDMI Note 10 Pro ",Dark Nebula,6,128,True,4.40,19799.00,19799.00,"Xiaomi REDMI Note 10 Pro ",0.00,0.00,Android,211,6.10,2726,129
1388,vivo,T1 5G,Starlight Black,6,128,True,0.00,16990.00,20990.00,vivo T1 5G,4000.00,19.06,Android,554,7.00,4149,167
1389,SAMSUNG,"Galaxy S20 FE ",Cloud White,8,128,True,4.00,49999.00,65999.00,"SAMSUNG Galaxy S20 FE ",16000.00,24.24,Android,114,4.90,3837,63
1390,Motorola,Z Play,Black,3,32,True,4.40,24999.00,24999.00,Motorola Z Play,0.00,0.00,Android,351,4.90,2131,271
1391,SAMSUNG,"Galaxy F42 5G ",Matte Black,8,128,True,4.10,22999.00,25999.00,"SAMSUNG Galaxy F42 5G ",3000.00,11.54,Android,212,5.50,4016,42
1392,vivo,Y69,Gold,3,32,True,4.30,11999.00,11999.00,vivo Y69,0.00,0.00,Android,830,6.50,3797,636
1393,Apple,"iPhone 8 ",Red,2,64,True,4.70,38999.00,39900.00,"Apple iPhone 8 ",901.00,2.26,IOS,360,5.50,4674,101
1394,Google Pixel,2,Clearly White,4,128,True,4.60,70000.00,70000.00,Google Pixel 2,0.00,0.00,Android,313,6.10,4513,203
1395,OPPO,A15,Rainbow Silver,3,32,True,4.30,11249.00,11249.00,OPPO A15,0.00,0.00,Android,912,5.20,2056,781
1396,SAMSUNG,Metro B312E Dual Sim - White,Black,0,0,True,4.40,1599.00,1599.00,SAMSUNG Metro B312E Dual Sim - White,0.00,0.00,Android,15,4.50,2532,7
1397,Nokia,6.2,Ice,4,64,True,4.20,13790.00,13790.00,Nokia 6.2,0.00,0.00,Android,532,6.50,2875,433
1398,ASUS,"ZenFone 5Z ",Meteor Silver,6,128,True,4.50,36299.00,36299.00,"ASUS ZenFone 5Z ",0.00,0.00,Android,887,6.70,2481,759
1399,realme,"X ",Space Blue,4,0,True,4.50,17999.00,17999.00,"realme X ",0.00,0.00,Android,611,6.90,4836,364
1400,Motorola,"G9 Power ",Metallic Sage,4,64,True,4.10,11999.00,15999.00,"Motorola G9 Power ",4000.00,25.00,Android,612,5.70,2319,259
1401,SAMSUNG,"Galaxy Note 4 ",Frost White,3,32,True,4.10,27990.00,27990.00,"SAMSUNG Galaxy Note 4 ",0.00,0.00,Android,434,6.40,3181,258
1402,Xiaomi,11i Hypercharge 5G,Purple Mist,6,128,True,4.20,26999.00,31999.00,Xiaomi 11i Hypercharge 5G,5000.00,15.63,Android,25,5.50,3131,0
1403,realme,"C20 ",Cool Blue,2,32,True,4.40,7499.00,7999.00,"realme C20 ",500.00,6.25,Android,400,6.40,5758,55
1404,SAMSUNG,"Galaxy J2 Ace ",Black,0,8,True,4.10,8090.00,8090.00,"SAMSUNG Galaxy J2 Ace ",0.00,0.00,Android,688,5.60,4828,356
1405,OPPO,A55,Starry Black,6,128,True,3.80,17490.00,20990.00,OPPO A55,3500.00,16.67,Android,675,5.40,3170,671
1406,SAMSUNG,M52 5G,Blazing Black,6,128,True,4.30,25990.00,25990.00,SAMSUNG M52 5G,0.00,0.00,Android,97,6.00,4437,75
1407,Xiaomi,Redmi Note 11T 5G,Stardust White,8,129,True,4.20,22163.00,22163.00,Xiaomi Redmi Note 11T 5G,0.00,0.00,Android,551,5.60,2453,205
1408,Xiaomi,"Redmi Note 7 ",Ruby Red,3,32,True,4.20,11900.00,11900.00,"Xiaomi Redmi Note 7 ",0.00,0.00,Android,350,6.30,4680,235
1409,Apple,"iPhone XS ",Space Grey,4,256,True,4.70,76999.00,103900.00,"Apple iPhone XS ",26901.00,25.89,IOS,930,5.40,3948,680
1410,SAMSUNG,"Galaxy M51 ",Electric Blue,8,128,True,4.40,22999.00,22999.00,"SAMSUNG Galaxy M51 ",0.00,0.00,Android,593,6.20,5884,185
1411,Motorola,"G 3rd Generation ",White,1,8,True,4.20,11999.00,11999.00,"Motorola G 3rd Generation ",0.00,0.00,Android,776,6.00,3123,669
1412,OPPO,A9 2020,Space Purple,8,128,True,4.30,15990.00,21990.00,OPPO A9 2020,6000.00,27.29,Android,390,6.00,5014,114
1413,realme,"C2 ",Diamond Ruby,3,32,True,4.40,7499.00,8999.00,"realme C2 ",1500.00,16.67,Android,471,5.10,2614,267
1414,HTC,820 G+,Milkyway Grey,1,16,True,3.90,19695.00,19695.00,HTC 820 G+,0.00,0.00,Android,885,5.40,4146,533
1415,realme,"Narzo 30 ",Racing Blue,6,64,True,4.30,14499.00,15999.00,"realme Narzo 30 ",1500.00,9.38,Android,699,5.90,3287,695
1416,SAMSUNG,"Galaxy A22 5G ",Mint,6,128,True,4.30,19818.00,20969.00,"SAMSUNG Galaxy A22 5G ",1151.00,5.49,Android,525,5.40,4977,140
1417,GIONEE,"Elife E3 ",Blue,1,16,True,4.30,6500.00,6500.00,"GIONEE Elife E3 ",0.00,0.00,Android,483,5.50,4842,207
1418,LG,"X Screen K500I ",Black,2,16,True,4.00,7990.00,7990.00,"LG X Screen K500I ",0.00,0.00,Android,49,5.10,3721,36
1419,Lenovo,"K9 Note ",Gold,4,64,True,4.10,11999.00,11999.00,"Lenovo K9 Note ",0.00,0.00,Android,928,5.50,2215,736
1420,vivo,"X70 Pro ",Cosmic Black,12,256,True,4.50,52990.00,57990.00,"vivo X70 Pro ",5000.00,8.62,Android,193,5.30,2605,39
1421,Xiaomi,9A Sport,Metallic Blue,3,32,True,4.30,8599.00,8999.00,Xiaomi 9A Sport,400.00,4.44,Android,201,6.80,5910,3
1422,ASUS,"ROG Phone 3 ",Black,8,128,True,4.40,46999.00,55999.00,"ASUS ROG Phone 3 ",9000.00,16.07,Android,700,6.00,3535,45
1423,OPPO,F11,Fluorite Purple,6,128,True,4.40,17990.00,23990.00,OPPO F11,6000.00,25.01,Android,397,6.40,2425,61
1424,Nokia,"6.1 Plus ",Blue,6,64,True,4.10,11990.00,16999.00,"Nokia 6.1 Plus ",5009.00,29.47,Android,939,6.20,2227,91
1425,realme,2,Diamond Red,3,0,True,4.50,9990.00,9990.00,realme 2,0.00,0.00,Android,760,4.70,4152,718
1426,realme,"C21 ",Cross Black,4,64,True,4.40,9999.00,10999.00,"realme C21 ",1000.00,9.09,Android,898,4.50,3796,162
1427,SAMSUNG,Metro XL,Black,0,0,True,4.20,3285.00,3285.00,SAMSUNG Metro XL,0.00,0.00,Android,183,6.20,5558,37
1428,SAMSUNG,"Galaxy Star Pro ",White,0,4,True,3.80,4199.00,4199.00,"SAMSUNG Galaxy Star Pro ",0.00,0.00,Android,537,6.90,4510,340
1429,ASUS,"Zenfone Max ZC550KL ",Blue,3,32,True,4.10,14499.00,14499.00,"ASUS Zenfone Max ZC550KL ",0.00,0.00,Android,649,6.50,3247,458
1430,Nokia,5.3,CHARCOAL,6,64,True,3.70,12999.00,12999.00,Nokia 5.3,0.00,0.00,Android,829,5.10,5773,223
1431,OPPO,A15s,Rainbow Silver,4,128,True,4.30,13489.00,13489.00,OPPO A15s,0.00,0.00,Android,954,4.50,2714,629
1432,ASUS,"Zenfone Selfie ",Silver,3,16,True,4.00,6749.00,6749.00,"ASUS Zenfone Selfie ",0.00,0.00,Android,87,5.90,4759,69
1433,Apple,"iPhone XS Max ",Gold,4,256,True,4.60,78999.00,124900.00,"Apple iPhone XS Max ",45901.00,36.75,IOS,103,6.60,4827,66
1434,vivo,T1 5G,Starlight Black,4,128,True,0.00,15990.00,19990.00,vivo T1 5G,4000.00,20.01,Android,82,5.80,3685,26
1435,GIONEE,"F8 Neo ",Red,2,32,True,3.90,5666.00,5666.00,"GIONEE F8 Neo ",0.00,0.00,Android,835,4.70,3700,251
1436,Xiaomi,"Redmi Note 5 Pro ",Gold,4,64,True,4.50,14999.00,14999.00,"Xiaomi Redmi Note 5 Pro ",0.00,0.00,Android,428,5.10,2646,413
1437,Apple,"iPhone 12 Pro ",Gold,6,128,True,4.60,109900.00,109900.00,"Apple iPhone 12 Pro ",0.00,0.00,IOS,146,5.60,5349,26
1438,Apple,"iPhone XR ",Black,3,64,True,4.60,42999.00,47900.00,"Apple iPhone XR ",4901.00,10.23,IOS,405,6.70,3779,81
1439,SAMSUNG,"Galaxy J4 Plus ",Blue,2,32,True,4.30,9000.00,9000.00,"SAMSUNG Galaxy J4 Plus ",0.00,0.00,Android,36,4.80,5702,35
1440,Infinix,Smart 2,Sandstone Black,2,16,True,4.10,6999.00,6999.00,Infinix Smart 2,0.00,0.00,Android,437,5.80,4818,65
1441,Motorola,"Edge 20 ",Frosted Pearl,8,128,True,4.40,29999.00,34999.00,"Motorola Edge 20 ",5000.00,14.29,Android,542,5.30,3804,348
1442,Apple,"iPhone 13 Pro Max ",Graphite,6,512,True,0.00,159900.00,159900.00,"Apple iPhone 13 Pro Max ",0.00,0.00,IOS,906,5.30,4996,839
1443,OPPO,Reno3 Pro,Sky White,8,128,True,4.40,24719.00,25489.00,OPPO Reno3 Pro,770.00,3.02,Android,693,6.50,3233,421
1444,vivo,"Y12G ",Glacier Blue,6,128,True,4.50,15990.00,15990.00,"vivo Y12G ",0.00,0.00,Android,188,6.30,3235,82
1445,Motorola,X4,Super Black,3,32,True,4.30,21999.00,21999.00,Motorola X4,0.00,0.00,Android,128,4.70,3233,72
1446,OPPO,A74 5G,Fantastic Purple,6,128,True,4.30,18979.00,18979.00,OPPO A74 5G,0.00,0.00,Android,181,4.90,3636,157
1447,Motorola,"One Vision ",Bronze Gradient,4,128,True,4.20,14999.00,22999.00,"Motorola One Vision ",8000.00,34.78,Android,657,5.50,4683,264
1448,SAMSUNG,"Galaxy Note 9 ",Metallic Copper,8,512,True,4.60,93000.00,93000.00,"SAMSUNG Galaxy Note 9 ",0.00,0.00,Android,553,6.10,4543,550
1449,Apple,"iPhone 13 Pro Max ",Sierra Blue,6,512,True,0.00,159900.00,159900.00,"Apple iPhone 13 Pro Max ",0.00,0.00,IOS,487,4.70,5705,296
1450,Infinix,Smart 2,"Bordeaux Red ",3,32,True,4.10,7946.00,7999.00,Infinix Smart 2,53.00,0.66,Android,625,5.00,4301,93
1451,vivo,Z1x,Phantom Purple,6,64,True,5.00,19990.00,19990.00,vivo Z1x,0.00,0.00,Android,943,6.70,4587,836
1452,SAMSUNG,Guru E1207T,Black,0,0,True,4.10,1560.00,1560.00,SAMSUNG Guru E1207T,0.00,0.00,Android,732,6.30,3635,524
1453,Nokia,130,Black,0,0,True,4.20,1600.00,1600.00,Nokia 130,0.00,0.00,Android,472,5.30,4676,177
1454,Infinix,Note 5,Milan Black,3,32,True,4.20,10999.00,10999.00,Infinix Note 5,0.00,0.00,Android,893,5.20,3955,388
1455,GIONEE,"P5 Mini ",Gold,1,8,True,3.80,3599.00,3599.00,"GIONEE P5 Mini ",0.00,0.00,Android,805,5.30,3945,230
1456,Nokia,5,Matte Black,2,16,True,4.00,6999.00,6999.00,Nokia 5,0.00,0.00,Android,690,6.40,3796,125
1457,OPPO,A74 5G,Fluid Black,4,128,True,0.00,18490.00,18490.00,OPPO A74 5G,0.00,0.00,Android,528,6.30,2098,267
1458,Infinix,Smart 4,Ocean Wave,2,32,True,4.40,8999.00,8999.00,Infinix Smart 4,0.00,0.00,Android,838,6.00,3726,285
1459,GIONEE,"P5L ",Red,1,16,True,3.70,9199.00,9199.00,"GIONEE P5L ",0.00,0.00,Android,280,5.60,5536,50
1460,SAMSUNG,M52 5G,Slate Black,8,128,True,4.20,22989.00,22989.00,SAMSUNG M52 5G,0.00,0.00,Android,967,5.40,4295,53
1461,SAMSUNG,"Galaxy J7 Nxt ",Black,2,16,True,4.40,11995.00,11995.00,"SAMSUNG Galaxy J7 Nxt ",0.00,0.00,Android,870,4.70,2715,387
1462,Xiaomi,"Redmi K20 Pro ",Carbon Black,8,256,True,4.40,29999.00,29999.00,"Xiaomi Redmi K20 Pro ",0.00,0.00,Android,598,5.40,4448,16
1463,SAMSUNG,"Galaxy A22 ",Black,6,128,True,4.30,17575.00,19499.00,"SAMSUNG Galaxy A22 ",1924.00,9.87,Android,180,4.80,4513,51
1464,Xiaomi,"Redmi Y2 ",Blue,3,32,True,4.30,9499.00,9499.00,"Xiaomi Redmi Y2 ",0.00,0.00,Android,141,5.40,5346,53
1465,SAMSUNG,"Galaxy J7 ",Black,0,16,True,4.30,11700.00,11700.00,"SAMSUNG Galaxy J7 ",0.00,0.00,Android,677,5.00,2255,177
1466,SAMSUNG,"Galaxy M32 5G ",Slate Black,8,128,True,0.00,24999.00,24999.00,"SAMSUNG Galaxy M32 5G ",0.00,0.00,Android,917,4.80,3589,447
1467,Apple,"iPhone 7 Plus ",Rose Gold,3,128,True,4.50,42900.00,42900.00,"Apple iPhone 7 Plus ",0.00,0.00,IOS,251,4.60,4070,247
1468,realme,"C25Y ",Metal Grey,4,128,True,4.50,12049.00,13999.00,"realme C25Y ",1950.00,13.93,Android,33,5.40,5781,12
1469,ASUS,"Zenfone 4 Selfie ",Rose Pink,3,32,True,4.10,10999.00,10999.00,"ASUS Zenfone 4 Selfie ",0.00,0.00,Android,611,5.90,4438,38
1470,SAMSUNG,"Galaxy M30 ",Black,3,32,True,4.30,10399.00,11000.00,"SAMSUNG Galaxy M30 ",601.00,5.46,Android,362,4.60,2466,138
1471,OPPO,F15,Unicorn White,4,128,True,4.40,15990.00,20990.00,OPPO F15,5000.00,23.82,Android,365,5.10,2532,256
1472,vivo,Y21A,Diamond Glow,4,64,True,4.10,14449.00,14449.00,vivo Y21A,0.00,0.00,Android,273,6.90,5004,264
1473,Nokia,7.2,Cyan Green,6,64,True,4.10,20999.00,20999.00,Nokia 7.2,0.00,0.00,Android,269,5.50,3694,50
1474,GIONEE,"Pioneer P2 ",White,0,4,True,3.60,3490.00,3490.00,"GIONEE Pioneer P2 ",0.00,0.00,Android,880,5.40,4900,826
1475,Infinix,Note 5,Berlin Gray,4,64,True,4.20,12999.00,12999.00,Infinix Note 5,0.00,0.00,Android,824,6.60,4850,597
1476,Motorola,"G40 Fusion ",Dynamic Gray,6,128,True,4.30,16499.00,19999.00,"Motorola G40 Fusion ",3500.00,17.50,Android,939,5.70,3668,314
1477,vivo,Z1 Pro,Mirror Black,4,64,True,4.50,15990.00,15990.00,vivo Z1 Pro,0.00,0.00,Android,560,6.10,3269,135
1478,LG,"Spirit ",Black Gold,1,8,True,3.80,8000.00,8000.00,"LG Spirit ",0.00,0.00,Android,446,6.80,4589,204
1479,Nokia,125 DS 2020,Black,0,0,True,3.90,2349.00,2349.00,Nokia 125 DS 2020,0.00,0.00,Android,989,5.50,4462,918
1480,Lenovo,"A5 ",Black,2,16,True,4.10,6999.00,6999.00,"Lenovo A5 ",0.00,0.00,Android,709,5.70,2345,414
1481,SAMSUNG,Rex 60,Black,0,0,True,3.30,3400.00,3400.00,SAMSUNG Rex 60,0.00,0.00,Android,726,5.10,3664,219
1482,realme,"X2 Pro ",Lunar White,8,128,True,4.50,31999.00,31999.00,"realme X2 Pro ",0.00,0.00,Android,246,6.90,2250,224
1483,SAMSUNG,"On5 Pro ",Black,2,16,True,4.20,6990.00,6990.00,"SAMSUNG On5 Pro ",0.00,0.00,Android,609,6.80,3968,473
1484,realme,"C12 ",Power Blue,4,64,True,4.40,10999.00,10999.00,"realme C12 ",0.00,0.00,Android,58,5.40,5823,35
1485,HTC,One E9+,Meteor Grey,3,32,True,3.90,38800.00,38800.00,HTC One E9+,0.00,0.00,Android,892,5.80,3892,348
1486,Apple,"iPhone SE ",Red,2,64,True,4.50,32999.00,39900.00,"Apple iPhone SE ",6901.00,17.30,IOS,315,5.30,3070,59
1487,LG,"G8X ",Black,6,128,True,4.40,27990.00,70000.00,"LG G8X ",42010.00,60.01,Android,824,6.40,5315,87
1488,OPPO,F5 Youth,Black,3,32,True,4.30,17990.00,17990.00,OPPO F5 Youth,0.00,0.00,Android,212,6.70,5296,139
1489,SAMSUNG,Guru FM Plus,Black,0,0,True,4.20,1100.00,1100.00,SAMSUNG Guru FM Plus,0.00,0.00,Android,554,6.60,5978,430
1490,Motorola,"G10 Power ",Breeze Blue,4,64,True,4.10,10499.00,12999.00,"Motorola G10 Power ",2500.00,19.23,Android,353,5.70,3051,224
1491,POCO,M4 Pro,Power Black,6,128,True,4.40,16499.00,19999.00,POCO M4 Pro,3500.00,17.50,Android,773,5.90,5167,473
1492,SAMSUNG,"Galaxy J7 Duo ",Black,4,32,True,4.30,17962.00,17962.00,"SAMSUNG Galaxy J7 Duo ",0.00,0.00,Android,933,6.90,2916,589
1493,GIONEE,"M7 ",Blue,6,64,True,2.70,9964.00,9974.00,"GIONEE M7 ",10.00,0.10,Android,882,4.70,3611,406
1494,SAMSUNG,"Galaxy M40 ",Midnight Blue,6,128,True,4.10,14300.00,14300.00,"SAMSUNG Galaxy M40 ",0.00,0.00,Android,107,5.20,5893,66
1495,Nokia,110 4G,Black,0,0,True,0.00,2997.00,2997.00,Nokia 110 4G,0.00,0.00,Android,946,6.60,2107,568
1496,SAMSUNG,"Galaxy F62 ",Laser Green,8,128,True,4.30,25999.00,31999.00,"SAMSUNG Galaxy F62 ",6000.00,18.75,Android,599,6.80,2996,44
1497,SAMSUNG,"Galaxy Star 2 ",Iris Charcoal,0,4,True,3.90,4890.00,4890.00,"SAMSUNG Galaxy Star 2 ",0.00,0.00,Android,441,4.70,5972,27
1498,OPPO,Ravichandran Ashwin Limited Edition,Black,4,64,True,4.40,22990.00,22990.00,OPPO Ravichandran Ashwin Limited Edition,0.00,0.00,Android,515,6.60,3054,514
1499,POCO,"C3 ",Lime Green,4,64,True,4.30,8999.00,10999.00,"POCO C3 ",2000.00,18.18,Android,536,6.40,5426,427
1500,SAMSUNG,"Grand Prime ",Grey,1,8,True,4.00,10899.00,10899.00,"SAMSUNG Grand Prime ",0.00,0.00,Android,711,6.30,5780,354
1501,Apple,"iPhone 8 Plus ",Gold,3,256,True,4.60,84900.00,84900.00,"Apple iPhone 8 Plus ",0.00,0.00,IOS,563,6.20,5800,229
1502,ASUS,"Zenfone Zoom ",Black,4,128,True,3.60,37999.00,37999.00,"ASUS Zenfone Zoom ",0.00,0.00,Android,331,5.60,4071,186
1503,Nokia,150 DS 2020,Black,0,0,True,4.10,2440.00,2510.00,Nokia 150 DS 2020,70.00,2.79,Android,27,4.90,3763,11
1504,OPPO,A16,White,3,32,True,3.70,10490.00,10490.00,OPPO A16,0.00,0.00,Android,48,6.60,3483,40
1505,Google Pixel,"3a ",Just Black,4,64,True,4.50,39999.00,39999.00,"Google Pixel 3a ",0.00,0.00,Android,62,6.80,3723,3
1506,Nokia,105,Black,0,0,True,4.30,1000.00,1000.00,Nokia 105,0.00,0.00,Android,642,5.40,2791,26
1507,SAMSUNG,"Z4 ",Gold,1,8,True,3.50,6200.00,6200.00,"SAMSUNG Z4 ",0.00,0.00,Android,120,5.60,2188,37
1508,Apple,"iPhone 11 Pro ",Gold,4,512,True,4.60,140300.00,140300.00,"Apple iPhone 11 Pro ",0.00,0.00,IOS,724,5.40,4746,489
1509,SAMSUNG,"Galaxy M30s ",White,4,64,True,4.30,14990.00,14990.00,"SAMSUNG Galaxy M30s ",0.00,0.00,Android,614,4.80,4714,396
1510,realme,"6i ",Eclipse Black,6,0,True,4.40,13999.00,15999.00,"realme 6i ",2000.00,12.50,Android,857,5.30,5752,336
1511,Apple,"iPhone 6 Plus ",Space Grey,1,64,True,4.50,48999.00,48999.00,"Apple iPhone 6 Plus ",0.00,0.00,IOS,453,5.80,2186,186
1512,Nokia,2.1,Black,1,8,True,4.00,6500.00,6500.00,Nokia 2.1,0.00,0.00,Android,685,6.60,4036,324
1513,realme,9 Pro+ 5G,Midnight Black,6,128,True,4.40,24999.00,27999.00,realme 9 Pro+ 5G,3000.00,10.71,Android,804,5.50,5868,260
1514,SAMSUNG,"Galaxy M31s ",Mirage Black,6,128,True,4.30,19725.00,19725.00,"SAMSUNG Galaxy M31s ",0.00,0.00,Android,134,6.80,3769,51
1515,realme,"Narzo 50i ",Carbon Black,2,32,True,4.40,7499.00,7999.00,"realme Narzo 50i ",500.00,6.25,Android,714,6.70,5136,102
1516,Apple,iPhone 13 Pro Max,Gold,4,128,True,4.70,129900.00,129900.00,Apple iPhone 13 Pro Max,0.00,0.00,IOS,43,5.10,3981,8
1517,SAMSUNG,"Galaxy A6 ",Black,4,64,True,4.30,23748.00,23748.00,"SAMSUNG Galaxy A6 ",0.00,0.00,Android,837,4.90,2565,184
1518,SAMSUNG,"Galaxy A32 ",Awesome Blue,8,128,True,4.40,22910.00,23900.00,"SAMSUNG Galaxy A32 ",990.00,4.14,Android,581,5.50,4146,94
1519,Apple,"iPhone 6s ",Silver,2,32,True,4.50,25299.00,29900.00,"Apple iPhone 6s ",4601.00,15.39,IOS,989,6.60,5519,406
1520,Nokia,"C01 Plus ",Blue,2,16,True,0.00,6499.00,6499.00,"Nokia C01 Plus ",0.00,0.00,Android,773,4.90,4073,594
1521,realme,"C3 ",Frozen Blue,4,64,True,4.40,10999.00,10999.00,"realme C3 ",0.00,0.00,Android,718,6.00,2722,63
1522,Xiaomi,"Redmi Note 5 ",Black,4,64,True,4.30,10999.00,11499.00,"Xiaomi Redmi Note 5 ",500.00,4.35,Android,764,5.20,4136,522
1523,GIONEE,"F9 Plus ",Black,3,32,True,4.10,9490.00,9490.00,"GIONEE F9 Plus ",0.00,0.00,Android,533,6.70,3175,122
1524,ASUS,"6Z ",Matte Black,8,256,True,4.30,43999.00,43999.00,"ASUS 6Z ",0.00,0.00,Android,16,6.50,2389,7
1525,SAMSUNG,"Galaxy A30s ",Prism Crush Violet,4,128,True,4.30,19900.00,19900.00,"SAMSUNG Galaxy A30s ",0.00,0.00,Android,254,6.60,2907,163
1526,SAMSUNG,"Galaxy A51 ",Prism Crush White,8,128,True,4.30,22499.00,29999.00,"SAMSUNG Galaxy A51 ",7500.00,25.00,Android,454,5.50,5993,267
1527,Lenovo,"A850 ",White,1,4,True,4.10,15999.00,15999.00,"Lenovo A850 ",0.00,0.00,Android,266,6.20,2624,226
1528,Motorola,"X 2nd Generation ",Black,2,16,True,4.20,14500.00,14500.00,"Motorola X 2nd Generation ",0.00,0.00,Android,371,6.10,4484,168
1529,vivo,V23 Pro 5G,Stardust Black,12,256,True,4.10,43990.00,45990.00,vivo V23 Pro 5G,2000.00,4.35,Android,939,4.60,5195,4
1530,vivo,"Y1S ",Aurora Blue,8,128,True,4.40,13890.00,13990.00,"vivo Y1S ",100.00,0.71,Android,863,6.50,3949,614
1531,SAMSUNG,"Galaxy S6 Edge ",White Pearl,3,32,True,4.00,44900.00,44900.00,"SAMSUNG Galaxy S6 Edge ",0.00,0.00,Android,808,6.30,4545,34
1532,vivo,V23 5G,Stardust Black,8,128,True,4.40,29990.00,34990.00,vivo V23 5G,5000.00,14.29,Android,560,6.70,2147,227
1533,Apple,"iPhone 8 ",Red,2,64,True,4.70,38999.00,39900.00,"Apple iPhone 8 ",901.00,2.26,IOS,170,5.60,5416,86
1534,LG,"W41 ",MAGIC BLUE,4,64,True,4.00,10499.00,10499.00,"LG W41 ",0.00,0.00,Android,869,6.70,5318,589
1535,realme,"Narzo 50A ",Oxygen Blue,4,64,True,4.40,11499.00,12999.00,"realme Narzo 50A ",1500.00,11.54,Android,779,5.90,5055,321
1536,Apple,"iPhone XR ",Red,3,128,True,4.60,47999.00,52900.00,"Apple iPhone XR ",4901.00,9.26,IOS,174,5.40,5071,100
1537,SAMSUNG,Metro 350,Black,0,0,True,3.60,3200.00,3200.00,SAMSUNG Metro 350,0.00,0.00,Android,887,4.50,3271,36
1538,SAMSUNG,B351E/Metro 350,Black,0,0,True,4.20,2980.00,2980.00,SAMSUNG B351E/Metro 350,0.00,0.00,Android,433,5.40,4360,50
1539,Lenovo,"Vibe P1 Turbo ",Silver,3,32,True,3.70,7650.00,7650.00,"Lenovo Vibe P1 Turbo ",0.00,0.00,Android,808,6.40,4810,82
1540,SAMSUNG,"Galaxy M11 ",Black,3,32,True,4.20,11744.00,11749.00,"SAMSUNG Galaxy M11 ",5.00,0.04,Android,681,5.70,5422,158
1541,Motorola,"G9 ",Forest Green,4,64,True,4.20,10999.00,14999.00,"Motorola G9 ",4000.00,26.67,Android,849,4.50,2116,384
1542,Apple,"iPhone 6 ",Gold,1,32,True,4.40,30780.00,30780.00,"Apple iPhone 6 ",0.00,0.00,IOS,982,4.90,4054,275
1543,ASUS,"ROG Phone 5 ",White,12,256,True,4.50,57999.00,63999.00,"ASUS ROG Phone 5 ",6000.00,9.38,Android,813,6.20,5553,765
1544,realme,"8 5G ",Supersonic Black,4,64,True,4.30,15499.00,15999.00,"realme 8 5G ",500.00,3.13,Android,782,6.00,4938,711
1545,Nokia,7.2,Charcoal,6,64,True,4.10,20999.00,20999.00,Nokia 7.2,0.00,0.00,Android,6,5.50,5090,1
1546,SAMSUNG,"Galaxy Note 10 Plus ",Aura Glow,12,512,True,4.60,95000.00,95000.00,"SAMSUNG Galaxy Note 10 Plus ",0.00,0.00,Android,329,4.90,2161,288
1547,Xiaomi,"Redmi Note 7 ",Ruby Red,4,64,True,4.10,13399.00,14399.00,"Xiaomi Redmi Note 7 ",1000.00,6.94,Android,438,4.90,4791,270
1548,SAMSUNG,"Galaxy A12 ",Black,6,128,True,3.90,14999.00,14999.00,"SAMSUNG Galaxy A12 ",0.00,0.00,Android,908,5.00,4784,860
1549,OPPO,A37f,Grey,2,16,True,4.20,10000.00,10000.00,OPPO A37f,0.00,0.00,Android,498,6.60,4257,401
1550,SAMSUNG,"Galaxy S7 Edge ",Silver Titanium,4,32,True,4.40,41900.00,41900.00,"SAMSUNG Galaxy S7 Edge ",0.00,0.00,Android,272,5.90,2984,24
1551,SAMSUNG,"Galaxy S4 ",White Frost,2,16,True,3.90,40690.00,40690.00,"SAMSUNG Galaxy S4 ",0.00,0.00,Android,264,6.70,5264,82
1552,ASUS,Zenfone Go 2nd Gen,Yellow,1,8,True,3.70,5299.00,5299.00,ASUS Zenfone Go 2nd Gen,0.00,0.00,Android,125,5.40,4049,47
1553,SAMSUNG,"Galaxy Z Fold3 5G ",Phantom Green,12,256,True,4.40,149999.00,171999.00,"SAMSUNG Galaxy Z Fold3 5G ",22000.00,12.79,Android,884,4.60,5279,573
1554,SAMSUNG,"Galaxy A52 ",Awesome White,8,128,True,4.40,28999.00,31999.00,"SAMSUNG Galaxy A52 ",3000.00,9.38,Android,734,4.90,5296,466
1555,SAMSUNG,"Galaxy A10 ",Blue,2,32,True,4.30,7990.00,8700.00,"SAMSUNG Galaxy A10 ",710.00,8.16,Android,914,6.50,4736,132
1556,Apple,"iPhone 7 ",Rose Gold,2,32,True,4.50,24999.00,31500.00,"Apple iPhone 7 ",6501.00,20.64,IOS,714,5.80,4485,501
1557,realme,"Narzo 30 Pro 5G ",Sword Black,6,64,True,4.30,16999.00,18999.00,"realme Narzo 30 Pro 5G ",2000.00,10.53,Android,776,5.00,4588,183
1558,SAMSUNG,"Galaxy J2 Pro ",Gold,2,16,True,4.20,8200.00,8200.00,"SAMSUNG Galaxy J2 Pro ",0.00,0.00,Android,521,5.10,3718,518
1559,SAMSUNG,"Galaxy S9 Plus ",Midnight Black,6,64,True,4.50,70000.00,70000.00,"SAMSUNG Galaxy S9 Plus ",0.00,0.00,Android,437,5.00,5869,226
1560,vivo,Y20 T,Purist Blue,6,64,True,4.30,15490.00,15490.00,vivo Y20 T,0.00,0.00,Android,175,6.10,4261,138
1561,realme,"X3 SuperZoom ",Glacier Blue,12,0,True,4.20,32999.00,34999.00,"realme X3 SuperZoom ",2000.00,5.71,Android,22,6.10,2202,3
1562,LG,"G4 ",Genuine Leather Black,3,32,True,4.00,35990.00,35990.00,"LG G4 ",0.00,0.00,Android,632,6.00,4017,623
1563,OPPO,Reno4 Pro,Starry Night,8,128,True,4.40,34990.00,37990.00,OPPO Reno4 Pro,3000.00,7.90,Android,729,6.40,2530,661
1564,Xiaomi,"Redmi Note 9 Pro ",Champagne Gold,4,64,True,4.30,14999.00,14999.00,"Xiaomi Redmi Note 9 Pro ",0.00,0.00,Android,775,6.70,5578,389
1565,Xiaomi,"Redmi Y2 ",Black,4,64,True,4.30,10999.00,10999.00,"Xiaomi Redmi Y2 ",0.00,0.00,Android,197,5.90,3290,101
1566,Apple,"iPhone 12 Mini ",Red,4,256,True,4.50,71999.00,74900.00,"Apple iPhone 12 Mini ",2901.00,3.87,IOS,418,4.60,4269,0
1567,Lenovo,"A2010 ",Black,1,8,True,3.90,5490.00,5490.00,"Lenovo A2010 ",0.00,0.00,Android,202,4.50,2572,149
1568,Apple,"iPhone 13 Pro ",Sierra Blue,6,512,True,0.00,149900.00,149900.00,"Apple iPhone 13 Pro ",0.00,0.00,IOS,486,5.80,2823,311
1569,SAMSUNG,Metro 350,Black,0,0,True,4.10,2940.00,2940.00,SAMSUNG Metro 350,0.00,0.00,Android,865,5.20,3266,513
1570,SAMSUNG,"Galaxy F02s ",Diamond White,3,32,True,4.20,9499.00,10499.00,"SAMSUNG Galaxy F02s ",1000.00,9.52,Android,160,5.10,3277,35
1571,Lenovo,"A6 Note ",Black,3,32,True,4.20,9999.00,9999.00,"Lenovo A6 Note ",0.00,0.00,Android,963,6.90,3664,342
1572,SAMSUNG,"Galaxy M01s ",Light Blue,3,32,True,4.20,10999.00,10999.00,"SAMSUNG Galaxy M01s ",0.00,0.00,Android,123,7.00,3542,35
1573,realme,"Narzo 20A ",Glory Silver,4,64,True,4.40,9499.00,11999.00,"realme Narzo 20A ",2500.00,20.84,Android,241,4.50,3499,7
1574,Infinix,Note 10,Purple,4,64,True,4.20,10999.00,13999.00,Infinix Note 10,3000.00,21.43,Android,380,5.30,4064,34
1575,LG,"G3 Beat ",White,1,8,True,3.80,15999.00,15999.00,"LG G3 Beat ",0.00,0.00,Android,924,4.80,2310,813
1576,Infinix,Note 4,Milan Black,3,32,True,4.20,8999.00,8999.00,Infinix Note 4,0.00,0.00,Android,729,5.80,5593,199
1577,vivo,"Y20G 2021 ",Obsidian Black,6,128,True,4.30,29990.00,34990.00,"vivo Y20G 2021 ",5000.00,14.29,Android,941,6.30,3487,675
1578,Xiaomi,"Redmi 5 ",Lake Blue,3,32,True,4.20,8990.00,8990.00,"Xiaomi Redmi 5 ",0.00,0.00,Android,838,6.60,4180,136
1579,Xiaomi,11i 5G,Purple Mist,8,128,True,4.30,28999.00,33999.00,Xiaomi 11i 5G,5000.00,14.71,Android,56,6.10,4778,42
1580,Apple,"iPhone 12 Mini ",White,4,64,True,4.50,56999.00,59900.00,"Apple iPhone 12 Mini ",2901.00,4.84,IOS,626,6.50,5770,259
1581,SAMSUNG,"Galaxy S9 ",Lilac Purple,4,128,True,4.40,39900.00,39900.00,"SAMSUNG Galaxy S9 ",0.00,0.00,Android,132,4.50,3209,67
1582,Apple,"iPhone 13 ",Green,4,512,True,4.70,104900.00,109900.00,"Apple iPhone 13 ",5000.00,4.55,IOS,640,4.60,2043,266
1583,Infinix,Smart 4 Plus,Midnight Black,3,32,True,4.40,9999.00,9999.00,Infinix Smart 4 Plus,0.00,0.00,Android,533,5.80,3187,415
1584,Infinix,Hot 10S,Black,4,64,True,4.30,9999.00,12999.00,Infinix Hot 10S,3000.00,23.08,Android,428,6.70,4761,266
1585,Apple,"iPhone 6s Plus ",Gold,2,16,True,4.40,49999.00,49999.00,"Apple iPhone 6s Plus ",0.00,0.00,IOS,505,5.50,4961,480
1586,Xiaomi,"Redmi Note 5 ",Rose Gold,3,32,True,4.40,9998.00,9998.00,"Xiaomi Redmi Note 5 ",0.00,0.00,Android,110,6.60,3826,79
1587,ASUS,"Zenfone Selfie ",Gold,3,16,True,4.00,9999.00,9999.00,"ASUS Zenfone Selfie ",0.00,0.00,Android,845,5.40,4529,237
1588,Nokia,110 TA-1302 DS,Black,0,0,True,4.10,1695.00,1695.00,Nokia 110 TA-1302 DS,0.00,0.00,Android,632,5.60,5456,186
1589,Apple,"iPhone 8 Plus ",Red,3,256,True,4.60,59900.00,59900.00,"Apple iPhone 8 Plus ",0.00,0.00,IOS,579,6.20,5904,88
1590,Apple,"iPhone 7 Plus ",Black,3,128,True,4.50,42900.00,42900.00,"Apple iPhone 7 Plus ",0.00,0.00,IOS,271,6.10,3650,95
1591,Lenovo,"S660 ",Gold,1,8,True,4.00,14999.00,14999.00,"Lenovo S660 ",0.00,0.00,Android,198,6.50,3241,130
1592,OPPO,A16,Pearl Blue,4,64,True,0.00,13850.00,13850.00,OPPO A16,0.00,0.00,Android,293,4.60,4212,273
1593,Nokia,130,Black,0,0,True,4.20,1600.00,1600.00,Nokia 130,0.00,0.00,Android,407,6.90,3774,17
1594,Infinix,Smart 5A,Ocean Wave,2,32,True,4.40,7199.00,7999.00,Infinix Smart 5A,800.00,10.00,Android,266,6.40,2568,131
1595,Nokia,"C01 Plus ",Blue,2,16,True,0.00,6499.00,6499.00,"Nokia C01 Plus ",0.00,0.00,Android,908,4.70,5728,800
1596,SAMSUNG,"Galaxy On6 ",Black,4,64,True,4.30,17600.00,17600.00,"SAMSUNG Galaxy On6 ",0.00,0.00,Android,976,5.60,5039,44
1597,SAMSUNG,"Galaxy Grand Neo Plus ",Midnight Black,1,8,True,4.00,5999.00,5999.00,"SAMSUNG Galaxy Grand Neo Plus ",0.00,0.00,Android,10,5.50,3682,4
1598,Apple,"iPhone 6 ",Space Grey,1,32,True,4.40,30780.00,30780.00,"Apple iPhone 6 ",0.00,0.00,IOS,225,4.80,4917,21
1599,Apple,"iPhone 11 ",Red,4,64,True,4.60,49900.00,49900.00,"Apple iPhone 11 ",0.00,0.00,IOS,411,5.10,2205,104
1600,SAMSUNG,"Galaxy Fold 2 ",Mystic Black,12,256,True,3.00,149999.00,189999.00,"SAMSUNG Galaxy Fold 2 ",40000.00,21.05,Android,718,4.90,3756,264
1601,OPPO,A54,Crystal Black,4,128,True,4.30,15990.00,15990.00,OPPO A54,0.00,0.00,Android,96,6.50,3605,1
1602,SAMSUNG,"Galaxy F22 ",Denim Black,6,128,True,4.30,14999.00,16999.00,"SAMSUNG Galaxy F22 ",2000.00,11.77,Android,245,5.40,5098,39
1603,SAMSUNG,"Galaxy S10 Lite ",Prism White,8,128,True,4.50,40999.00,43999.00,"SAMSUNG Galaxy S10 Lite ",3000.00,6.82,Android,471,5.20,5464,53
1604,OPPO,A5 2020,Mirror Black,3,64,True,4.40,14990.00,14990.00,OPPO A5 2020,0.00,0.00,Android,245,6.60,3947,26
1605,Apple,"iPhone XS ",Space Grey,4,256,True,4.70,76999.00,103900.00,"Apple iPhone XS ",26901.00,25.89,IOS,769,5.10,2610,457
1606,realme,"6 Pro ",Lightning Orange,6,128,True,4.40,18999.00,18999.00,"realme 6 Pro ",0.00,0.00,Android,681,6.50,3670,550
1607,SAMSUNG,"Galaxy S20 Ultra ",Cosmic Gray,12,128,True,4.20,103000.00,103000.00,"SAMSUNG Galaxy S20 Ultra ",0.00,0.00,Android,437,4.70,3558,102
1608,vivo,S1,Diamond Black,6,128,True,4.40,22990.00,22990.00,vivo S1,0.00,0.00,Android,690,5.80,4136,509
1609,SAMSUNG,"Galaxy A21s ",Black,6,64,True,4.20,15199.00,15380.00,"SAMSUNG Galaxy A21s ",181.00,1.18,Android,416,6.70,4797,0
1610,SAMSUNG,"Galaxy Note10 Lite ",Aura Glow,6,128,True,4.30,37999.00,43000.00,"SAMSUNG Galaxy Note10 Lite ",5001.00,11.63,Android,513,6.40,3011,56
1611,realme,"GT Master Edition ",Cosmos Black,6,128,True,4.10,25999.00,26999.00,"realme GT Master Edition ",1000.00,3.70,Android,107,6.70,4744,20
1612,realme,GT Neo 2,Neo Black,8,128,True,4.40,31999.00,34999.00,realme GT Neo 2,3000.00,8.57,Android,257,5.70,3900,83
1613,Apple,iPhone 13 Pro Max,Graphite,4,256,True,4.70,139900.00,139900.00,Apple iPhone 13 Pro Max,0.00,0.00,IOS,673,6.70,4249,84
1614,Apple,"iPhone 12 ",Purple,4,64,True,4.60,63999.00,79900.00,"Apple iPhone 12 ",15901.00,19.90,IOS,985,5.60,2016,395
1615,Apple,"iPhone 6 ",Gold,1,128,True,4.40,49999.00,49999.00,"Apple iPhone 6 ",0.00,0.00,IOS,396,6.30,3484,107
1616,realme,1,Black,4,0,True,4.40,10990.00,14990.00,realme 1,4000.00,26.68,Android,276,5.40,4168,33
1617,LG,"V30+ ",Black,4,128,True,4.30,29999.00,29999.00,"LG V30+ ",0.00,0.00,Android,599,6.50,5803,577
1618,Xiaomi,"Redmi Y2 ",Black,3,32,True,4.30,9478.00,9478.00,"Xiaomi Redmi Y2 ",0.00,0.00,Android,230,6.20,5460,107
1619,GIONEE,"F103 3Gb Version ",Black,3,16,True,3.50,7999.00,7999.00,"GIONEE F103 3Gb Version ",0.00,0.00,Android,789,6.30,3650,109
1620,SAMSUNG,"Galaxy C7 Pro ",Navy Blue,4,64,True,4.40,26600.00,26600.00,"SAMSUNG Galaxy C7 Pro ",0.00,0.00,Android,144,4.90,4093,18
1621,GIONEE,"Max ",Black,2,32,True,4.10,6299.00,7990.00,"GIONEE Max ",1691.00,21.16,Android,247,6.90,2714,154
1622,OPPO,A1K,Black,2,32,True,4.30,7990.00,10990.00,OPPO A1K,3000.00,27.30,Android,912,6.30,5396,355
1623,SAMSUNG,"On7 Pro ",Black,2,16,True,4.10,6549.00,9490.00,"SAMSUNG On7 Pro ",2941.00,30.99,Android,269,5.60,3207,220
1624,Infinix,"Note 11 ",Graphite Black,6,128,True,4.50,14499.00,16999.00,"Infinix Note 11 ",2500.00,14.71,Android,751,5.10,4374,181
1625,POCO,"M3 ",Cool Blue,4,64,True,4.30,10999.00,11999.00,"POCO M3 ",1000.00,8.33,Android,532,6.40,4455,310
1626,OPPO,A15S,Fancy White,4,64,True,4.30,12889.00,12989.00,OPPO A15S,100.00,0.77,Android,911,4.90,3016,468
1627,GIONEE,"S6S ",Mocha Gold,3,32,True,4.00,15999.00,15999.00,"GIONEE S6S ",0.00,0.00,Android,150,5.10,4538,28
1628,Xiaomi,"Mi A3 ",Not just Blue,4,64,True,0.00,12990.00,14989.00,"Xiaomi Mi A3 ",1999.00,13.34,Android,184,6.80,4012,168
1629,Infinix,Zero 5 Pro,Bronze Gold Black,6,128,True,4.30,19999.00,19999.00,Infinix Zero 5 Pro,0.00,0.00,Android,94,6.90,2858,13
1630,SAMSUNG,Guru FM Plus SM-B110E/D,Black,0,0,True,4.30,1448.00,1661.00,SAMSUNG Guru FM Plus SM-B110E/D,213.00,12.82,Android,580,6.00,3773,580
1631,SAMSUNG,"Galaxy Z Fold3 5G ",Phantom Black,12,512,True,4.40,157999.00,179999.00,"SAMSUNG Galaxy Z Fold3 5G ",22000.00,12.22,Android,823,5.10,5381,301
1632,Nokia,6,Silver,3,32,True,3.90,7999.00,7999.00,Nokia 6,0.00,0.00,Android,827,6.70,4324,166
1633,Xiaomi,"Redmi Note 6 Pro ",Blue,4,64,True,4.40,12999.00,12999.00,"Xiaomi Redmi Note 6 Pro ",0.00,0.00,Android,631,6.60,4957,342
1634,SAMSUNG,"Galaxy M02 ",Grey,2,32,True,4.00,8289.00,8289.00,"SAMSUNG Galaxy M02 ",0.00,0.00,Android,599,5.40,5633,109
1635,Lenovo,"Sisley S60 ",White,2,8,True,3.50,13999.00,13999.00,"Lenovo Sisley S60 ",0.00,0.00,Android,560,5.50,5192,533
1636,realme,"GT Master Edition ",Voyager Grey,8,256,True,4.30,29999.00,29999.00,"realme GT Master Edition ",0.00,0.00,Android,126,6.10,5403,12
1637,Nokia,8110 4G,Black,0,4,True,3.70,6699.00,6699.00,Nokia 8110 4G,0.00,0.00,Android,98,6.30,5970,82
1638,OPPO,F17,Navy Blue,6,128,True,4.20,16990.00,20990.00,OPPO F17,4000.00,19.06,Android,168,4.60,5513,6
1639,realme,"GT Master Edition ",Daybreak Blue,8,128,True,4.40,27999.00,29999.00,"realme GT Master Edition ",2000.00,6.67,Android,994,4.60,5083,334
1640,Google Pixel,3,Clearly White,4,64,True,4.50,71000.00,71000.00,Google Pixel 3,0.00,0.00,Android,86,6.50,3853,59
1641,realme,"8i ",Space Purple,4,64,True,0.00,13999.00,15999.00,"realme 8i ",2000.00,12.50,Android,424,5.40,5502,45
1642,realme,"5i ",Aqua Blue,4,128,True,4.50,11999.00,11999.00,"realme 5i ",0.00,0.00,Android,884,5.50,3555,300
1643,Motorola,Quench X T3,Black,0,16,True,2.40,14939.00,14939.00,Motorola Quench X T3,0.00,0.00,Android,515,6.10,5717,155
1644,OPPO,F7,Red,6,128,True,4.50,27990.00,27990.00,OPPO F7,0.00,0.00,Android,19,5.90,3256,19
1645,GIONEE,"P7 ",White,2,16,True,3.80,4990.00,4990.00,"GIONEE P7 ",0.00,0.00,Android,26,6.70,3060,25
1646,SAMSUNG,"Galaxy S20 FE ",Cloud Navy,8,128,True,4.00,49999.00,65999.00,"SAMSUNG Galaxy S20 FE ",16000.00,24.24,Android,443,6.30,4365,373
1647,SAMSUNG,M52 5G,Icy Blue,8,128,True,4.30,27239.00,31489.00,SAMSUNG M52 5G,4250.00,13.50,Android,319,6.80,5502,1
1648,Motorola,G,Black,1,16,True,4.40,9999.00,9999.00,Motorola G,0.00,0.00,Android,634,5.30,5108,74
1649,Apple,"iPhone 7 Plus ",Jet Black,3,256,True,4.50,85400.00,85400.00,"Apple iPhone 7 Plus ",0.00,0.00,IOS,670,5.50,3708,33
1650,Xiaomi,"Redmi Note 7 ",Onyx Black,4,64,True,4.30,11748.00,12690.00,"Xiaomi Redmi Note 7 ",942.00,7.42,Android,729,6.80,5263,721
1651,Apple,"iPhone 11 Pro ",Silver,4,256,True,4.60,121300.00,121300.00,"Apple iPhone 11 Pro ",0.00,0.00,IOS,190,4.60,4749,105
1652,Xiaomi,"REDMI 9 Prime ",Sunrise Flare,4,128,True,4.30,13999.00,13999.00,"Xiaomi REDMI 9 Prime ",0.00,0.00,Android,166,7.00,2042,107
1653,SAMSUNG,"Galaxy J2 Pro ",Silver,2,16,True,4.20,8200.00,8200.00,"SAMSUNG Galaxy J2 Pro ",0.00,0.00,Android,481,5.00,4020,342
1654,SAMSUNG,"Galaxy M31 ",Iceberg blue,6,128,True,4.30,17989.00,17989.00,"SAMSUNG Galaxy M31 ",0.00,0.00,Android,737,6.40,5998,620
1655,SAMSUNG,"Galaxy Z Fold3 5G ",Phantom Black,12,512,True,4.40,157999.00,179999.00,"SAMSUNG Galaxy Z Fold3 5G ",22000.00,12.22,Android,644,6.10,3086,444
1656,SAMSUNG,"Galaxy S21 Plus ",Phantom Black,8,128,True,4.40,71999.00,100999.00,"SAMSUNG Galaxy S21 Plus ",29000.00,28.71,Android,257,5.40,3694,253
1657,realme,"X2 ",Pearl Green,8,256,True,4.50,24999.00,24999.00,"realme X2 ",0.00,0.00,Android,452,6.00,4101,368
1658,Infinix,Hot 11,Emerald Green,4,64,True,4.40,9999.00,11999.00,Infinix Hot 11,2000.00,16.67,Android,300,6.70,3008,225
1659,SAMSUNG,"Galaxy Grand Neo ",White,1,8,True,3.80,13500.00,13500.00,"SAMSUNG Galaxy Grand Neo ",0.00,0.00,Android,277,6.20,3099,32
1660,vivo,X60 Pro,Shimmer Blue,12,256,True,5.00,48780.00,48780.00,vivo X60 Pro,0.00,0.00,Android,61,5.80,5904,2
1661,Nokia,222,Black,0,0,True,4.10,2860.00,2860.00,Nokia 222,0.00,0.00,Android,727,5.90,4983,237
1662,SAMSUNG,"Galaxy A50s ",Prism Crush Black,6,128,True,4.30,21099.00,26900.00,"SAMSUNG Galaxy A50s ",5801.00,21.57,Android,812,6.00,2609,508
1663,SAMSUNG,"Galaxy J2 2018 ",Gold,2,16,True,4.30,7500.00,7500.00,"SAMSUNG Galaxy J2 2018 ",0.00,0.00,Android,337,5.60,4226,63
1664,Apple,"iPhone XR ",White,3,256,True,4.60,91900.00,91900.00,"Apple iPhone XR ",0.00,0.00,IOS,109,6.40,3183,87
1665,Lenovo,"Vibe K5 Note ",Grey,3,32,True,4.10,10999.00,10999.00,"Lenovo Vibe K5 Note ",0.00,0.00,Android,6,6.60,2578,4
1666,Infinix,Hot 4 Pro,"Bordeaux Red ",3,16,True,4.00,7499.00,7499.00,Infinix Hot 4 Pro,0.00,0.00,Android,940,5.20,4930,242
1667,SAMSUNG,"Galaxy E7 ",Blue,2,16,True,4.30,18340.00,18340.00,"SAMSUNG Galaxy E7 ",0.00,0.00,Android,322,6.00,2076,255
1668,SAMSUNG,"Galaxy S21 ",Phantom Gray,8,256,True,4.30,73999.00,87999.00,"SAMSUNG Galaxy S21 ",14000.00,15.91,Android,127,7.00,5022,38
1669,Lenovo,"A6600 Plus ",White,2,16,True,3.90,6266.00,6266.00,"Lenovo A6600 Plus ",0.00,0.00,Android,6,5.20,2662,4
1670,Xiaomi,"Redmi Note 4 ",Black,4,64,True,4.50,9999.00,9999.00,"Xiaomi Redmi Note 4 ",0.00,0.00,Android,625,5.60,2081,304
1671,SAMSUNG,"Galaxy M21 ",Iceberg Blue,4,64,True,4.30,13760.00,13760.00,"SAMSUNG Galaxy M21 ",0.00,0.00,Android,251,6.30,4941,122
1672,Lenovo,"K10 Note ",Black,4,64,True,4.10,16999.00,16999.00,"Lenovo K10 Note ",0.00,0.00,Android,534,6.20,2434,314
1673,Apple,"iPhone XR ",Black,3,64,True,4.60,42999.00,47900.00,"Apple iPhone XR ",4901.00,10.23,IOS,951,6.00,5906,448
1674,Nokia,9,Blue,6,128,True,3.80,56299.00,56299.00,Nokia 9,0.00,0.00,Android,140,5.90,4306,11
1675,OPPO,Reno7 Pro 5G,Startrails Blue,12,256,True,4.20,39999.00,47990.00,OPPO Reno7 Pro 5G,7991.00,16.65,Android,954,6.40,3797,478
1676,SAMSUNG,B351E/Metro 350,Black,0,0,True,4.20,2870.00,2870.00,SAMSUNG B351E/Metro 350,0.00,0.00,Android,752,5.70,4880,378
1677,ASUS,"Zenfone Go ",Silver,1,8,True,3.80,5299.00,5299.00,"ASUS Zenfone Go ",0.00,0.00,Android,419,4.50,5550,296
1678,realme,"Narzo 50i ",Mint Green,2,32,True,4.40,7499.00,7999.00,"realme Narzo 50i ",500.00,6.25,Android,420,4.60,5428,17
1679,Nokia,"C20 Plus ",Blue,2,32,True,4.40,8999.00,10499.00,"Nokia C20 Plus ",1500.00,14.29,Android,488,7.00,2768,234
1680,realme,"C2 ",Diamond Black,2,16,True,4.40,6499.00,6999.00,"realme C2 ",500.00,7.14,Android,319,6.60,5311,81
1681,ASUS,"Zenfone Go 5.0 LTE 2nd Gen ",Black,2,16,True,3.60,4999.00,4999.00,"ASUS Zenfone Go 5.0 LTE 2nd Gen ",0.00,0.00,Android,155,6.60,5364,2
1682,LG,"W30 Pro ",Midnight Purple,4,64,True,3.80,13998.00,13998.00,"LG W30 Pro ",0.00,0.00,Android,167,6.00,5322,15
1683,OPPO,F19s,Glowing Gold,6,128,True,0.00,19990.00,22990.00,OPPO F19s,3000.00,13.05,Android,824,6.20,4510,749
1684,LG,"K8 ",Black & Blue,2,16,True,3.80,5699.00,5699.00,"LG K8 ",0.00,0.00,Android,306,6.20,2558,113
1685,vivo,"Y20A 2021 ",Dawn White,3,64,True,4.40,29990.00,32990.00,"vivo Y20A 2021 ",3000.00,9.09,Android,75,4.80,3321,29
1686,Apple,"iPhone 12 Pro Max ",Silver,0,512,True,4.60,149900.00,149900.00,"Apple iPhone 12 Pro Max ",0.00,0.00,IOS,794,5.50,2545,583
1687,Apple,"iPhone 11 Pro ",Space Grey,4,256,True,4.60,99900.00,121300.00,"Apple iPhone 11 Pro ",21400.00,17.64,IOS,848,5.40,4475,336
1688,OPPO,A53,Moonlight Black,6,128,True,4.30,13990.00,17990.00,OPPO A53,4000.00,22.23,Android,309,6.90,5645,180
1689,realme,"X2 ",Pearl White,4,0,True,4.50,17999.00,17999.00,"realme X2 ",0.00,0.00,Android,331,6.70,2155,27
1690,Motorola,G6 Play,Indigo Black,3,32,True,4.10,12999.00,12999.00,Motorola G6 Play,0.00,0.00,Android,94,6.80,3405,80
1691,LG,"Q6 ",Black,3,32,True,4.00,16990.00,16990.00,"LG Q6 ",0.00,0.00,Android,545,5.70,4058,459
1692,Xiaomi,"Redmi Note 9 Pro ",Aurora Blue,4,64,True,4.30,15990.00,16999.00,"Xiaomi Redmi Note 9 Pro ",1009.00,5.94,Android,902,5.00,4205,351
1693,realme,9 Pro 5G,"Sunrise Blue ",6,128,True,4.40,17999.00,21999.00,realme 9 Pro 5G,4000.00,18.18,Android,220,4.80,2353,36
1694,Nokia,125 DS,Black,0,0,True,3.80,2249.00,2249.00,Nokia 125 DS,0.00,0.00,Android,208,6.10,4468,171
1695,Google Pixel,3,Clearly White,4,128,True,4.50,80000.00,80000.00,Google Pixel 3,0.00,0.00,Android,158,5.60,5920,16
1696,LG,"Q7+ ",Lavender Violet,4,64,True,3.20,21001.00,21001.00,"LG Q7+ ",0.00,0.00,Android,456,4.70,3025,210
1697,SAMSUNG,"Galaxy A30s ",Prism Crush Violet,4,64,True,4.30,18900.00,18900.00,"SAMSUNG Galaxy A30s ",0.00,0.00,Android,134,6.00,2949,90
1698,Apple,"iPhone X ",Space Gray,3,256,True,4.60,106900.00,106900.00,"Apple iPhone X ",0.00,0.00,IOS,92,6.80,3456,51
1699,Google Pixel,2,Just Black,4,64,True,4.60,61000.00,61000.00,Google Pixel 2,0.00,0.00,Android,281,5.20,5844,273
1700,realme,"Narzo 20 ",Victory Blue,4,64,True,4.30,10499.00,12999.00,"realme Narzo 20 ",2500.00,19.23,Android,983,6.60,3383,137
1701,POCO,M4 Pro,Power Black,8,128,True,4.40,17999.00,21999.00,POCO M4 Pro,4000.00,18.18,Android,632,5.40,3905,88
1702,HTC,"U11+ ",Amazing Silver,6,128,True,4.70,56990.00,56990.00,"HTC U11+ ",0.00,0.00,Android,850,4.80,5560,113
1703,Infinix,Hot 10 Play,Aegean Blue,4,64,True,4.30,9299.00,10999.00,Infinix Hot 10 Play,1700.00,15.46,Android,401,5.70,2750,333
1704,ASUS,"ZenFone Max Pro M2 ",Blue,6,64,True,4.30,19999.00,19999.00,"ASUS ZenFone Max Pro M2 ",0.00,0.00,Android,163,6.60,3527,76
1705,vivo,"X70 Pro ",Aurora Dawn,8,128,True,4.50,46990.00,51990.00,"vivo X70 Pro ",5000.00,9.62,Android,574,6.60,4692,257
1706,SAMSUNG,"Galaxy J2 Pro ",Black,2,16,True,4.20,8200.00,8200.00,"SAMSUNG Galaxy J2 Pro ",0.00,0.00,Android,232,5.40,3056,192
1707,SAMSUNG,"Galaxy A10s ",Green,3,32,True,4.30,11000.00,11000.00,"SAMSUNG Galaxy A10s ",0.00,0.00,Android,197,5.50,4177,128
1708,SAMSUNG,"Galaxy S9 ",Midnight Black,4,64,True,4.40,62500.00,62500.00,"SAMSUNG Galaxy S9 ",0.00,0.00,Android,457,5.80,5357,145
1709,Xiaomi,"Redmi Y2 ",Dark Grey,4,64,True,4.30,10888.00,10888.00,"Xiaomi Redmi Y2 ",0.00,0.00,Android,852,4.60,2760,435
1710,Infinix,Note 11S,Mithril Grey,6,64,True,4.30,13999.00,16999.00,Infinix Note 11S,3000.00,17.65,Android,804,5.90,4776,634
1711,realme,9 5G,Stargaze White,4,64,True,4.50,14999.00,18999.00,realme 9 5G,4000.00,21.05,Android,313,5.70,2614,173
1712,Apple,"iPhone 13 ",Red,4,256,True,0.00,89900.00,89900.00,"Apple iPhone 13 ",0.00,0.00,IOS,789,5.60,4022,630
1713,Infinix,Zero 5,Champagne Gold,6,64,True,4.30,17999.00,17999.00,Infinix Zero 5,0.00,0.00,Android,505,5.90,3205,180
1714,IQOO,3,Tornado Black,8,128,True,4.40,34990.00,37990.00,IQOO 3,3000.00,7.90,Android,948,4.80,4263,816
1715,ASUS,Zenfone Go 2nd Gen,White,1,8,True,3.70,5299.00,5299.00,ASUS Zenfone Go 2nd Gen,0.00,0.00,Android,533,4.70,3313,416
1716,realme,8,Cyber Black,4,128,True,4.30,15999.00,16999.00,realme 8,1000.00,5.88,Android,372,5.20,4925,205
1717,Apple,"iPhone 12 Mini ",Black,4,256,True,4.50,71999.00,74900.00,"Apple iPhone 12 Mini ",2901.00,3.87,IOS,418,6.50,4909,375
1718,realme,"X2 ",Pearl White,8,128,True,4.50,20999.00,20999.00,"realme X2 ",0.00,0.00,Android,378,6.60,4371,149
1719,LG,"G7 ThinQ ",Platinum,4,64,True,4.40,50000.00,50000.00,"LG G7 ThinQ ",0.00,0.00,Android,452,5.70,3135,203
1720,SAMSUNG,"Galaxy A9 ",Lemonade Blue,8,128,True,4.30,39000.00,39000.00,"SAMSUNG Galaxy A9 ",0.00,0.00,Android,860,5.30,3838,839
1721,GIONEE,"Elife E7 Mini ",White,1,16,True,3.80,9999.00,9999.00,"GIONEE Elife E7 Mini ",0.00,0.00,Android,263,5.90,2026,46
1722,Apple,"iPhone 11 ",Yellow,4,64,True,4.60,49900.00,49900.00,"Apple iPhone 11 ",0.00,0.00,IOS,100,4.80,3606,76
1723,Apple,"iPhone 13 Pro ",Graphite,6,512,True,0.00,149900.00,149900.00,"Apple iPhone 13 Pro ",0.00,0.00,IOS,221,6.30,4598,88
1724,POCO,C31,Shadow Grey,4,64,True,4.40,8999.00,11999.00,POCO C31,3000.00,25.00,Android,400,6.00,5423,79
1725,OPPO,A53s 5G,Crystal Blue,8,128,True,4.30,17990.00,18990.00,OPPO A53s 5G,1000.00,5.27,Android,536,5.20,5503,360
1726,Lenovo,"A5000 ",Black,1,8,True,4.00,6499.00,6499.00,"Lenovo A5000 ",0.00,0.00,Android,316,5.30,4952,11
1727,realme,"5s ",Crystal Blue,4,128,True,4.50,11999.00,12999.00,"realme 5s ",1000.00,7.69,Android,405,6.00,5967,46
1728,Apple,"iPhone 6 ",Silver,1,128,True,4.40,71500.00,71500.00,"Apple iPhone 6 ",0.00,0.00,IOS,9,6.90,3625,2
1729,POCO,F1,Rosso Red,8,256,True,4.50,30999.00,30999.00,POCO F1,0.00,0.00,Android,625,5.30,3040,366
1730,Nokia,225 4G DS 2020,Black,0,0,True,3.70,3899.00,4399.00,Nokia 225 4G DS 2020,500.00,11.37,Android,861,5.00,4579,662
1731,SAMSUNG,"Galaxy M21 ",Raven Black,6,128,True,4.20,15499.00,15499.00,"SAMSUNG Galaxy M21 ",0.00,0.00,Android,254,4.70,5782,12
1732,SAMSUNG,"Galaxy M21 2021 Edition ",Arctic Blue,4,64,True,0.00,13899.00,13990.00,"SAMSUNG Galaxy M21 2021 Edition ",91.00,0.65,Android,747,5.30,2641,628
1733,Xiaomi,"Redmi Note 9 Pro ",Interstellar Black,4,128,True,0.00,17990.00,17990.00,"Xiaomi Redmi Note 9 Pro ",0.00,0.00,Android,462,4.50,5614,124
1734,SAMSUNG,"Galaxy A12 ",Black,6,128,True,3.90,16499.00,17999.00,"SAMSUNG Galaxy A12 ",1500.00,8.33,Android,721,6.30,3529,558
1735,Xiaomi,"Mi A2 ",Red,6,128,True,4.40,14443.00,14443.00,"Xiaomi Mi A2 ",0.00,0.00,Android,960,4.80,4121,148
1736,LG,"K10 2017 ",Black,2,16,True,4.10,9000.00,9000.00,"LG K10 2017 ",0.00,0.00,Android,676,6.30,2258,104
1737,Nokia,3.2,Black,3,32,True,4.10,10499.00,10999.00,Nokia 3.2,500.00,4.55,Android,463,6.20,5918,231
1738,OPPO,A9,Marble Green,4,128,True,4.40,12990.00,16990.00,OPPO A9,4000.00,23.54,Android,906,5.50,3191,730
1739,Nokia,"5.1 Plus ",Black,3,32,True,4.30,13199.00,13199.00,"Nokia 5.1 Plus ",0.00,0.00,Android,630,5.00,2523,36
1740,POCO,F3 GT,Predator Black,8,128,True,4.30,28999.00,34999.00,POCO F3 GT,6000.00,17.14,Android,842,6.10,5927,591
1741,Apple,"iPhone SE ",White,2,256,True,4.50,54900.00,54900.00,"Apple iPhone SE ",0.00,0.00,IOS,408,6.90,5290,234
1742,SAMSUNG,"Galaxy A5-2017 ",Gold Sand,3,32,True,4.10,22900.00,22900.00,"SAMSUNG Galaxy A5-2017 ",0.00,0.00,Android,181,6.10,3866,24
1743,realme,X7 Max,Mercury Silver,8,128,True,4.40,26999.00,29999.00,realme X7 Max,3000.00,10.00,Android,257,5.90,2831,96
1744,Apple,"iPhone SE ",Black,2,64,True,4.50,32999.00,39900.00,"Apple iPhone SE ",6901.00,17.30,IOS,704,6.70,2312,262
1745,OPPO,Rohit Sharma Limited Edition,Black,4,64,True,4.40,22990.00,22990.00,OPPO Rohit Sharma Limited Edition,0.00,0.00,Android,176,5.90,5686,39
1746,realme,"X3 SuperZoom ",Glacier Blue,8,256,True,4.30,29999.00,31999.00,"realme X3 SuperZoom ",2000.00,6.25,Android,446,6.60,5321,85
1747,Infinix,Hot S3,Sandstone Black,3,32,True,4.20,9999.00,9999.00,Infinix Hot S3,0.00,0.00,Android,65,5.90,2327,33
1748,Apple,"iPhone SE ",White,2,256,True,4.50,54900.00,54900.00,"Apple iPhone SE ",0.00,0.00,IOS,350,6.60,3177,190
1749,Apple,"iPhone 12 Mini ",Purple,4,256,True,4.50,71999.00,74900.00,"Apple iPhone 12 Mini ",2901.00,3.87,IOS,228,5.60,4992,147
1750,vivo,"Y1S ",Olive Black,8,128,True,4.30,13890.00,13990.00,"vivo Y1S ",100.00,0.71,Android,666,6.30,2608,484
1751,Lenovo,"A1000 ",White,1,8,True,3.80,3549.00,3549.00,"Lenovo A1000 ",0.00,0.00,Android,386,5.20,5106,129
1752,realme,"X50 Pro ",Rust Red,8,128,True,4.30,41999.00,41999.00,"realme X50 Pro ",0.00,0.00,Android,421,6.20,2231,129
1753,SAMSUNG,"Galaxy M02 ",Black,2,32,True,4.00,8229.00,8229.00,"SAMSUNG Galaxy M02 ",0.00,0.00,Android,429,5.70,3110,361
1754,Apple,"iPhone 6s Plus ",Silver,2,128,True,4.40,70000.00,70000.00,"Apple iPhone 6s Plus ",0.00,0.00,IOS,2,6.60,2585,1
1755,ASUS,"ZenFone Max M2 ",Black,3,32,True,4.30,12999.00,12999.00,"ASUS ZenFone Max M2 ",0.00,0.00,Android,382,6.40,5080,24
1756,Nokia,5,Matte Black,3,16,True,4.10,12499.00,12499.00,Nokia 5,0.00,0.00,Android,148,4.80,3447,101
1757,Nokia,"C20 Plus ",Grey,3,32,True,3.80,9999.00,11099.00,"Nokia C20 Plus ",1100.00,9.91,Android,610,4.90,2299,218
1758,LG,"L 80 Dual ",White,1,4,True,3.70,14162.00,14162.00,"LG L 80 Dual ",0.00,0.00,Android,721,5.70,2181,456
1759,SAMSUNG,"On5 Pro ",Gold,2,16,True,4.20,6480.00,7990.00,"SAMSUNG On5 Pro ",1510.00,18.90,Android,71,5.70,5703,42
1760,Lenovo,"K8 Plus ",Fine Gold,4,32,True,4.10,11999.00,11999.00,"Lenovo K8 Plus ",0.00,0.00,Android,873,5.10,2336,452
1761,realme,"Narzo 50A ",Oxygen Green,4,128,True,4.40,12499.00,13999.00,"realme Narzo 50A ",1500.00,10.72,Android,720,6.30,2279,289
1762,SAMSUNG,"Galaxy Note 5 ",Black Sapphire,4,32,True,3.90,30495.00,30495.00,"SAMSUNG Galaxy Note 5 ",0.00,0.00,Android,630,5.90,4136,73
1763,realme,1,Diamond Red,4,64,True,4.40,9490.00,9490.00,realme 1,0.00,0.00,Android,571,5.60,5977,327
1764,GIONEE,"A1 Plus ",Black,4,64,True,4.10,16499.00,16499.00,"GIONEE A1 Plus ",0.00,0.00,Android,292,6.10,3433,20
1765,SAMSUNG,"Galaxy S21 ",Phantom Violet,8,128,True,4.30,69999.00,83999.00,"SAMSUNG Galaxy S21 ",14000.00,16.67,Android,630,6.20,4996,99
1766,realme,7,Mist White,6,64,True,4.30,14999.00,17999.00,realme 7,3000.00,16.67,Android,504,6.70,3209,201
1767,Motorola,"E7 Power ",Coral Red,4,64,True,4.10,8799.00,11999.00,"Motorola E7 Power ",3200.00,26.67,Android,403,4.70,3531,402
1768,OPPO,A83,Champagne,3,32,True,4.40,14995.00,14995.00,OPPO A83,0.00,0.00,Android,654,5.00,2443,424
1769,vivo,Y21A,Midnight Blue,4,64,True,4.10,14449.00,14449.00,vivo Y21A,0.00,0.00,Android,782,5.10,4472,494
1770,realme,"X3 SuperZoom ",Glacier Blue,12,256,True,4.20,32999.00,34999.00,"realme X3 SuperZoom ",2000.00,5.71,Android,417,6.40,4150,98
1771,LG,"K10 2017 ",Gold & Black,2,16,True,4.10,9990.00,9990.00,"LG K10 2017 ",0.00,0.00,Android,967,5.70,3136,225
1772,ASUS,"6Z ",Black,6,64,True,4.30,35999.00,35999.00,"ASUS 6Z ",0.00,0.00,Android,211,5.30,5568,87
1773,Motorola,G4 Plus,Black,2,16,True,4.00,6999.00,13499.00,Motorola G4 Plus,6500.00,48.15,Android,936,5.80,5449,317
1774,Nokia,8.1,Iron,6,128,True,4.30,21999.00,31999.00,Nokia 8.1,10000.00,31.25,Android,995,6.20,5641,371
1775,SAMSUNG,"Galaxy J1 ",Blue,0,4,True,4.00,7454.00,7454.00,"SAMSUNG Galaxy J1 ",0.00,0.00,Android,945,5.50,2103,706
1776,vivo,"X50  ",Frost Blue,8,128,True,4.30,39990.00,39990.00,"vivo X50  ",0.00,0.00,Android,945,5.10,4029,885
1777,realme,"Narzo 10 ",That Blue,4,128,True,4.50,11999.00,12999.00,"realme Narzo 10 ",1000.00,7.69,Android,241,6.30,3141,224
1778,Nokia,"3.1 Plus ",White,3,32,True,4.20,7399.00,7399.00,"Nokia 3.1 Plus ",0.00,0.00,Android,270,4.80,5341,80
1779,SAMSUNG,"Galaxy M21 ",Iceberg Blue,6,128,True,4.20,15990.00,15990.00,"SAMSUNG Galaxy M21 ",0.00,0.00,Android,928,4.70,2843,206
1780,SAMSUNG,"Galaxy S7 Edge ",Black Onyx,4,32,True,4.40,41900.00,41900.00,"SAMSUNG Galaxy S7 Edge ",0.00,0.00,Android,301,5.50,2046,241
1781,Infinix,Zero 5,Sandstone Black,6,64,True,4.30,17999.00,17999.00,Infinix Zero 5,0.00,0.00,Android,3,7.00,3182,1
1782,SAMSUNG,"Galaxy M31s ",Mirage Blue,6,128,True,4.30,19178.00,19900.00,"SAMSUNG Galaxy M31s ",722.00,3.63,Android,374,6.40,5226,150
1783,Infinix,Hot 10 Play,Morandi Green,3,32,True,4.30,8299.00,9999.00,Infinix Hot 10 Play,1700.00,17.00,Android,235,6.80,5574,10
1784,SAMSUNG,Guru FM Plus,Black,0,0,True,4.20,1445.00,1445.00,SAMSUNG Guru FM Plus,0.00,0.00,Android,752,5.70,2204,520
1785,Infinix,Hot 9 Pro,Quetzal Cyan,4,64,True,4.40,12999.00,12999.00,Infinix Hot 9 Pro,0.00,0.00,Android,984,5.20,2406,368
1786,Xiaomi,"Redmi Note 8 ",Space Black,4,64,True,2.30,11999.00,11999.00,"Xiaomi Redmi Note 8 ",0.00,0.00,Android,744,6.30,3463,633
1787,Nokia,6310,Black,0,0,True,0.00,4189.00,4189.00,Nokia 6310,0.00,0.00,Android,813,5.10,2111,245
1788,ASUS,"6Z ",Black,6,128,True,4.30,38999.00,38999.00,"ASUS 6Z ",0.00,0.00,Android,999,5.80,3787,38
1789,SAMSUNG,"S20 FE 5G ",Cloud Navy,8,128,True,0.00,49990.00,56990.00,"SAMSUNG S20 FE 5G ",7000.00,12.28,Android,954,6.60,4502,312
1790,Apple,"iPhone 13 Pro Max ",Sierra Blue,6,128,True,0.00,129900.00,129900.00,"Apple iPhone 13 Pro Max ",0.00,0.00,IOS,754,5.20,4959,644
1791,SAMSUNG,"Galaxy S6 ",White Pearl,3,64,True,4.00,55900.00,55900.00,"SAMSUNG Galaxy S6 ",0.00,0.00,Android,841,7.00,2435,480
1792,realme,9 Pro+ 5G,Aurora Green,8,128,True,4.40,26999.00,29999.00,realme 9 Pro+ 5G,3000.00,10.00,Android,407,4.80,4811,49
1793,vivo,"Y73 ",Roman Black,0,128,True,0.00,29990.00,32990.00,"vivo Y73 ",3000.00,9.09,Android,23,4.90,2321,1
1794,SAMSUNG,"Galaxy A22 5G ",Mint,8,128,True,4.20,23596.00,23696.00,"SAMSUNG Galaxy A22 5G ",100.00,0.42,Android,975,5.70,5305,316
1795,vivo,Y94,Nebula Purple,4,32,True,4.40,15990.00,15990.00,vivo Y94,0.00,0.00,Android,344,5.20,2542,57
1796,Nokia,"3.1 Plus ",Blue,3,32,True,4.20,8299.00,8299.00,"Nokia 3.1 Plus ",0.00,0.00,Android,671,6.50,5451,267
1797,realme,"Narzo 30A ",Laser Blue,4,64,True,4.30,10499.00,10999.00,"realme Narzo 30A ",500.00,4.55,Android,353,5.30,5012,116
1798,LG,"K10 K420DS ",Black Gold,2,16,True,4.00,6980.00,6980.00,"LG K10 K420DS ",0.00,0.00,Android,41,4.90,3947,36
1799,OPPO,Find X,Glacier Blue,8,256,True,4.60,60990.00,60990.00,OPPO Find X,0.00,0.00,Android,855,4.60,4549,149
1800,SAMSUNG,Guru Plus B110,Black,0,0,True,4.20,1700.00,1700.00,SAMSUNG Guru Plus B110,0.00,0.00,Android,250,5.60,2737,83
1801,Apple,"iPhone 11 Pro ",Gold,4,512,True,4.60,140300.00,140300.00,"Apple iPhone 11 Pro ",0.00,0.00,IOS,739,5.50,2057,631
1802,realme,"GT Master Edition ","Luna White ",8,128,True,4.30,27999.00,29999.00,"realme GT Master Edition ",2000.00,6.67,Android,13,5.70,4723,13
1803,Infinix,Hot 10S,Heart of Ocean,4,64,True,4.30,9999.00,12999.00,Infinix Hot 10S,3000.00,23.08,Android,857,4.90,5170,113
1804,SAMSUNG,"M01 core ",Black,2,32,True,3.90,5999.00,5999.00,"SAMSUNG M01 core ",0.00,0.00,Android,743,5.20,5014,265
1805,vivo,S1,Skyline Blue,6,64,True,4.40,20990.00,20990.00,vivo S1,0.00,0.00,Android,917,6.40,4082,274
1806,SAMSUNG,"Galaxy M10 ",Ocean Blue,3,32,True,4.30,8690.00,9290.00,"SAMSUNG Galaxy M10 ",600.00,6.46,Android,426,4.90,2775,62
1807,Xiaomi,"REDMI Note 9 ",Arctic White,4,64,True,4.30,11999.00,14999.00,"Xiaomi REDMI Note 9 ",3000.00,20.00,Android,503,5.70,3177,268
1808,GIONEE,"X-1 ",Black,2,16,True,4.00,4650.00,4650.00,"GIONEE X-1 ",0.00,0.00,Android,298,5.40,5121,221
1809,Nokia,5,Copper,2,16,True,4.00,6999.00,14190.00,Nokia 5,7191.00,50.68,Android,838,5.40,5627,237
1810,SAMSUNG,"Z2 ",Gold,1,8,True,3.60,4790.00,4790.00,"SAMSUNG Z2 ",0.00,0.00,Android,419,6.60,2036,349
1811,Google Pixel,Quite Black,Black,4,128,True,4.40,66000.00,66000.00,Google Pixel Quite Black,0.00,0.00,Android,977,5.30,5158,380
1812,Motorola,"One Fusion+ ",Twilight Blue,6,128,True,4.40,17499.00,19999.00,"Motorola One Fusion+ ",2500.00,12.50,Android,643,5.70,4404,425
1813,GIONEE,"A1 ",Black,4,64,True,4.00,7899.00,7899.00,"GIONEE A1 ",0.00,0.00,Android,217,6.30,2236,165
1814,OPPO,F3,Rose Gold,4,64,True,4.30,18000.00,18000.00,OPPO F3,0.00,0.00,Android,57,4.60,4735,31
1815,SAMSUNG,"M02s ",Black,3,32,True,4.20,9639.00,9639.00,"SAMSUNG M02s ",0.00,0.00,Android,169,6.00,5892,55
1816,Lenovo,"A536 ",White,1,8,True,3.80,9999.00,9999.00,"Lenovo A536 ",0.00,0.00,Android,848,5.80,4548,171
1817,OPPO,F5,Gold,4,32,True,4.40,19990.00,19990.00,OPPO F5,0.00,0.00,Android,427,5.10,5486,109
1818,OPPO,Reno2 Z,Sky White,8,256,True,4.50,29489.00,32990.00,OPPO Reno2 Z,3501.00,10.61,Android,72,6.50,4725,55
1819,Motorola,"G 3rd Generation ",Black,1,8,True,4.20,9999.00,9999.00,"Motorola G 3rd Generation ",0.00,0.00,Android,85,5.60,5419,16
1820,SAMSUNG,"Galaxy M01 ",Blue,3,32,True,4.20,9990.00,9990.00,"SAMSUNG Galaxy M01 ",0.00,0.00,Android,491,5.10,4074,479
1821,SAMSUNG,Galaxy S21 SE 5G,"Lavender  ",8,128,True,4.30,59990.00,59990.00,SAMSUNG Galaxy S21 SE 5G,0.00,0.00,Android,429,4.60,3873,343
1822,Lenovo,"S90 Or Sisley S90 ",Grey,2,32,True,3.60,12999.00,12999.00,"Lenovo S90 Or Sisley S90 ",0.00,0.00,Android,120,5.40,4248,5
1823,SAMSUNG,"Galaxy S9 ",Midnight Black,4,256,True,4.40,65900.00,65900.00,"SAMSUNG Galaxy S9 ",0.00,0.00,Android,472,6.90,3495,395
1824,SAMSUNG,"Galaxy M30S ",Pearl white,4,128,True,4.30,16999.00,16999.00,"SAMSUNG Galaxy M30S ",0.00,0.00,Android,651,4.80,2502,585
1825,Xiaomi,"Redmi 7 ",Comet Blue,2,32,True,4.50,9490.00,9490.00,"Xiaomi Redmi 7 ",0.00,0.00,Android,187,5.90,2193,74
1826,SAMSUNG,"Grand Prime 4G ",White,1,8,True,4.00,7999.00,7999.00,"SAMSUNG Grand Prime 4G ",0.00,0.00,Android,673,6.30,3225,41
1827,Motorola,E5 Plus,Black,3,32,True,4.20,11999.00,11999.00,Motorola E5 Plus,0.00,0.00,Android,516,6.50,2288,423
1828,Infinix,Smart 2,Sandstone Black,3,32,True,4.10,7946.00,7999.00,Infinix Smart 2,53.00,0.66,Android,730,4.70,2725,105
1829,Infinix,Smart HD 2021,Topaz Blue,2,32,True,4.30,7990.00,7990.00,Infinix Smart HD 2021,0.00,0.00,Android,126,5.30,4843,28
1830,SAMSUNG,"Galaxy A5-2017 ",Black Sky,3,32,True,4.10,22900.00,22900.00,"SAMSUNG Galaxy A5-2017 ",0.00,0.00,Android,721,5.60,2227,518
1831,LG,"Q Stylus+ ",Black,4,64,True,4.00,24000.00,24000.00,"LG Q Stylus+ ",0.00,0.00,Android,517,6.50,3024,86
1832,realme,"U1 ",Ambitious Black,3,32,True,4.40,8285.00,8285.00,"realme U1 ",0.00,0.00,Android,239,5.10,4425,2
1833,OPPO,Reno5 Pro 5G,Starry Black,8,128,True,4.40,35990.00,38990.00,OPPO Reno5 Pro 5G,3000.00,7.69,Android,268,5.20,2874,265
1834,SAMSUNG,"Galaxy A72 ",Awesome Black,8,128,True,4.30,34999.00,41999.00,"SAMSUNG Galaxy A72 ",7000.00,16.67,Android,568,6.30,2309,164
1835,POCO,F1,Armoured Edition,8,256,True,4.50,30999.00,30999.00,POCO F1,0.00,0.00,Android,15,4.90,5561,7
1836,HTC,Desire 826 DS,White Birch,2,16,True,3.70,18249.00,18249.00,HTC Desire 826 DS,0.00,0.00,Android,978,6.20,2569,391
1837,Infinix,Zero 5,"Bordeaux Red ",6,64,True,4.30,17999.00,17999.00,Infinix Zero 5,0.00,0.00,Android,404,5.50,5897,89
1838,ASUS,"Zenfone Selfie ",Aqua Blue,3,32,True,4.00,11999.00,11999.00,"ASUS Zenfone Selfie ",0.00,0.00,Android,483,5.80,2009,162
1839,Motorola,"G60 ",Dynamic Gray,6,128,True,4.20,17999.00,21999.00,"Motorola G60 ",4000.00,18.18,Android,724,4.80,3067,257
1840,SAMSUNG,"Galaxy Z Flip3 5G ",Cream,8,128,True,4.30,84999.00,95999.00,"SAMSUNG Galaxy Z Flip3 5G ",11000.00,11.46,Android,4,5.50,3809,3
1841,HTC,10,Carbon Grey,4,32,True,4.20,47990.00,47990.00,HTC 10,0.00,0.00,Android,933,4.90,4982,28
1842,SAMSUNG,"Galaxy A12 ",Blue,6,128,True,3.90,14999.00,14999.00,"SAMSUNG Galaxy A12 ",0.00,0.00,Android,571,4.50,2336,247
1843,realme,9 Pro+ 5G,Aurora Green,6,128,True,4.40,24999.00,27999.00,realme 9 Pro+ 5G,3000.00,10.71,Android,56,6.50,2660,35
1844,SAMSUNG,"Galaxy F41 ",Fusion Black,6,128,True,4.30,14499.00,20999.00,"SAMSUNG Galaxy F41 ",6500.00,30.95,Android,948,6.80,3559,377
1845,SAMSUNG,"M31s ",Mirage Blue,8,128,True,4.30,20949.00,20949.00,"SAMSUNG M31s ",0.00,0.00,Android,88,5.80,5052,42
1846,Apple,"iPhone 11 ",White,4,128,True,4.60,54900.00,54900.00,"Apple iPhone 11 ",0.00,0.00,IOS,98,5.70,2385,69
1847,Xiaomi,"Redmi 8A Dual ",Sky White,3,64,True,4.20,8561.00,8561.00,"Xiaomi Redmi 8A Dual ",0.00,0.00,Android,786,5.50,5931,250
1848,Infinix,S5 Lite,Violet,4,64,True,4.30,9999.00,9999.00,Infinix S5 Lite,0.00,0.00,Android,300,5.10,4063,77
1849,Infinix,Hot 7 Pro,Midnight Black,6,64,True,4.20,10999.00,10999.00,Infinix Hot 7 Pro,0.00,0.00,Android,996,5.80,4579,411
1850,Infinix,Hot S3X,Milan Black,3,32,True,4.20,10999.00,10999.00,Infinix Hot S3X,0.00,0.00,Android,130,5.20,4043,16
1851,Motorola,"G40 Fusion ",Dynamic Gray,4,64,True,4.30,14499.00,16999.00,"Motorola G40 Fusion ",2500.00,14.71,Android,348,6.00,3418,40
1852,realme,9 5G,Meteor Black,6,128,True,4.80,17499.00,20999.00,realme 9 5G,3500.00,16.67,Android,800,6.00,3189,548
1853,ASUS,"Zenfone Go ",Silver,1,8,True,3.80,5699.00,5699.00,"ASUS Zenfone Go ",0.00,0.00,Android,304,4.90,2384,203
1854,realme,3,Diamond Red,4,64,True,4.40,9499.00,12999.00,realme 3,3500.00,26.93,Android,319,6.30,2696,14
1855,SAMSUNG,"Galaxy S8 Plus ",Midnight Black,6,128,True,4.60,48669.00,48669.00,"SAMSUNG Galaxy S8 Plus ",0.00,0.00,Android,836,6.80,2469,509
1856,Lenovo,"A6000 Plus ",White,2,16,True,4.10,7499.00,7499.00,"Lenovo A6000 Plus ",0.00,0.00,Android,266,6.10,3456,251
1857,vivo,Z1 Pro,Sonic Blue,6,64,True,4.50,17990.00,17990.00,vivo Z1 Pro,0.00,0.00,Android,569,5.30,2551,558
1858,OPPO,F3 Deepika Padukone Limited Edition,Rose Gold,4,64,True,4.30,17000.00,17000.00,OPPO F3 Deepika Padukone Limited Edition,0.00,0.00,Android,551,5.00,5347,173
1859,Apple,"iPhone 11 ",Green,4,256,True,4.60,64900.00,64900.00,"Apple iPhone 11 ",0.00,0.00,IOS,245,5.00,2891,57
1860,vivo,"X60 ",Shimmer Blue,3,64,True,4.40,8205.00,8205.00,"vivo X60 ",0.00,0.00,Android,139,5.50,5993,46
1861,realme,"X3 ",Glacier Blue,6,128,True,4.40,24999.00,26999.00,"realme X3 ",2000.00,7.41,Android,120,5.80,2352,67
1862,GIONEE,"P5L ",White,1,16,True,3.70,5199.00,5199.00,"GIONEE P5L ",0.00,0.00,Android,821,6.00,2986,793
1863,Infinix,Smart 5A,Midnight Black,2,32,True,4.40,7199.00,7999.00,Infinix Smart 5A,800.00,10.00,Android,671,4.60,2381,105
1864,SAMSUNG,"Galaxy J1 ",White,1,8,True,4.00,7550.00,7550.00,"SAMSUNG Galaxy J1 ",0.00,0.00,Android,836,5.00,2283,468
1865,Xiaomi,"Redmi Note 6 Pro ",Rose Gold,4,64,True,4.40,12449.00,15990.00,"Xiaomi Redmi Note 6 Pro ",3541.00,22.15,Android,233,5.40,4851,194
1866,SAMSUNG,"Galaxy F62 ",Laser Grey,6,128,True,4.20,23999.00,29999.00,"SAMSUNG Galaxy F62 ",6000.00,20.00,Android,894,6.10,3669,849
1867,SAMSUNG,"Galaxy Grand Quattro ",Ceramic White,1,8,True,4.00,6999.00,6999.00,"SAMSUNG Galaxy Grand Quattro ",0.00,0.00,Android,404,4.60,5039,194
1868,Lenovo,"A2010 ",White,1,8,True,3.90,4990.00,4990.00,"Lenovo A2010 ",0.00,0.00,Android,661,5.30,3392,525
1869,realme,9 5G,Meteor Black,4,64,True,4.50,14999.00,18999.00,realme 9 5G,4000.00,21.05,Android,19,4.60,4340,3
1870,OPPO,A5,Diamond Red,4,64,True,4.40,15990.00,15990.00,OPPO A5,0.00,0.00,Android,901,6.50,4647,536
1871,SAMSUNG,"Galaxy S Duos 3 ",Charcoal Grey,0,4,True,4.00,6499.00,6499.00,"SAMSUNG Galaxy S Duos 3 ",0.00,0.00,Android,221,5.40,3454,3
1872,SAMSUNG,"Galaxy A7 ",Midnight Black,2,16,True,4.10,19990.00,19990.00,"SAMSUNG Galaxy A7 ",0.00,0.00,Android,589,6.10,2653,104
1873,Xiaomi,Redmi Note 11T 5G,Matte Black,6,64,True,4.30,18979.00,18999.00,Xiaomi Redmi Note 11T 5G,20.00,0.11,Android,318,5.60,4178,233
1874,Apple,"iPhone 13 ",Pink,4,512,True,0.00,109900.00,109900.00,"Apple iPhone 13 ",0.00,0.00,IOS,459,6.80,3086,85
1875,realme,"7i ",Fusion Blue,4,128,True,4.30,14999.00,14999.00,"realme 7i ",0.00,0.00,Android,953,5.10,2904,286
1876,GIONEE,"M5 Lite 4G ",Blue,3,32,True,4.10,7290.00,7290.00,"GIONEE M5 Lite 4G ",0.00,0.00,Android,349,6.50,3627,315
1877,SAMSUNG,"Galaxy A30 ",Black,4,64,True,4.40,17500.00,17500.00,"SAMSUNG Galaxy A30 ",0.00,0.00,Android,976,4.60,4369,387
1878,Apple,"iPhone 7 Plus ",Silver,3,256,True,4.50,85400.00,85400.00,"Apple iPhone 7 Plus ",0.00,0.00,IOS,892,5.20,2336,463
1879,SAMSUNG,"Galaxy Note 9 ",Metallic Copper,6,128,True,4.60,73600.00,73600.00,"SAMSUNG Galaxy Note 9 ",0.00,0.00,Android,346,5.70,5438,167
1880,Motorola,G4,White,2,16,True,3.90,6999.00,6999.00,Motorola G4,0.00,0.00,Android,754,5.10,5370,502
1881,Lenovo,"Vibe K5 Plus ",Gold,3,16,True,4.00,7999.00,7999.00,"Lenovo Vibe K5 Plus ",0.00,0.00,Android,704,5.20,3195,63
1882,SAMSUNG,"Galaxy A22 5G ",Violet,6,128,True,4.30,20696.00,21995.00,"SAMSUNG Galaxy A22 5G ",1299.00,5.91,Android,158,6.10,4931,17
1883,vivo,"Y51A ",Crystal Symphony,4,32,True,4.40,19490.00,22990.00,"vivo Y51A ",3500.00,15.22,Android,785,6.60,5462,711
1884,Xiaomi,"Redmi 9 ",Sporty Orange,4,64,True,4.40,9828.00,10760.00,"Xiaomi Redmi 9 ",932.00,8.66,Android,556,5.10,5947,334
1885,realme,"Narzo 10 ",That White,4,128,True,4.50,11999.00,12999.00,"realme Narzo 10 ",1000.00,7.69,Android,809,4.90,5170,643
1886,SAMSUNG,"Galaxy S7 Edge ",Gold Platinum,4,32,True,4.40,41900.00,41900.00,"SAMSUNG Galaxy S7 Edge ",0.00,0.00,Android,48,5.20,3762,20
1887,realme,X7 Max,Mercury Silver,12,256,True,4.40,29999.00,32999.00,realme X7 Max,3000.00,9.09,Android,711,5.10,3847,300
1888,Nokia,6310,Black,0,0,True,0.00,4199.00,4199.00,Nokia 6310,0.00,0.00,Android,665,4.70,3911,57
1889,Apple,"iPhone 6 ",Space Grey,1,16,True,4.40,52000.00,52000.00,"Apple iPhone 6 ",0.00,0.00,IOS,994,6.90,4622,869
1890,SAMSUNG,"Galaxy J4 ",Blue,3,32,True,4.20,13023.00,13023.00,"SAMSUNG Galaxy J4 ",0.00,0.00,Android,426,6.50,4627,39
1891,GIONEE,"Pioneer P6 ",Grey,1,8,True,3.70,4150.00,4150.00,"GIONEE Pioneer P6 ",0.00,0.00,Android,484,4.80,5705,141
1892,ASUS,"ZenFone Max M1 ",Gold,3,32,True,4.20,9599.00,9599.00,"ASUS ZenFone Max M1 ",0.00,0.00,Android,708,5.80,4776,606
1893,Motorola,G4 Plus,White,3,32,True,4.00,6999.00,6999.00,Motorola G4 Plus,0.00,0.00,Android,294,6.30,3538,132
1894,SAMSUNG,"Galaxy S7 Edge ",Pink Gold,4,32,True,4.40,36900.00,36900.00,"SAMSUNG Galaxy S7 Edge ",0.00,0.00,Android,828,5.60,5106,337
1895,Motorola,M,Silver,3,32,True,3.90,14999.00,14999.00,Motorola M,0.00,0.00,Android,468,5.40,4411,65
1896,Lenovo,"Vibe Shot ",Red,3,32,True,3.70,18999.00,18999.00,"Lenovo Vibe Shot ",0.00,0.00,Android,896,6.50,4043,78
1897,OPPO,A3s,Red,4,64,True,4.30,13990.00,13990.00,OPPO A3s,0.00,0.00,Android,632,5.80,3997,511
1898,realme,"6 Pro ",Lightning Blue,8,128,True,4.40,19999.00,19999.00,"realme 6 Pro ",0.00,0.00,Android,584,6.80,4086,316
1899,Lenovo,"A5 ",Black,3,32,True,4.10,7999.00,7999.00,"Lenovo A5 ",0.00,0.00,Android,764,5.80,4413,257
1900,Apple,"iPhone XR ",Yellow,3,64,True,4.60,42999.00,47900.00,"Apple iPhone XR ",4901.00,10.23,IOS,223,5.20,3723,125
1901,Motorola,G6,Indigo Black,3,32,True,4.20,13999.00,13999.00,Motorola G6,0.00,0.00,Android,738,5.80,3204,139
1902,OPPO,Reno6 5G,Stellar Black,8,128,True,4.30,29990.00,35990.00,OPPO Reno6 5G,6000.00,16.67,Android,775,7.00,3841,527
1903,SAMSUNG,"Galaxy M30s ",Blue,6,128,True,4.10,15990.00,15990.00,"SAMSUNG Galaxy M30s ",0.00,0.00,Android,302,4.80,5996,206
1904,SAMSUNG,"Galaxy A7 2016 Edition ",Black,3,16,True,4.10,20700.00,20700.00,"SAMSUNG Galaxy A7 2016 Edition ",0.00,0.00,Android,467,4.60,2994,119
1905,SAMSUNG,"Galaxy A20s ",Black,4,64,True,4.30,14900.00,14900.00,"SAMSUNG Galaxy A20s ",0.00,0.00,Android,715,6.80,5057,78
1906,SAMSUNG,"Galaxy A6+ ",Blue,4,64,True,4.40,25600.00,25600.00,"SAMSUNG Galaxy A6+ ",0.00,0.00,Android,102,5.60,2116,3
1907,realme,"Narzo 50A ",Oxygen Green,4,64,True,4.40,11499.00,12999.00,"realme Narzo 50A ",1500.00,11.54,Android,255,5.20,2367,57
1908,Apple,"iPhone 13 Pro ",Sierra Blue,6,0,True,0.00,169900.00,169900.00,"Apple iPhone 13 Pro ",0.00,0.00,IOS,377,6.90,5572,71
1909,Nokia,2.1,Grey / Silver,1,8,True,4.00,7739.00,7739.00,Nokia 2.1,0.00,0.00,Android,555,5.80,3235,370
1910,Apple,"iPhone 12 Mini ",White,4,128,True,4.50,61999.00,64900.00,"Apple iPhone 12 Mini ",2901.00,4.47,IOS,122,5.90,3842,83
1911,SAMSUNG,"Galaxy J2-2017 ",Absolute black,1,8,True,4.20,6000.00,6000.00,"SAMSUNG Galaxy J2-2017 ",0.00,0.00,Android,352,5.90,2428,130
1912,Nokia,"8 Sirocco ",Black,6,128,True,4.30,29990.00,29990.00,"Nokia 8 Sirocco ",0.00,0.00,Android,198,5.50,2720,163
1913,OPPO,F17 Pro,Metallic White,8,128,True,4.30,19990.00,25990.00,OPPO F17 Pro,6000.00,23.09,Android,440,6.70,2627,8
1914,SAMSUNG,"Galaxy S9 ",Lilac Purple,4,64,True,4.40,62500.00,62500.00,"SAMSUNG Galaxy S9 ",0.00,0.00,Android,714,5.30,4521,108
1915,vivo,"X60 ",Midnight Black,4,64,True,4.40,16490.00,16490.00,"vivo X60 ",0.00,0.00,Android,250,5.60,3759,67
1916,Apple,"iPhone 6 ",Silver,1,16,True,4.40,36990.00,36990.00,"Apple iPhone 6 ",0.00,0.00,IOS,148,4.90,4317,108
1917,OPPO,A16,CRYSTAL BLACK,4,64,True,0.00,13990.00,15990.00,OPPO A16,2000.00,12.51,Android,35,5.40,3772,30
1918,SAMSUNG,"Galaxy Note 5 ",Silver,4,32,True,3.90,56999.00,56999.00,"SAMSUNG Galaxy Note 5 ",0.00,0.00,Android,102,6.00,3870,62
1919,Lenovo,"S850 ",White,1,16,True,4.00,18499.00,18499.00,"Lenovo S850 ",0.00,0.00,Android,659,6.60,3881,143
1920,vivo,U12,Electric Blue,4,64,True,4.40,13990.00,13990.00,vivo U12,0.00,0.00,Android,668,6.80,3026,305
1921,POCO,F3 GT,Predator Black,8,256,True,4.30,30999.00,36999.00,POCO F3 GT,6000.00,16.22,Android,75,5.40,4627,47
1922,Lenovo,"P780 ",Deep Black,1,4,True,4.10,15410.00,15410.00,"Lenovo P780 ",0.00,0.00,Android,797,6.40,5278,13
1923,SAMSUNG,"Galaxy A8 ",Gold,2,32,True,4.20,25990.00,25990.00,"SAMSUNG Galaxy A8 ",0.00,0.00,Android,743,5.90,5686,229
1924,Motorola,M,Silver,4,64,True,3.90,10910.00,10910.00,Motorola M,0.00,0.00,Android,748,6.40,4206,401
1925,realme,"3i ",Diamond Red,4,64,True,4.40,10499.00,10999.00,"realme 3i ",500.00,4.55,Android,218,6.80,2753,191
1926,Apple,"iPhone 12 ",Blue,4,128,True,4.60,68999.00,70900.00,"Apple iPhone 12 ",1901.00,2.68,IOS,185,5.00,3340,130
1927,OPPO,A54,Starry Blue,4,64,True,4.30,14990.00,14990.00,OPPO A54,0.00,0.00,Android,203,4.60,4428,194
1928,ASUS,"Zenfone Go 4.5 LTE ",Red,1,8,True,3.60,4890.00,4890.00,"ASUS Zenfone Go 4.5 LTE ",0.00,0.00,Android,85,5.50,2709,18
1929,realme,"8 Pro ",Infinite Blue,6,128,True,4.30,17999.00,19999.00,"realme 8 Pro ",2000.00,10.00,Android,820,4.90,4212,158
1930,Lenovo,"K9 ",Blue,3,32,True,4.20,9999.00,9999.00,"Lenovo K9 ",0.00,0.00,Android,698,6.20,4423,378
1931,ASUS,"Zenfone Selfie ",Pink,3,16,True,4.00,12490.00,12490.00,"ASUS Zenfone Selfie ",0.00,0.00,Android,740,5.00,4676,4
1932,Apple,"iPhone 7 ",Black,2,32,True,4.50,24999.00,31500.00,"Apple iPhone 7 ",6501.00,20.64,IOS,162,6.40,2005,162
1933,Apple,"iPhone 11 ",Black,4,256,True,4.60,64900.00,64900.00,"Apple iPhone 11 ",0.00,0.00,IOS,285,6.00,5822,5
1934,Xiaomi,"Redmi Y2 ",Gold,4,64,True,4.30,10999.00,10999.00,"Xiaomi Redmi Y2 ",0.00,0.00,Android,60,5.60,2514,12
1935,vivo,"V20 SE ",Gravity Black,3,32,True,4.30,17999.00,17999.00,"vivo V20 SE ",0.00,0.00,Android,990,4.50,2820,577
1936,Apple,"iPhone XR ",Coral,3,128,True,4.60,47999.00,52900.00,"Apple iPhone XR ",4901.00,9.26,IOS,165,6.30,3164,49
1937,Apple,"iPhone 11 ",Yellow,4,256,True,4.60,64900.00,64900.00,"Apple iPhone 11 ",0.00,0.00,IOS,256,5.40,4596,245
1938,OPPO,F1S,Gold,4,64,True,4.30,18990.00,18990.00,OPPO F1S,0.00,0.00,Android,81,6.50,2103,2
1939,realme,7,Mist Blue,6,64,True,4.30,14999.00,17999.00,realme 7,3000.00,16.67,Android,601,5.50,2187,399
1940,realme,"C21 ",Cross Blue,4,64,True,4.40,9999.00,10999.00,"realme C21 ",1000.00,9.09,Android,23,5.60,4494,22
1941,Xiaomi,"Redmi Y1 ",Rose Gold,3,32,True,4.30,8990.00,8990.00,"Xiaomi Redmi Y1 ",0.00,0.00,Android,367,6.40,4967,335
1942,Apple,"iPhone 12 Pro ",Silver,6,256,True,4.60,119900.00,119900.00,"Apple iPhone 12 Pro ",0.00,0.00,IOS,998,5.40,2379,701
1943,Apple,"iPhone 12 Mini ",Purple,4,128,True,4.50,61999.00,64900.00,"Apple iPhone 12 Mini ",2901.00,4.47,IOS,41,5.70,5550,21
1944,SAMSUNG,"Galaxy S9 Plus ",Coral Blue,6,64,True,4.50,70000.00,70000.00,"SAMSUNG Galaxy S9 Plus ",0.00,0.00,Android,86,5.70,2432,15
1945,realme,"U1 ",Fiery Gold,4,64,True,4.40,11990.00,15499.00,"realme U1 ",3509.00,22.64,Android,820,6.40,5505,485
1946,realme,"X2 ",Pearl Blue,6,128,True,4.50,19999.00,19999.00,"realme X2 ",0.00,0.00,Android,268,6.30,4322,259
1947,realme,X7 Max,Asteroid Black,12,256,True,4.30,29999.00,32999.00,realme X7 Max,3000.00,9.09,Android,722,5.20,5457,722
1948,SAMSUNG,Guru Music 2,Black,0,0,True,4.30,1882.00,1882.00,SAMSUNG Guru Music 2,0.00,0.00,Android,704,5.80,5070,701
1949,OPPO,F19 Pro,Fantastic Purple,8,256,True,4.30,23490.00,25990.00,OPPO F19 Pro,2500.00,9.62,Android,190,4.70,3098,128
1950,realme,"X3 SuperZoom ",Arctic White,8,256,True,4.30,29999.00,31999.00,"realme X3 SuperZoom ",2000.00,6.25,Android,398,6.20,2328,84
1951,Apple,"iPhone 12 ",Black,4,64,True,4.60,63999.00,65900.00,"Apple iPhone 12 ",1901.00,2.88,IOS,104,6.80,5908,29
1952,Lenovo,"A6000 Shot ",Black,2,16,True,3.70,6200.00,9991.00,"Lenovo A6000 Shot ",3791.00,37.94,Android,799,5.60,5786,316
1953,realme,"X ",Space Blue,8,0,True,4.50,20999.00,20999.00,"realme X ",0.00,0.00,Android,245,5.40,4037,157
1954,Apple,"iPhone SE ",Red,2,128,True,4.50,44900.00,44900.00,"Apple iPhone SE ",0.00,0.00,IOS,810,5.90,3548,745
1955,Apple,"iPhone 7 ",Jet Black,2,128,True,4.50,34900.00,34900.00,"Apple iPhone 7 ",0.00,0.00,IOS,551,5.80,2584,278
1956,POCO,M2 Pro,Green and Greener,4,64,True,4.30,13999.00,16999.00,POCO M2 Pro,3000.00,17.65,Android,545,4.90,2418,392
1957,realme,GT Neo 2,Neo Black,12,256,True,4.40,35999.00,38999.00,realme GT Neo 2,3000.00,7.69,Android,718,6.90,3472,163
1958,SAMSUNG,"Galaxy Note10 Lite ",Aura Black,8,128,True,4.30,39999.00,45000.00,"SAMSUNG Galaxy Note10 Lite ",5001.00,11.11,Android,214,5.70,2857,48
1959,ASUS,ROG 5s,Storm White,8,128,True,0.00,49999.00,55999.00,ASUS ROG 5s,6000.00,10.71,Android,416,5.90,3195,276
1960,Nokia,3310 DS 2020,Black,0,0,True,3.80,3974.00,4179.00,Nokia 3310 DS 2020,205.00,4.91,Android,73,6.80,5215,20
1961,Infinix,Smart 4,Quetzal Cyan,2,32,True,4.40,8999.00,8999.00,Infinix Smart 4,0.00,0.00,Android,411,4.80,5151,176
1962,Apple,"iPhone 11 ",White,4,64,True,4.60,54900.00,54900.00,"Apple iPhone 11 ",0.00,0.00,IOS,813,5.70,3080,429
1963,GIONEE,"S Plus ",Dark Blue,3,16,True,3.70,8950.00,8950.00,"GIONEE S Plus ",0.00,0.00,Android,182,5.50,2983,44
1964,Xiaomi,"Redmi Y3 ",Elegant Blue,4,64,True,4.20,12999.00,12999.00,"Xiaomi Redmi Y3 ",0.00,0.00,Android,713,5.90,4206,440
1965,Apple,"iPhone 11 Pro Max ",Midnight Green,4,256,True,4.70,131900.00,131900.00,"Apple iPhone 11 Pro Max ",0.00,0.00,IOS,220,6.20,5312,84
1966,Xiaomi,"Mi 11 Lite ",Tuscany Coral,8,128,True,4.30,23999.00,25999.00,"Xiaomi Mi 11 Lite ",2000.00,7.69,Android,314,4.80,2062,206
1967,Infinix,"S5 ",Quetzal Cyan,4,64,True,4.30,10999.00,10999.00,"Infinix S5 ",0.00,0.00,Android,416,6.90,5984,167
1968,Lenovo,"A6600 ",Black,1,16,True,3.80,5499.00,5499.00,"Lenovo A6600 ",0.00,0.00,Android,897,5.10,4729,321
1969,HTC,U Ultra,Sapphire Blue,4,64,True,4.00,62990.00,62990.00,HTC U Ultra,0.00,0.00,Android,104,6.40,3770,83
1970,Xiaomi,"REDMI 9 Prime ",Space Blue,4,64,True,4.30,10499.00,11999.00,"Xiaomi REDMI 9 Prime ",1500.00,12.50,Android,802,6.80,3957,761
1971,Apple,"iPhone 12 Mini ",Black,4,128,True,4.50,61999.00,64900.00,"Apple iPhone 12 Mini ",2901.00,4.47,IOS,196,5.40,5366,20
1972,vivo,"Y31 ",Ocean Blue,8,256,True,4.30,13990.00,13990.00,"vivo Y31 ",0.00,0.00,Android,561,5.00,5938,300
1973,realme,"6 Pro ",Lightning Red,8,128,True,4.40,19999.00,19999.00,"realme 6 Pro ",0.00,0.00,Android,410,5.10,2221,93
1974,realme,"GT Master Edition ",Daybreak Blue,6,128,True,4.30,25999.00,29999.00,"realme GT Master Edition ",4000.00,13.33,Android,517,5.90,2790,45
1975,Nokia,"3.1 Plus ",Baltic,3,32,True,4.20,10440.00,10440.00,"Nokia 3.1 Plus ",0.00,0.00,Android,771,5.00,5466,367
1976,realme,"X2 ",Pearl White,6,128,True,4.50,19999.00,19999.00,"realme X2 ",0.00,0.00,Android,455,5.70,5190,85
1977,SAMSUNG,"Galaxy A21s ",Blue,6,128,True,4.20,17499.00,18999.00,"SAMSUNG Galaxy A21s ",1500.00,7.90,Android,200,5.90,2157,98
1978,SAMSUNG,"Galaxy S10 Plus ",Prism White,8,128,True,4.60,59900.00,59900.00,"SAMSUNG Galaxy S10 Plus ",0.00,0.00,Android,262,5.10,2148,50
1979,Apple,iPhone 13 Pro Max,Alpine Green,4,0,True,4.70,169900.00,169900.00,Apple iPhone 13 Pro Max,0.00,0.00,IOS,206,6.70,4152,119
1980,SAMSUNG,"Sm-G361Hhadins ",Charcoal Gray,1,8,True,3.00,8999.00,8999.00,"SAMSUNG Sm-G361Hhadins ",0.00,0.00,Android,431,5.30,4204,176
1981,Xiaomi,Redmi Note 11T 5G,Stardust White,6,64,True,4.20,18187.00,18990.00,Xiaomi Redmi Note 11T 5G,803.00,4.23,Android,669,4.80,5869,604
1982,realme,"8i ",Space Black,6,128,True,0.00,15999.00,17999.00,"realme 8i ",2000.00,11.11,Android,397,5.50,3616,174
1983,OPPO,F17,Classic Silver,6,128,True,4.20,20999.00,20999.00,OPPO F17,0.00,0.00,Android,901,6.40,3767,778
1984,SAMSUNG,"Galaxy F42 5G ",Matte Black,6,128,True,4.10,20999.00,23999.00,"SAMSUNG Galaxy F42 5G ",3000.00,12.50,Android,22,6.80,2718,19
1985,Apple,"iPhone 13 Pro Max ",Graphite,6,128,True,0.00,129900.00,129900.00,"Apple iPhone 13 Pro Max ",0.00,0.00,IOS,960,6.30,5963,59
1986,Xiaomi,"Redmi Note 6 Pro ",Black,4,64,True,4.40,12349.00,12349.00,"Xiaomi Redmi Note 6 Pro ",0.00,0.00,Android,792,5.80,4402,586
1987,Nokia,216 DS,Black,0,0,True,4.20,2875.00,2999.00,Nokia 216 DS,124.00,4.13,Android,755,6.00,3392,331
1988,Apple,"iPhone 11 Pro Max ",Silver,4,512,True,4.70,150800.00,150800.00,"Apple iPhone 11 Pro Max ",0.00,0.00,IOS,957,4.70,4823,563
1989,SAMSUNG,"Galaxy A03s ",White,3,32,True,4.00,11499.00,13499.00,"SAMSUNG Galaxy A03s ",2000.00,14.82,Android,388,5.20,4439,172
1990,Infinix,Hot 11,Silver Wave,4,64,True,4.40,9999.00,11999.00,Infinix Hot 11,2000.00,16.67,Android,926,5.60,4485,635
1991,Nokia,"Asha 502 ",Bright Red,0,0,True,3.70,3499.00,3499.00,"Nokia Asha 502 ",0.00,0.00,Android,552,4.60,4990,143
1992,OPPO,A33,Mint Cream,3,32,True,4.30,10490.00,12990.00,OPPO A33,2500.00,19.25,Android,833,6.60,4219,605
1993,Xiaomi,11i 5G,Purple Mist,6,128,True,4.30,24999.00,29999.00,Xiaomi 11i 5G,5000.00,16.67,Android,890,5.00,4210,74
1994,realme,3,Radiant Blue,3,32,True,4.50,8499.00,10999.00,realme 3,2500.00,22.73,Android,732,5.70,2297,567
1995,LG,"G2 D802 ",Black Gold,2,16,True,4.50,31971.00,31971.00,"LG G2 D802 ",0.00,0.00,Android,673,6.10,5963,190
1996,OPPO,A12,Deep Blue,4,64,True,4.40,10490.00,11990.00,OPPO A12,1500.00,12.51,Android,16,6.20,4562,3
1997,Nokia,"C20 Plus ",Grey,2,32,True,4.40,8999.00,10499.00,"Nokia C20 Plus ",1500.00,14.29,Android,325,6.70,5039,325
1998,GIONEE,"P7 ",Grey,2,16,True,3.80,4750.00,4750.00,"GIONEE P7 ",0.00,0.00,Android,50,6.00,4771,25
1999,realme,"5i ",Forest Green,4,64,True,4.50,10999.00,10999.00,"realme 5i ",0.00,0.00,Android,865,5.80,4795,75
2000,Nokia,TA-1010/105,Black,0,0,True,4.20,1340.00,1340.00,Nokia TA-1010/105,0.00,0.00,Android,577,6.20,5041,209
2001,ASUS,"Zenfone Selfie ",Purple,3,16,True,4.00,13999.00,13999.00,"ASUS Zenfone Selfie ",0.00,0.00,Android,296,6.90,2503,165
2002,OPPO,A57,Black,3,32,True,4.20,14990.00,14990.00,OPPO A57,0.00,0.00,Android,104,5.50,3534,23
2003,OPPO,F5,Black,6,64,True,4.40,14990.00,14990.00,OPPO F5,0.00,0.00,Android,557,5.10,5081,344
2004,SAMSUNG,"Galaxy F02s ",Diamond Blue,3,32,True,4.20,9499.00,10499.00,"SAMSUNG Galaxy F02s ",1000.00,9.52,Android,993,5.20,5338,897
2005,ASUS,"Zenfone Selfie ",Black,3,16,True,4.00,9999.00,9999.00,"ASUS Zenfone Selfie ",0.00,0.00,Android,936,5.20,2635,700
2006,POCO,F1,Graphite Black,6,128,True,4.50,24999.00,24999.00,POCO F1,0.00,0.00,Android,156,5.20,3188,49
2007,ASUS,"Zenfone Selfie ",White,3,32,True,4.00,14500.00,14500.00,"ASUS Zenfone Selfie ",0.00,0.00,Android,748,5.80,3591,94
2008,GIONEE,"F9 ",Champagne,3,32,True,4.20,7900.00,7900.00,"GIONEE F9 ",0.00,0.00,Android,898,5.10,4303,424
2009,Apple,"iPhone 12 Mini ",Red,4,64,True,4.50,56999.00,59900.00,"Apple iPhone 12 Mini ",2901.00,4.84,IOS,392,5.20,5267,89
2010,Apple,"iPhone 11 ",Green,4,128,True,4.60,54900.00,54900.00,"Apple iPhone 11 ",0.00,0.00,IOS,928,5.70,3310,489
2011,Motorola,"G9 ",Sapphire Blue,4,64,True,4.20,10999.00,14999.00,"Motorola G9 ",4000.00,26.67,Android,399,5.70,4065,129
2012,Nokia,8,Polished Blue,4,64,True,4.00,29490.00,29490.00,Nokia 8,0.00,0.00,Android,898,5.90,5972,230
2013,Infinix,Note 4,Ice Blue,3,32,True,4.20,8999.00,8999.00,Infinix Note 4,0.00,0.00,Android,976,5.70,4157,200
2014,SAMSUNG,"Galaxy A71 ",Prism Crush Blue,8,128,True,4.40,27499.00,34999.00,"SAMSUNG Galaxy A71 ",7500.00,21.43,Android,262,6.80,2111,89
2015,Apple,"iPhone 6s ",Silver,2,128,True,4.50,55999.00,55999.00,"Apple iPhone 6s ",0.00,0.00,IOS,490,5.20,3939,124
2016,Apple,"iPhone 11 ",Black,4,128,True,4.60,54900.00,54900.00,"Apple iPhone 11 ",0.00,0.00,IOS,826,6.50,4740,78
2017,Nokia,3,Silver White,2,16,True,3.90,8588.00,8588.00,Nokia 3,0.00,0.00,Android,239,4.70,2920,142
2018,SAMSUNG,"Galaxy A70 ",Black,6,128,True,4.30,30900.00,30900.00,"SAMSUNG Galaxy A70 ",0.00,0.00,Android,936,6.30,2151,879
2019,SAMSUNG,"Galaxy A21s ",White,6,64,True,4.20,19999.00,19999.00,"SAMSUNG Galaxy A21s ",0.00,0.00,Android,71,4.70,4355,12
2020,Nokia,2.2,Steel,2,16,True,4.00,8599.00,8599.00,Nokia 2.2,0.00,0.00,Android,972,6.50,4896,580
2021,realme,"5i ",Aqua Blue,4,0,True,4.50,10999.00,10999.00,"realme 5i ",0.00,0.00,Android,77,7.00,5885,63
2022,Lenovo,"A7 ",Black,2,32,True,4.00,7490.00,8490.00,"Lenovo A7 ",1000.00,11.78,Android,859,4.70,3302,477
2023,vivo,"Y20G 2021 ",Purist Blue,4,64,True,0.00,29990.00,34990.00,"vivo Y20G 2021 ",5000.00,14.29,Android,976,6.70,5076,666
2024,Motorola,"One Macro ",Space Blue,4,64,True,4.30,9999.00,11999.00,"Motorola One Macro ",2000.00,16.67,Android,21,5.90,4065,12
2025,Motorola,G4,Black,2,16,True,3.90,6399.00,6399.00,Motorola G4,0.00,0.00,Android,969,4.60,5020,400
2026,LG,"V30+ ",Silver,4,128,True,4.30,29999.00,29999.00,"LG V30+ ",0.00,0.00,Android,314,6.50,3458,16
2027,SAMSUNG,"Galaxy A7 ",Blue,6,128,True,4.40,24600.00,24600.00,"SAMSUNG Galaxy A7 ",0.00,0.00,Android,864,5.40,3146,278
2028,ASUS,"ZenFone Max M2 ",Silver,3,32,True,4.30,12999.00,12999.00,"ASUS ZenFone Max M2 ",0.00,0.00,Android,152,5.60,2036,144
2029,realme,X7 Max,Milkyway Grey,8,128,True,4.30,26999.00,29999.00,realme X7 Max,3000.00,10.00,Android,811,5.00,4307,238
2030,SAMSUNG,"Galaxy C7 Pro ",Gold,4,64,True,4.40,26600.00,26600.00,"SAMSUNG Galaxy C7 Pro ",0.00,0.00,Android,98,4.80,4572,36
2031,SAMSUNG,"Galaxy Note 9 ",Lavender Purple,6,128,True,4.60,73600.00,73600.00,"SAMSUNG Galaxy Note 9 ",0.00,0.00,Android,388,6.30,3083,163
2032,Lenovo,"K10 Note ",Black,6,128,True,4.10,18999.00,18999.00,"Lenovo K10 Note ",0.00,0.00,Android,307,6.40,3186,159
2033,LG,"G5 ",Silver,4,32,True,4.00,52990.00,52990.00,"LG G5 ",0.00,0.00,Android,809,6.00,5657,543
2034,GIONEE,"F10 ",Blue,3,32,True,4.10,7990.00,7990.00,"GIONEE F10 ",0.00,0.00,Android,23,6.10,4094,11
2035,vivo,"V21 5G ",Sunset Dazzle,12,256,True,4.40,14990.00,14990.00,"vivo V21 5G ",0.00,0.00,Android,139,6.70,4860,105
2036,Lenovo,"A5 ",Gold,3,32,True,4.10,7999.00,7999.00,"Lenovo A5 ",0.00,0.00,Android,5,6.20,2574,1
2037,Apple,"iPhone 13 Pro Max ",Graphite,6,0,True,0.00,179900.00,179900.00,"Apple iPhone 13 Pro Max ",0.00,0.00,IOS,693,6.60,4153,492
2038,Apple,"iPhone 12 Pro ",Silver,6,512,True,4.60,139900.00,139900.00,"Apple iPhone 12 Pro ",0.00,0.00,IOS,909,6.70,3666,486
2039,POCO,"X3 Pro ",Steel Blue,8,128,True,4.40,20999.00,25999.00,"POCO X3 Pro ",5000.00,19.23,Android,420,6.60,2737,358
2040,SAMSUNG,"Galaxy M12 ",Blue,4,64,True,4.20,11510.00,11510.00,"SAMSUNG Galaxy M12 ",0.00,0.00,Android,604,4.70,4232,177
2041,vivo,"Y12s ",Phantom Black,4,64,True,4.40,32990.00,35990.00,"vivo Y12s ",3000.00,8.34,Android,242,6.10,4081,109
2042,OPPO,Find X,Bordeaux Red,8,256,True,4.60,60990.00,60990.00,OPPO Find X,0.00,0.00,Android,259,4.80,3889,187
2043,SAMSUNG,"Galaxy Folder 2 ",Wine Red,2,16,True,3.70,27330.00,27330.00,"SAMSUNG Galaxy Folder 2 ",0.00,0.00,Android,356,5.10,3629,268
2044,Apple,"iPhone 13 Pro Max ",Silver,6,512,True,0.00,159900.00,159900.00,"Apple iPhone 13 Pro Max ",0.00,0.00,IOS,304,6.80,4711,20
2045,ASUS,ROG 5s Pro,Phantom Black,18,512,True,0.00,79999.00,85999.00,ASUS ROG 5s Pro,6000.00,6.98,Android,705,5.80,3935,239
2046,POCO,"M2 Reloaded ",Mostly Blue,4,64,True,4.30,9999.00,11999.00,"POCO M2 Reloaded ",2000.00,16.67,Android,884,6.60,5346,29
2047,SAMSUNG,"Galaxy S3 Neo ",Pebble Blue,0,16,True,4.30,17000.00,17000.00,"SAMSUNG Galaxy S3 Neo ",0.00,0.00,Android,494,4.90,2882,130
2048,Apple,"iPhone 6s ",Silver,2,16,True,4.50,41999.00,41999.00,"Apple iPhone 6s ",0.00,0.00,IOS,225,5.00,2728,27
2049,realme,"X ",Onion,8,128,True,4.50,20999.00,20999.00,"realme X ",0.00,0.00,Android,699,5.40,3413,108
2050,GIONEE,"Pioneer P5W ",Red,1,16,True,3.10,4150.00,7250.00,"GIONEE Pioneer P5W ",3100.00,42.76,Android,413,6.00,3333,220
2051,SAMSUNG,"Galaxy A10s ",Black,3,32,True,4.30,11000.00,11000.00,"SAMSUNG Galaxy A10s ",0.00,0.00,Android,691,5.20,5620,397
2052,SAMSUNG,"Galaxy Note10 Lite ",Aura Red,6,128,True,4.30,37999.00,43000.00,"SAMSUNG Galaxy Note10 Lite ",5001.00,11.63,Android,738,5.10,4197,54
2053,OPPO,A15s,Dynamic Black,4,64,True,4.30,12990.00,13990.00,OPPO A15s,1000.00,7.15,Android,423,5.40,3132,20
2054,SAMSUNG,"Galaxy S4 ",Deep Black,2,16,True,3.90,15999.00,15999.00,"SAMSUNG Galaxy S4 ",0.00,0.00,Android,314,6.90,2319,120
2055,HTC,Desire 516,Dark Grey,1,4,True,3.50,15200.00,15200.00,HTC Desire 516,0.00,0.00,Android,636,6.70,3242,473
2056,Lenovo,"A2010 ",Black,1,8,True,3.90,4599.00,4599.00,"Lenovo A2010 ",0.00,0.00,Android,226,5.10,4089,70
2057,SAMSUNG,"Galaxy J7 Nxt ",Gold,2,16,True,4.40,10995.00,10995.00,"SAMSUNG Galaxy J7 Nxt ",0.00,0.00,Android,370,5.00,4564,121
2058,Infinix,Smart 5,Purple,2,32,True,4.30,7499.00,8999.00,Infinix Smart 5,1500.00,16.67,Android,272,5.20,2081,104
2059,Nokia,Ta -1010/105,Black,0,0,True,4.20,1000.00,1000.00,Nokia Ta -1010/105,0.00,0.00,Android,67,4.90,5080,17
2060,Xiaomi,"Redmi Note 6 Pro ",Blue,6,64,True,4.50,14990.00,14990.00,"Xiaomi Redmi Note 6 Pro ",0.00,0.00,Android,91,4.60,5314,72
2061,Apple,"iPhone 6 ",Gold,1,16,True,4.40,36499.00,36499.00,"Apple iPhone 6 ",0.00,0.00,IOS,207,5.80,4097,33
2062,realme,"Narzo 50i ",Carbon Black,4,64,True,4.30,8999.00,9999.00,"realme Narzo 50i ",1000.00,10.00,Android,644,5.90,2501,219
2063,LG,"Velvet Dual Screen ",Black,6,128,True,4.40,44990.00,55000.00,"LG Velvet Dual Screen ",10010.00,18.20,Android,249,5.10,5463,12
2064,realme,9i,Prism Black,6,128,True,4.40,15999.00,17999.00,realme 9i,2000.00,11.11,Android,336,5.90,2779,9
2065,ASUS,"6Z ",Silver,6,64,True,4.30,35999.00,35999.00,"ASUS 6Z ",0.00,0.00,Android,517,5.30,4604,420
2066,realme,"C3 ",Blazing Red,4,64,True,4.40,10999.00,10999.00,"realme C3 ",0.00,0.00,Android,674,5.80,2884,673
2067,Nokia,3.4,Dusk,4,64,True,3.90,11999.00,13999.00,Nokia 3.4,2000.00,14.29,Android,219,6.90,2823,136
2068,Nokia,107 Dual SIM,Black,0,0,True,4.20,1860.00,1860.00,Nokia 107 Dual SIM,0.00,0.00,Android,393,6.40,3578,387
2069,Infinix,Hot 6 Pro,Sandstone Black,3,32,True,4.30,8999.00,8999.00,Infinix Hot 6 Pro,0.00,0.00,Android,889,6.80,3014,642
2070,SAMSUNG,"Galaxy Note 4 ",Bronze Gold,3,32,True,4.10,51000.00,51000.00,"SAMSUNG Galaxy Note 4 ",0.00,0.00,Android,676,5.80,2183,642
2071,LG,"W30 ",Aurora Green,3,32,True,3.90,9999.00,9999.00,"LG W30 ",0.00,0.00,Android,710,5.90,2893,681
2072,Apple,"iPhone 7 ",Silver,2,32,True,4.50,24999.00,31500.00,"Apple iPhone 7 ",6501.00,20.64,IOS,401,6.50,4057,47
2073,SAMSUNG,"Galaxy J4 ",Black,3,32,True,4.20,10990.00,10990.00,"SAMSUNG Galaxy J4 ",0.00,0.00,Android,277,5.30,5383,17
2074,Nokia,"5.1 Plus ",Blue,4,64,True,4.10,9975.00,15999.00,"Nokia 5.1 Plus ",6024.00,37.65,Android,55,6.80,2756,24
2075,LG,"Q7 ",Black,3,32,True,3.30,9990.00,9990.00,"LG Q7 ",0.00,0.00,Android,932,4.70,2018,161
2076,OPPO,A5,Diamond Red,4,32,True,4.40,13500.00,13500.00,OPPO A5,0.00,0.00,Android,695,5.70,2731,651
2077,vivo,"Y33s ",Midday Dream,6,64,True,4.40,37990.00,44990.00,"vivo Y33s ",7000.00,15.56,Android,700,6.70,3181,683
2078,Nokia,5.3,SAND,4,64,True,3.50,10999.00,10999.00,Nokia 5.3,0.00,0.00,Android,593,5.10,2360,124
2079,GIONEE,"S10 Lite ",Gold,4,32,True,3.90,6399.00,6399.00,"GIONEE S10 Lite ",0.00,0.00,Android,317,5.90,5716,25
2080,Nokia,105 SS 2021,Black,0,0,True,4.20,1399.00,1399.00,Nokia 105 SS 2021,0.00,0.00,Android,388,6.00,3376,322
2081,POCO,X2,Atlantic Blue,6,64,True,4.50,14999.00,18999.00,POCO X2,4000.00,21.05,Android,598,4.80,3486,218
2082,realme,"Narzo 30A ",Laser Black,4,64,True,4.30,10499.00,10999.00,"realme Narzo 30A ",500.00,4.55,Android,658,6.80,2659,306
2083,Nokia,2,Copper/Black,1,8,True,3.80,7007.00,7007.00,Nokia 2,0.00,0.00,Android,339,5.90,2234,181
2084,POCO,M4 Pro 5G,Cool Blue,8,128,True,4.40,18999.00,21999.00,POCO M4 Pro 5G,3000.00,13.64,Android,958,6.20,5617,311
2085,Xiaomi,"Redmi Note 7S ",Ruby Red,4,64,True,4.20,13900.00,13900.00,"Xiaomi Redmi Note 7S ",0.00,0.00,Android,426,6.20,5668,245
2086,realme,X7 Max,Asteroid Black,8,128,True,4.30,26999.00,29999.00,realme X7 Max,3000.00,10.00,Android,432,5.70,3350,279
2087,SAMSUNG,"Galaxy A72 ",Awesome Violet,8,256,True,4.30,37999.00,43999.00,"SAMSUNG Galaxy A72 ",6000.00,13.64,Android,825,5.60,5837,706
2088,Infinix,Hot 11,Polar Black,4,64,True,4.40,9999.00,11999.00,Infinix Hot 11,2000.00,16.67,Android,973,4.50,5036,615
2089,Apple,"iPhone 11 Pro Max ",Space Grey,4,64,True,4.70,117100.00,117100.00,"Apple iPhone 11 Pro Max ",0.00,0.00,IOS,489,6.60,5001,142
2090,SAMSUNG,"Galaxy A7 ",Champagne Gold,2,16,True,4.10,19990.00,19990.00,"SAMSUNG Galaxy A7 ",0.00,0.00,Android,944,5.90,4045,50
2091,OPPO,A54,Moonlight Gold,4,64,True,4.30,14990.00,14990.00,OPPO A54,0.00,0.00,Android,909,5.50,5235,233
2092,Infinix,S5 Pro,Forest Green,4,64,True,4.40,12999.00,12999.00,Infinix S5 Pro,0.00,0.00,Android,675,5.30,4119,160
2093,SAMSUNG,"Galaxy Core ",Metallic Blue,1,8,True,4.00,7999.00,7999.00,"SAMSUNG Galaxy Core ",0.00,0.00,Android,956,6.40,2545,455
2094,Infinix,S4,Nebula Blue,3,32,True,4.20,9999.00,9999.00,Infinix S4,0.00,0.00,Android,498,4.50,5351,354
2095,POCO,M4 Pro 5G,Power Black,6,128,True,4.40,16999.00,19999.00,POCO M4 Pro 5G,3000.00,15.00,Android,564,5.00,3979,25
2096,GIONEE,"S6 Pro ",Rose Gold,4,32,True,3.60,8000.00,8000.00,"GIONEE S6 Pro ",0.00,0.00,Android,518,6.70,5400,161
2097,realme,9 Pro+ 5G,Aurora Green,8,256,True,4.40,28999.00,31999.00,realme 9 Pro+ 5G,3000.00,9.38,Android,13,5.60,4960,4
2098,Nokia,5.4,Polar Night,6,64,True,3.90,14499.00,14499.00,Nokia 5.4,0.00,0.00,Android,414,5.50,2150,360
2099,Xiaomi,"Redmi Note 7 Pro ",Moonlight White,6,128,True,4.50,15449.00,15990.00,"Xiaomi Redmi Note 7 Pro ",541.00,3.38,Android,876,6.60,4290,333
2100,POCO,M4 Pro,Cool Blue,6,64,True,4.40,14999.00,17999.00,POCO M4 Pro,3000.00,16.67,Android,523,6.40,4466,117
2101,ASUS,"Zenfone 2 Laser ZE500KL ",Black,2,16,True,4.10,7999.00,7999.00,"ASUS Zenfone 2 Laser ZE500KL ",0.00,0.00,Android,652,5.20,3627,633
2102,Xiaomi,"Redmi Note 7 Pro ",MOONLIGHT WHITE,6,64,True,4.50,14980.00,14990.00,"Xiaomi Redmi Note 7 Pro ",10.00,0.07,Android,68,4.60,3219,26
2103,Lenovo,"A7700 ",White,2,16,True,3.90,6750.00,6750.00,"Lenovo A7700 ",0.00,0.00,Android,49,5.40,5595,10
2104,SAMSUNG,"Galaxy Note 3 Neo ",White,2,16,True,4.20,11250.00,11250.00,"SAMSUNG Galaxy Note 3 Neo ",0.00,0.00,Android,331,5.60,4435,95
2105,Nokia,6310,Black,0,0,True,0.00,4049.00,4049.00,Nokia 6310,0.00,0.00,Android,705,5.80,2695,240
2106,Infinix,Hot 10S,Purple,4,64,True,4.30,9999.00,12999.00,Infinix Hot 10S,3000.00,23.08,Android,917,5.20,2066,241
2107,ASUS,ROG 5s,Phantom Black,12,256,True,0.00,57999.00,63999.00,ASUS ROG 5s,6000.00,9.38,Android,421,6.90,5444,322
2108,Apple,"iPhone 13 Mini ",Blue,6,512,True,0.00,99900.00,99900.00,"Apple iPhone 13 Mini ",0.00,0.00,IOS,375,6.20,4254,278
2109,SAMSUNG,"Galaxy A70s ",Prism Crush Red,6,128,True,4.30,17999.00,31000.00,"SAMSUNG Galaxy A70s ",13001.00,41.94,Android,836,4.70,5964,634
2110,Nokia,"C01 Plus ",Blue,2,16,True,0.00,6499.00,6499.00,"Nokia C01 Plus ",0.00,0.00,Android,51,5.40,2563,51
2111,realme,"7i ",Fusion Green,4,64,True,4.30,13999.00,13999.00,"realme 7i ",0.00,0.00,Android,515,6.30,3113,444
2112,SAMSUNG,"Galaxy M10 ",Charcoal Black,3,32,True,4.30,8650.00,9290.00,"SAMSUNG Galaxy M10 ",640.00,6.89,Android,32,5.10,2342,3
2113,Xiaomi,9A Sport,Carbon Black,2,32,True,4.30,7798.00,7798.00,Xiaomi 9A Sport,0.00,0.00,Android,596,6.50,2062,263
2114,SAMSUNG,"Galaxy A6+ ",Gold,4,64,True,4.40,25999.00,25999.00,"SAMSUNG Galaxy A6+ ",0.00,0.00,Android,731,5.00,2901,711
2115,Lenovo,"A7 ",Blue,4,64,True,3.90,7990.00,9999.00,"Lenovo A7 ",2009.00,20.09,Android,193,4.70,5794,65
2116,SAMSUNG,"Galaxy M42 ",Prism Dot Gray,8,128,True,4.30,24499.00,25900.00,"SAMSUNG Galaxy M42 ",1401.00,5.41,Android,518,5.60,4742,433
2117,Apple,"iPhone 13 Mini ",Red,6,512,True,0.00,99900.00,99900.00,"Apple iPhone 13 Mini ",0.00,0.00,IOS,121,6.00,4438,108
2118,POCO,"M3 ",Yellow,6,64,True,4.30,11999.00,12999.00,"POCO M3 ",1000.00,7.69,Android,861,5.30,5243,796
2119,Nokia,215 4G DS 2020,Black,0,0,True,3.70,3599.00,3599.00,Nokia 215 4G DS 2020,0.00,0.00,Android,596,6.20,2058,73
2120,SAMSUNG,"Galaxy A3 ",Champagne Gold,1,16,True,4.00,8190.00,8190.00,"SAMSUNG Galaxy A3 ",0.00,0.00,Android,637,5.20,2483,434
2121,Motorola,"G8 Power Lite ",Arctic Blue,4,64,True,4.30,9999.00,9999.00,"Motorola G8 Power Lite ",0.00,0.00,Android,519,6.60,4280,426
2122,OPPO,A9 2020,Vanilla Mint,4,128,True,4.30,14990.00,18990.00,OPPO A9 2020,4000.00,21.06,Android,929,6.50,3089,920
2123,SAMSUNG,"S7 Edge ",Black Pearl,4,128,True,4.30,36900.00,36900.00,"SAMSUNG S7 Edge ",0.00,0.00,Android,345,6.40,3655,9
2124,Apple,"iPhone XS Max ",Silver,4,512,True,4.60,144900.00,144900.00,"Apple iPhone XS Max ",0.00,0.00,IOS,903,6.30,3852,796
2125,Google Pixel,"Nexus 5X ",White,2,16,True,4.50,25400.00,25400.00,"Google Pixel Nexus 5X ",0.00,0.00,Android,267,5.60,4956,84
2126,GIONEE,"A1 Plus ",Mocha Gold,4,64,True,4.10,10499.00,10499.00,"GIONEE A1 Plus ",0.00,0.00,Android,189,4.70,3857,46
2127,SAMSUNG,M21 2021 Edition,Black,6,128,True,4.20,14859.00,15663.00,SAMSUNG M21 2021 Edition,804.00,5.13,Android,119,5.50,2381,103
2128,Nokia,3310 DS 2020,Black,0,0,True,3.80,3499.00,3499.00,Nokia 3310 DS 2020,0.00,0.00,Android,307,6.40,2637,277
2129,LG,"V20 ",Pink,4,64,True,4.20,31490.00,31490.00,"LG V20 ",0.00,0.00,Android,75,5.60,4203,64
2130,Google Pixel,"Nexus 5X ",Carbon,2,16,True,4.30,25990.00,25990.00,"Google Pixel Nexus 5X ",0.00,0.00,Android,314,5.70,4185,91
2131,HTC,628,Sunset Blue,3,32,True,3.70,15400.00,15400.00,HTC 628,0.00,0.00,Android,265,5.00,4969,198
2132,Xiaomi,"Redmi Y3 ",Bold Red,4,64,True,4.30,12999.00,13999.00,"Xiaomi Redmi Y3 ",1000.00,7.14,Android,42,5.70,4042,2
2133,realme,6,Comet Blue,4,64,True,4.40,13999.00,14999.00,realme 6,1000.00,6.67,Android,818,5.90,5103,339
2134,SAMSUNG,"Galaxy Note 4 ",Blossom Pink,3,32,True,4.10,49990.00,49990.00,"SAMSUNG Galaxy Note 4 ",0.00,0.00,Android,81,4.70,2935,52
2135,OPPO,A12,Deep Blue,3,32,True,4.40,9490.00,10990.00,OPPO A12,1500.00,13.65,Android,664,6.70,2070,246
2136,Xiaomi,"Mi 11X Pro 5G ",Cosmic Black,8,256,True,4.20,38950.00,39990.00,"Xiaomi Mi 11X Pro 5G ",1040.00,2.60,Android,820,4.60,3794,518
2137,SAMSUNG,"Galaxy A9 Pro ",Gold,4,32,True,4.30,19980.00,19980.00,"SAMSUNG Galaxy A9 Pro ",0.00,0.00,Android,363,6.00,4527,239
2138,SAMSUNG,"Galaxy M20 ",Ocean Blue,4,64,True,4.30,11999.00,11999.00,"SAMSUNG Galaxy M20 ",0.00,0.00,Android,317,5.10,5054,222
2139,GIONEE,"F11 ",Blue,3,32,True,4.00,6490.00,6490.00,"GIONEE F11 ",0.00,0.00,Android,347,5.20,4657,161
2140,Infinix,Smart 6,Obsidian Black,2,32,True,4.30,7499.00,8999.00,Infinix Smart 6,1500.00,16.67,Android,145,6.30,4602,85
2141,OPPO,A9 2020,Space Purple,4,128,True,4.30,14990.00,18990.00,OPPO A9 2020,4000.00,21.06,Android,994,5.30,2023,352
2142,OPPO,A5s,Red,2,32,True,4.30,12990.00,4990.00,OPPO A5s,-8000.00,-160.32,Android,209,4.60,5098,184
2143,Motorola,"G 2nd Generation ",White,1,16,True,4.20,8999.00,8999.00,"Motorola G 2nd Generation ",0.00,0.00,Android,541,5.00,5610,274
2144,POCO,C31,Shadow Grey,3,32,True,4.40,7999.00,10999.00,POCO C31,3000.00,27.28,Android,374,4.80,2494,372
2145,SAMSUNG,Metro,Black,0,0,True,4.20,2849.00,2849.00,SAMSUNG Metro,0.00,0.00,Android,722,4.80,5263,499
2146,Xiaomi,"Mi 10i ",Pacific Sunrise,8,128,True,4.30,26989.00,26989.00,"Xiaomi Mi 10i ",0.00,0.00,Android,408,5.80,2161,354
2147,SAMSUNG,"Galaxy On Nxt ",Gold,3,16,True,4.30,11200.00,11200.00,"SAMSUNG Galaxy On Nxt ",0.00,0.00,Android,439,6.10,4585,109
2148,Lenovo,"K6 Note ",Gold,4,32,True,4.00,7490.00,7490.00,"Lenovo K6 Note ",0.00,0.00,Android,755,4.70,5428,199
2149,SAMSUNG,"Galaxy A10s ",Green,2,32,True,4.40,10000.00,10000.00,"SAMSUNG Galaxy A10s ",0.00,0.00,Android,345,4.70,4765,231
2150,SAMSUNG,"Galaxy A7 ",Blue,4,64,True,4.40,17990.00,25379.00,"SAMSUNG Galaxy A7 ",7389.00,29.11,Android,541,4.90,4221,456
2151,realme,"8s 5G ",Universe Blue,8,128,True,0.00,19999.00,22999.00,"realme 8s 5G ",3000.00,13.04,Android,700,6.10,3901,230
2152,SAMSUNG,"Galaxy J2 - 2016 ",Black,0,8,True,4.00,6990.00,6990.00,"SAMSUNG Galaxy J2 - 2016 ",0.00,0.00,Android,652,6.80,5323,212
2153,Apple,"iPhone 6s ",Rose Gold,2,32,True,4.50,31999.00,31999.00,"Apple iPhone 6s ",0.00,0.00,IOS,944,6.30,4870,435
2154,Nokia,"C3 ",Sand,3,32,True,3.80,9999.00,9999.00,"Nokia C3 ",0.00,0.00,Android,667,5.40,4404,188
2155,Apple,"iPhone SE ",White,2,64,True,4.50,32999.00,39900.00,"Apple iPhone SE ",6901.00,17.30,IOS,688,4.70,5747,615
2156,ASUS,"Zenfone Go 5.0 LTE ",White,2,16,True,3.70,4990.00,4990.00,"ASUS Zenfone Go 5.0 LTE ",0.00,0.00,Android,345,6.20,4785,265
2157,Nokia,105 SS 2021,Black,0,0,True,4.20,1349.00,1349.00,Nokia 105 SS 2021,0.00,0.00,Android,64,6.90,5839,10
2158,Lenovo,"A319 ",Black,0,4,True,3.60,4200.00,4200.00,"Lenovo A319 ",0.00,0.00,Android,840,5.90,3407,223
2159,ASUS,"ROG Phone 5 Ultimate ",White,18,512,True,0.00,79999.00,85999.00,"ASUS ROG Phone 5 Ultimate ",6000.00,6.98,Android,947,5.30,3881,129
2160,SAMSUNG,"Galaxy A10 ",Black,2,32,True,4.30,8700.00,8700.00,"SAMSUNG Galaxy A10 ",0.00,0.00,Android,959,4.90,5853,12
2161,Xiaomi,"Redmi Note 5 ",Black,3,32,True,4.20,9990.00,9990.00,"Xiaomi Redmi Note 5 ",0.00,0.00,Android,200,6.70,2455,24
2162,SAMSUNG,"Galaxy A10 ",Gold,2,32,True,4.30,8700.00,8700.00,"SAMSUNG Galaxy A10 ",0.00,0.00,Android,97,5.60,5784,35
2163,SAMSUNG,"Galaxy A52s 5G ",Awesome Mint,8,128,True,4.30,37499.00,40999.00,"SAMSUNG Galaxy A52s 5G ",3500.00,8.54,Android,295,4.80,5913,136
2164,Apple,"iPhone 11 ",Yellow,4,64,True,4.60,49900.00,49900.00,"Apple iPhone 11 ",0.00,0.00,IOS,640,5.00,5668,82
2165,Apple,"iPhone 11 ",Green,4,128,True,4.60,54900.00,54900.00,"Apple iPhone 11 ",0.00,0.00,IOS,849,6.00,2158,220
2166,SAMSUNG,"Galaxy M21 ",Midnight Blue,4,64,True,4.30,15990.00,15990.00,"SAMSUNG Galaxy M21 ",0.00,0.00,Android,630,4.90,4837,9
2167,Infinix,Hot 10S,Morandi Green,4,64,True,4.30,9999.00,12999.00,Infinix Hot 10S,3000.00,23.08,Android,374,6.00,4495,109
2168,SAMSUNG,"Galaxy J5 ",Gold,0,8,True,4.30,10490.00,10490.00,"SAMSUNG Galaxy J5 ",0.00,0.00,Android,995,6.60,5518,150
2169,SAMSUNG,"Galaxy Note 8 ",Midnight Black,6,64,True,4.60,34899.00,74000.00,"SAMSUNG Galaxy Note 8 ",39101.00,52.84,Android,957,6.60,4730,545
2170,GIONEE,"F103 Pro ",Grey,3,16,True,3.90,5290.00,5290.00,"GIONEE F103 Pro ",0.00,0.00,Android,907,7.00,5933,34
2171,SAMSUNG,"Galaxy Note 10 Plus ",Aura Glow,12,256,True,4.60,59999.00,85000.00,"SAMSUNG Galaxy Note 10 Plus ",25001.00,29.41,Android,720,6.80,2473,20
2172,Infinix,Hot S3,Topaz Blue,4,64,True,4.10,11999.00,11999.00,Infinix Hot S3,0.00,0.00,Android,433,6.60,5828,249
2173,Apple,"iPhone 11 Pro ",Silver,4,256,True,4.60,79999.00,106600.00,"Apple iPhone 11 Pro ",26601.00,24.95,IOS,901,6.80,4124,186
2174,SAMSUNG,"Galaxy Z Flip3 5G ","Lavender  ",8,128,True,4.30,88999.00,95999.00,"SAMSUNG Galaxy Z Flip3 5G ",7000.00,7.29,Android,422,4.60,2732,410
2175,POCO,F3 GT,Gunmetal Silver,6,128,True,4.30,28999.00,32999.00,POCO F3 GT,4000.00,12.12,Android,915,4.60,5145,247
2176,Nokia,5.3,CYAN,6,64,True,3.70,12999.00,12999.00,Nokia 5.3,0.00,0.00,Android,750,6.20,2217,321
2177,SAMSUNG,"Galaxy Z Flip ",Mirror Black,8,256,True,0.00,66000.00,66000.00,"SAMSUNG Galaxy Z Flip ",0.00,0.00,Android,225,5.40,5586,59
2178,realme,"X50 Pro ",Moss Green,12,256,True,4.30,47999.00,47999.00,"realme X50 Pro ",0.00,0.00,Android,36,4.90,4447,4
2179,Apple,"iPhone 11 ",Purple,4,256,True,4.60,64900.00,64900.00,"Apple iPhone 11 ",0.00,0.00,IOS,265,6.40,3162,95
2180,Infinix,Zero 8i,Black Diamond,8,128,True,4.20,18999.00,18999.00,Infinix Zero 8i,0.00,0.00,Android,327,6.40,2278,9
2181,SAMSUNG,"Galaxy A7 ",Pearl White,2,16,True,4.10,19990.00,19990.00,"SAMSUNG Galaxy A7 ",0.00,0.00,Android,949,6.50,4361,705
2182,Xiaomi,"REDMI 9 Power ",Electric Green,4,64,True,4.20,11499.00,13999.00,"Xiaomi REDMI 9 Power ",2500.00,17.86,Android,719,4.70,2637,243
2183,SAMSUNG,"Galaxy A12 ",Blue,4,128,True,4.20,14999.00,14999.00,"SAMSUNG Galaxy A12 ",0.00,0.00,Android,621,5.30,2909,466
2184,realme,9 5G,Stargaze White,6,128,True,4.80,17499.00,20999.00,realme 9 5G,3500.00,16.67,Android,86,5.20,4286,47
2185,OPPO,A5s,Green,4,64,True,4.40,15677.00,15677.00,OPPO A5s,0.00,0.00,Android,531,6.10,4800,396
2186,OPPO,Reno6 Pro 5G,Aurora,12,256,True,4.40,39990.00,46990.00,OPPO Reno6 Pro 5G,7000.00,14.90,Android,466,5.30,4510,79
2187,SAMSUNG,"Galaxy Alpha ",Dazzling White,2,32,True,3.60,19999.00,19999.00,"SAMSUNG Galaxy Alpha ",0.00,0.00,Android,189,5.60,4281,44
2188,realme,"U1 ",Fiery Gold,3,64,True,4.40,11999.00,11999.00,"realme U1 ",0.00,0.00,Android,495,6.70,5282,93
2189,Apple,"iPhone 13 Pro Max ",Gold,6,512,True,0.00,159900.00,159900.00,"Apple iPhone 13 Pro Max ",0.00,0.00,IOS,450,5.00,4165,112
2190,SAMSUNG,"Galaxy M20 ",Ocean Blue,32,0,True,4.20,9990.00,9990.00,"SAMSUNG Galaxy M20 ",0.00,0.00,Android,847,6.00,3025,459
2191,HTC,U Ultra,Brilliant Black,4,64,True,4.00,62990.00,62990.00,HTC U Ultra,0.00,0.00,Android,415,6.40,3982,7
2192,Xiaomi,"Redmi Note 4 ",Gold,3,32,True,4.40,8590.00,8590.00,"Xiaomi Redmi Note 4 ",0.00,0.00,Android,753,6.40,4093,216
2193,Apple,"iPhone 11 Pro ",Midnight Green,4,256,True,4.60,121300.00,121300.00,"Apple iPhone 11 Pro ",0.00,0.00,IOS,885,5.60,2006,7
2194,SAMSUNG,"Galaxy S21 Plus ",Phantom Violet,8,128,True,4.40,71999.00,100999.00,"SAMSUNG Galaxy S21 Plus ",29000.00,28.71,Android,72,6.60,3717,57
2195,Apple,"iPhone XR ",Blue,3,256,True,4.60,91900.00,91900.00,"Apple iPhone XR ",0.00,0.00,IOS,286,6.60,4441,267
2196,Infinix,Smart 2,"Bordeaux Red ",2,16,True,4.10,6999.00,6999.00,Infinix Smart 2,0.00,0.00,Android,926,6.50,4037,97
2197,Lenovo,"K8 Plus ",Venom Black,4,32,True,4.10,11999.00,11999.00,"Lenovo K8 Plus ",0.00,0.00,Android,156,5.20,3713,125
2198,LG,"Q7+ ",Moroccan Blue,4,64,True,3.20,20998.00,20998.00,"LG Q7+ ",0.00,0.00,Android,441,4.90,3407,212
2199,SAMSUNG,"Tizen Z3 ",Gold,1,8,True,3.30,6990.00,6990.00,"SAMSUNG Tizen Z3 ",0.00,0.00,Android,621,4.70,4562,408
2200,LG,"K10 2017 ",Titan,2,16,True,4.10,7499.00,7499.00,"LG K10 2017 ",0.00,0.00,Android,417,6.20,5019,39
2201,OPPO,A16k,Blue,3,32,True,4.10,10490.00,10490.00,OPPO A16k,0.00,0.00,Android,155,5.90,3605,121
2202,Xiaomi,Note 10 lite,Glacier White,4,128,True,4.30,14990.00,14990.00,Xiaomi Note 10 lite,0.00,0.00,Android,837,5.00,4636,546
2203,SAMSUNG,"Galaxy M11 ",Violet,3,32,True,4.20,11745.00,11745.00,"SAMSUNG Galaxy M11 ",0.00,0.00,Android,560,6.60,2899,522
2204,Nokia,515,Black,0,0,True,3.00,8999.00,8999.00,Nokia 515,0.00,0.00,Android,41,6.00,3909,14
2205,Infinix,Smart 4 Plus,Ocean Wave,3,32,True,4.40,9999.00,9999.00,Infinix Smart 4 Plus,0.00,0.00,Android,700,6.30,3858,167
2206,SAMSUNG,"Galaxy S9 Plus ",Lilac Purple,6,64,True,4.50,70000.00,70000.00,"SAMSUNG Galaxy S9 Plus ",0.00,0.00,Android,550,5.20,4405,364
2207,Motorola,X4,Sterling Blue,6,64,True,4.30,24999.00,24999.00,Motorola X4,0.00,0.00,Android,608,6.90,3884,228
2208,Xiaomi,"REDMI Note 9 ",Aqua Green,4,64,True,0.00,11999.00,14999.00,"Xiaomi REDMI Note 9 ",3000.00,20.00,Android,809,6.40,4501,338
2209,Apple,"iPhone 13 Pro Max ",Sierra Blue,6,256,True,0.00,139900.00,139900.00,"Apple iPhone 13 Pro Max ",0.00,0.00,IOS,370,5.10,4636,296
2210,LG,"G7+ ThinQ ",Black,6,128,True,4.40,55000.00,55000.00,"LG G7+ ThinQ ",0.00,0.00,Android,975,5.70,5014,317
2211,SAMSUNG,"Galaxy M32 ",Black,4,64,True,4.20,15490.00,15490.00,"SAMSUNG Galaxy M32 ",0.00,0.00,Android,126,4.70,3307,112
2212,Xiaomi,"Redmi 8A ",Midnight Black,2,32,True,4.40,7999.00,7999.00,"Xiaomi Redmi 8A ",0.00,0.00,Android,555,6.20,3734,308
2213,SAMSUNG,"Galaxy S21 Ultra ",Phantom Silver,12,256,True,4.50,105999.00,128999.00,"SAMSUNG Galaxy S21 Ultra ",23000.00,17.83,Android,621,4.80,5108,274
2214,SAMSUNG,"Galaxy J7 Nxt ",Gold,3,32,True,4.30,12000.00,12000.00,"SAMSUNG Galaxy J7 Nxt ",0.00,0.00,Android,381,4.50,5592,370
2215,SAMSUNG,"Galaxy A5 2016 Edition ",White,2,16,True,4.10,14490.00,14490.00,"SAMSUNG Galaxy A5 2016 Edition ",0.00,0.00,Android,783,5.30,5108,767
2216,Google Pixel,3,Not Pink,4,128,True,4.50,80000.00,80000.00,Google Pixel 3,0.00,0.00,Android,200,4.60,2130,34
2217,vivo,"Y1s ",Aurora Blue,4,32,True,4.40,22990.00,27990.00,"vivo Y1s ",5000.00,17.86,Android,693,6.60,3202,322
2218,SAMSUNG,"Z3 ",Black,1,8,True,3.40,5590.00,5590.00,"SAMSUNG Z3 ",0.00,0.00,Android,716,4.70,3787,467
2219,realme,"Narzo 20 Pro ",Black Ninja,8,128,True,4.30,16999.00,18999.00,"realme Narzo 20 Pro ",2000.00,10.53,Android,149,6.60,2157,124
2220,GIONEE,"Pioneer P2 ",Black,0,4,True,3.60,2290.00,2290.00,"GIONEE Pioneer P2 ",0.00,0.00,Android,863,6.00,2217,606
2221,SAMSUNG,"Galaxy J5 - 6 New 2016 Edition) ",Black,2,16,True,4.20,10990.00,10990.00,"SAMSUNG Galaxy J5 - 6 New 2016 Edition) ",0.00,0.00,Android,75,6.20,4216,39
2222,OPPO,F9 Pro,Starry Purple,6,64,True,4.50,21150.00,21150.00,OPPO F9 Pro,0.00,0.00,Android,482,6.50,4147,244
2223,SAMSUNG,"Galaxy J2 Ace ",Silver,0,8,True,4.10,8090.00,8090.00,"SAMSUNG Galaxy J2 Ace ",0.00,0.00,Android,522,5.50,4962,297
2224,SAMSUNG,"Galaxy A30 ",Red,4,64,True,4.40,18000.00,18000.00,"SAMSUNG Galaxy A30 ",0.00,0.00,Android,306,6.60,4828,192
2225,SAMSUNG,"Galaxy A52s 5G ",Awesome Violet,8,128,True,4.50,37499.00,40999.00,"SAMSUNG Galaxy A52s 5G ",3500.00,8.54,Android,452,6.20,3341,318
2226,LG,"W41 Pro ",Laser Blue,6,128,True,3.70,10499.00,20000.00,"LG W41 Pro ",9501.00,47.51,Android,982,4.70,2595,474
2227,realme,2,Diamond Black,3,32,True,4.50,9990.00,9990.00,realme 2,0.00,0.00,Android,17,6.00,3369,6
2228,SAMSUNG,"Galaxy Ace NXT ",Ceramic White,0,4,True,3.80,5490.00,5490.00,"SAMSUNG Galaxy Ace NXT ",0.00,0.00,Android,510,5.50,2196,230
2229,POCO,"M2 Reloaded ",Grey,4,64,True,4.30,9999.00,11999.00,"POCO M2 Reloaded ",2000.00,16.67,Android,437,6.70,3162,376
2230,realme,"C3 ",Frozen Blue,3,32,True,4.40,9999.00,9999.00,"realme C3 ",0.00,0.00,Android,346,6.20,4978,336
2231,Lenovo,"A7 ",Blue,2,32,True,4.00,6950.00,8490.00,"Lenovo A7 ",1540.00,18.14,Android,676,5.10,3803,551
2232,OPPO,A52,Stream White,6,128,True,4.30,17999.00,17999.00,OPPO A52,0.00,0.00,Android,254,5.10,3965,224
2233,realme,"Narzo 30 ",Racing Silver,6,128,True,4.30,15499.00,16999.00,"realme Narzo 30 ",1500.00,8.82,Android,245,5.20,3210,223
2234,OPPO,F11 Pro Marvel? Avengers Limited Edition,Space Blue,6,128,True,0.00,27990.00,31990.00,OPPO F11 Pro Marvel? Avengers Limited Edition,4000.00,12.50,Android,695,6.60,4996,401
2235,realme,"X3 ",Glacier Blue,8,128,True,4.40,25999.00,27999.00,"realme X3 ",2000.00,7.14,Android,244,6.00,2866,213
2236,Xiaomi,"Redmi 5 ",Black,3,32,True,4.40,9900.00,9900.00,"Xiaomi Redmi 5 ",0.00,0.00,Android,195,6.20,5275,101
2237,HTC,626G Plus,White Birch,1,8,True,3.90,8999.00,8999.00,HTC 626G Plus,0.00,0.00,Android,1000,5.90,3533,859
2238,Apple,"iPhone 6 Plus ",Silver,1,64,True,4.50,48999.00,48999.00,"Apple iPhone 6 Plus ",0.00,0.00,IOS,915,4.90,2146,223
2239,POCO,"C3 ",Matte Black,4,64,True,4.30,8999.00,10999.00,"POCO C3 ",2000.00,18.18,Android,327,6.80,2200,266
2240,Xiaomi,"Redmi Y2 ",Gold,3,32,True,4.20,9468.00,10499.00,"Xiaomi Redmi Y2 ",1031.00,9.82,Android,579,6.40,4409,449
2241,Apple,"iPhone 6 Plus ",Silver,1,16,True,4.50,40999.00,40999.00,"Apple iPhone 6 Plus ",0.00,0.00,IOS,333,5.10,3935,135
2242,vivo,Y93,Nebula Purple,3,64,True,4.40,11990.00,11990.00,vivo Y93,0.00,0.00,Android,977,6.80,2792,596
2243,GIONEE,"Marathon M3 ",White,1,8,True,3.80,9599.00,9599.00,"GIONEE Marathon M3 ",0.00,0.00,Android,957,5.50,5373,267
2244,OPPO,Ravichandran Ashwin Limited Edition,Black,4,64,True,4.40,22990.00,22990.00,OPPO Ravichandran Ashwin Limited Edition,0.00,0.00,Android,166,5.70,3703,84
2245,Apple,"iPhone 7 ",Jet Black,2,256,True,4.50,74400.00,74400.00,"Apple iPhone 7 ",0.00,0.00,IOS,955,6.80,2886,657
2246,Nokia,"G10 ",Dusk | Purple,4,64,True,0.00,12149.00,12149.00,"Nokia G10 ",0.00,0.00,Android,204,5.40,5450,10
2247,SAMSUNG,SM-B310EZDDINS,Black,0,0,True,5.00,1949.00,1949.00,SAMSUNG SM-B310EZDDINS,0.00,0.00,Android,487,6.20,3782,325
2248,SAMSUNG,"Galaxy Note 20 ",Mystic Blue,8,256,True,4.30,54599.00,79997.00,"SAMSUNG Galaxy Note 20 ",25398.00,31.75,Android,694,6.60,3619,218
2249,OPPO,F3,Gold,4,64,True,4.30,18000.00,18000.00,OPPO F3,0.00,0.00,Android,3,6.40,5933,2
2250,realme,1,Diamond Black,3,32,True,0.00,11990.00,12990.00,realme 1,1000.00,7.70,Android,716,6.00,2817,81
2251,SAMSUNG,"Galaxy Note 10 Plus ",Aura Black,12,512,True,4.60,95000.00,95000.00,"SAMSUNG Galaxy Note 10 Plus ",0.00,0.00,Android,121,4.70,2004,58
2252,OPPO,A53,Mint Cream,6,128,True,4.30,13990.00,17990.00,OPPO A53,4000.00,22.23,Android,366,5.40,2745,355
2253,OPPO,A5s,Blue,2,32,True,4.30,8990.00,12990.00,OPPO A5s,4000.00,30.79,Android,795,5.90,5400,388
2254,SAMSUNG,"Galaxy F41 ",Fusion Green,6,128,True,4.30,14499.00,20999.00,"SAMSUNG Galaxy F41 ",6500.00,30.95,Android,606,4.60,3321,138
2255,ASUS,"Zenfone Max ",Black,2,32,True,4.10,8499.00,8499.00,"ASUS Zenfone Max ",0.00,0.00,Android,664,6.80,3255,193
2256,OPPO,A53,Electric Black,6,128,True,4.30,13990.00,17990.00,OPPO A53,4000.00,22.23,Android,928,4.80,4905,517
2257,Apple,"iPhone 13 Pro Max ",Sierra Blue,6,0,True,0.00,139900.00,139900.00,"Apple iPhone 13 Pro Max ",0.00,0.00,IOS,508,5.10,4615,153
2258,Nokia,150 TA-1235 DS,Black,0,0,True,4.10,2480.00,2599.00,Nokia 150 TA-1235 DS,119.00,4.58,Android,152,5.40,2157,58
2259,OPPO,Reno6 Pro 5G,Majestic Gold,12,256,True,4.40,41990.00,45990.00,OPPO Reno6 Pro 5G,4000.00,8.70,Android,370,6.30,2518,305
2260,Nokia,5.3,CHARCOAL,4,64,True,3.50,10999.00,10999.00,Nokia 5.3,0.00,0.00,Android,926,4.90,5472,490
2261,OPPO,N5111,White,2,16,True,3.10,9990.00,9990.00,OPPO N5111,0.00,0.00,Android,422,6.00,2196,117
2262,Motorola,G4 Plus,White,2,16,True,4.00,5999.00,5999.00,Motorola G4 Plus,0.00,0.00,Android,295,6.30,5090,106
2263,Apple,"iPhone 12 ",White,4,128,True,4.60,68999.00,70900.00,"Apple iPhone 12 ",1901.00,2.68,IOS,914,6.90,5019,786
2264,Apple,iPhone 13 Pro Max,Gold,4,512,True,4.70,159900.00,159900.00,Apple iPhone 13 Pro Max,0.00,0.00,IOS,442,5.90,3877,322
2265,SAMSUNG,"Galaxy M31 ",Ocean Blue,8,128,True,4.30,18654.00,18950.00,"SAMSUNG Galaxy M31 ",296.00,1.56,Android,175,4.50,3986,29
2266,SAMSUNG,Guru FM Plus,Black,0,0,True,4.20,1445.00,1445.00,SAMSUNG Guru FM Plus,0.00,0.00,Android,891,6.30,3960,323
2267,Infinix,"Note 11 ",Graphite Black,4,64,True,4.30,12499.00,14999.00,"Infinix Note 11 ",2500.00,16.67,Android,292,4.70,4492,155
2268,POCO,"C3 ",Arctic Blue,4,64,True,4.30,8999.00,10999.00,"POCO C3 ",2000.00,18.18,Android,521,4.80,2107,294
2269,Xiaomi,"Redmi Y3 ",Prime Black,3,32,True,4.20,9950.00,9950.00,"Xiaomi Redmi Y3 ",0.00,0.00,Android,924,6.60,3788,813
2270,SAMSUNG,"Galaxy Note 10 Plus ",Aura White,12,256,True,4.60,59999.00,85000.00,"SAMSUNG Galaxy Note 10 Plus ",25001.00,29.41,Android,967,5.40,5176,555
2271,Xiaomi,"Redmi Note 7S ",Onyx Black,4,64,True,4.40,13900.00,13900.00,"Xiaomi Redmi Note 7S ",0.00,0.00,Android,511,5.60,5553,380
2272,SAMSUNG,"Galaxy Note 10 Plus ",Aura Black,12,256,True,4.60,59999.00,85000.00,"SAMSUNG Galaxy Note 10 Plus ",25001.00,29.41,Android,37,4.90,4345,35
2273,SAMSUNG,"Galaxy A72 ",Awesome Violet,8,128,True,4.30,34999.00,41999.00,"SAMSUNG Galaxy A72 ",7000.00,16.67,Android,894,4.50,2225,365
2274,Apple,"iPhone 12 ",Purple,4,128,True,4.60,68999.00,84900.00,"Apple iPhone 12 ",15901.00,18.73,IOS,569,4.90,2859,472
2275,SAMSUNG,"M32 5G ",Slate Black,6,128,True,0.00,21999.00,23999.00,"SAMSUNG M32 5G ",2000.00,8.33,Android,594,7.00,2842,131
2276,realme,6,Comet Blue,6,64,True,4.40,14999.00,17999.00,realme 6,3000.00,16.67,Android,6,4.60,4455,0
2277,POCO,"X3 Pro ",Graphite Black,8,128,True,4.40,20999.00,25999.00,"POCO X3 Pro ",5000.00,19.23,Android,762,5.60,4417,654
2278,SAMSUNG,Guru 1200,Black,0,0,True,4.30,1200.00,1200.00,SAMSUNG Guru 1200,0.00,0.00,Android,457,6.40,5898,58
2279,OPPO,F5,Black,4,32,True,4.40,15500.00,15500.00,OPPO F5,0.00,0.00,Android,423,5.90,5653,245
2280,Lenovo,"K9 Note ",Black,4,64,True,4.10,11999.00,11999.00,"Lenovo K9 Note ",0.00,0.00,Android,535,6.30,5786,259
2281,Motorola,G5s,Oxford Blue,4,32,True,4.10,9869.00,9869.00,Motorola G5s,0.00,0.00,Android,31,5.00,4457,18
2282,Apple,"iPhone 12 ",Red,4,64,True,4.60,63999.00,65900.00,"Apple iPhone 12 ",1901.00,2.88,IOS,968,6.90,3967,701
2283,Apple,iPhone 13 Pro Max,Silver,4,128,True,4.70,129900.00,129900.00,Apple iPhone 13 Pro Max,0.00,0.00,IOS,669,5.60,2408,627
2284,OPPO,A83,Black,3,32,True,4.40,13490.00,13490.00,OPPO A83,0.00,0.00,Android,155,5.20,2207,55
2285,OPPO,A53,Fancy Blue,4,64,True,4.50,13499.00,13499.00,OPPO A53,0.00,0.00,Android,82,5.70,4615,18
2286,vivo,X21,Black,6,128,True,4.30,35399.00,36900.00,vivo X21,1501.00,4.07,Android,792,5.20,2400,553
2287,SAMSUNG,"Galaxy A6 ",Black,4,32,True,4.30,12499.00,22990.00,"SAMSUNG Galaxy A6 ",10491.00,45.63,Android,351,4.80,2672,279
2288,Lenovo,"A7700 ",Black,2,16,True,3.90,6499.00,6499.00,"Lenovo A7700 ",0.00,0.00,Android,937,6.50,2013,886
2289,realme,"8 5G ",Supersonic Blue,8,128,True,4.30,18499.00,18999.00,"realme 8 5G ",500.00,2.63,Android,112,6.00,5766,94
2290,OPPO,A9 2020,Marine Green,8,128,True,4.30,15990.00,21990.00,OPPO A9 2020,6000.00,27.29,Android,676,4.70,3086,289
2291,SAMSUNG,"Galaxy M30s ",Black,4,64,True,4.30,14990.00,14990.00,"SAMSUNG Galaxy M30s ",0.00,0.00,Android,830,5.60,5782,121
2292,Apple,"iPhone 11 Pro ",Gold,4,256,True,4.60,79999.00,106600.00,"Apple iPhone 11 Pro ",26601.00,24.95,IOS,968,4.80,2159,409
2293,Xiaomi,"Redmi Note 4 ",Black,3,32,True,4.30,9499.00,9499.00,"Xiaomi Redmi Note 4 ",0.00,0.00,Android,365,6.30,5119,358
2294,SAMSUNG,"Galaxy J7 ",Gold,0,16,True,4.30,11700.00,11700.00,"SAMSUNG Galaxy J7 ",0.00,0.00,Android,202,5.80,5095,128
2295,vivo,V9,Pearl Black,4,64,True,4.50,18990.00,18990.00,vivo V9,0.00,0.00,Android,847,6.90,4280,24
2296,POCO,"M3 ",Yellow,4,64,True,4.30,10999.00,11999.00,"POCO M3 ",1000.00,8.33,Android,852,5.10,5522,483
2297,SAMSUNG,"Galaxy Core Prime ",Charcoal Grey,1,8,True,4.10,5490.00,9700.00,"SAMSUNG Galaxy Core Prime ",4210.00,43.40,Android,97,5.00,5055,32
2298,ASUS,"Zenfone Selfie ",Gold,3,32,True,4.00,7990.00,7990.00,"ASUS Zenfone Selfie ",0.00,0.00,Android,690,5.60,2185,150
2299,SAMSUNG,"Galaxy Note 20 ",Mystic Green,8,256,True,4.30,77999.00,86000.00,"SAMSUNG Galaxy Note 20 ",8001.00,9.30,Android,409,6.80,3275,200
2300,vivo,V23 Pro 5G,Sunshine Gold,12,256,True,4.10,43990.00,45990.00,vivo V23 Pro 5G,2000.00,4.35,Android,186,6.20,5257,51
2301,Motorola,One,Black,4,64,True,4.10,14999.00,14999.00,Motorola One,0.00,0.00,Android,692,6.70,2795,63
2302,Xiaomi,"Mi 11X ",Celestial Silver,8,128,True,4.40,26824.00,26824.00,"Xiaomi Mi 11X ",0.00,0.00,Android,76,5.70,3565,53
2303,SAMSUNG,"Galaxy S5 ",Shimmery White,2,16,True,3.90,21999.00,21999.00,"SAMSUNG Galaxy S5 ",0.00,0.00,Android,14,6.60,4570,4
2304,Nokia,110 4G,Black,0,0,True,0.00,2999.00,2999.00,Nokia 110 4G,0.00,0.00,Android,300,6.20,4174,228
2305,SAMSUNG,"Galaxy On7 ",Black,0,8,True,4.20,8490.00,8490.00,"SAMSUNG Galaxy On7 ",0.00,0.00,Android,609,4.90,4665,420
2306,Nokia,2.2,Black,3,32,True,4.00,9599.00,9599.00,Nokia 2.2,0.00,0.00,Android,280,6.00,2213,148
2307,Nokia,8110,Yellow,0,4,True,3.70,3400.00,8400.00,Nokia 8110,5000.00,59.52,Android,563,5.10,3078,418
2308,GIONEE,"F103 ",Black,2,16,True,4.00,4599.00,4599.00,"GIONEE F103 ",0.00,0.00,Android,620,5.20,3608,362
2309,Apple,"iPhone 6 Plus ",Silver,1,128,True,4.50,48999.00,48999.00,"Apple iPhone 6 Plus ",0.00,0.00,IOS,46,6.20,5502,12
2310,Motorola,"2nd Generation ",Black,1,16,True,4.20,8999.00,8999.00,"Motorola 2nd Generation ",0.00,0.00,Android,47,6.70,3328,34
2311,LG,"G5 ",Titan,4,32,True,4.00,22999.00,22999.00,"LG G5 ",0.00,0.00,Android,857,4.60,5519,755
2312,SAMSUNG,"Galaxy Trend ",Midnight Black,0,4,True,3.60,4999.00,4999.00,"SAMSUNG Galaxy Trend ",0.00,0.00,Android,494,5.20,3869,122
2313,OPPO,F17 Pro,Magic Blue,8,128,True,4.30,19990.00,25990.00,OPPO F17 Pro,6000.00,23.09,Android,882,5.50,2558,545
2314,ASUS,"Zenfone Go ",Grey,2,32,True,3.80,6999.00,6999.00,"ASUS Zenfone Go ",0.00,0.00,Android,535,6.30,5473,214
2315,realme,"Narzo 30 ",Racing Silver,6,64,True,4.30,14499.00,15999.00,"realme Narzo 30 ",1500.00,9.38,Android,47,6.00,3544,15
2316,realme,2,Diamond Blue,4,64,True,4.40,11990.00,11990.00,realme 2,0.00,0.00,Android,725,5.90,3184,394
2317,OPPO,A15S,Rainbow Silver,4,64,True,4.30,12990.00,13990.00,OPPO A15S,1000.00,7.15,Android,990,5.10,5624,739
2318,realme,3,Diamond Red,3,32,True,4.50,8499.00,10999.00,realme 3,2500.00,22.73,Android,5,5.30,4084,2
2319,LG,"Max X160 ",Silver Titan,1,8,True,3.40,5000.00,11500.00,"LG Max X160 ",6500.00,56.52,Android,97,5.20,4237,48
2320,POCO,"M3 Pro 5G ",Power Black,6,128,True,4.20,16499.00,17999.00,"POCO M3 Pro 5G ",1500.00,8.33,Android,652,6.80,5372,313
2321,Apple,"iPhone 11 Pro ",Midnight Green,4,256,True,4.60,121300.00,121300.00,"Apple iPhone 11 Pro ",0.00,0.00,IOS,45,6.60,4088,7
2322,POCO,F1,Graphite Black,6,64,True,4.50,21999.00,21999.00,POCO F1,0.00,0.00,Android,27,6.30,2782,22
2323,realme,"C15 Qualcomm Edition ",Power Blue,3,32,True,4.30,11999.00,11999.00,"realme C15 Qualcomm Edition ",0.00,0.00,Android,101,5.40,3902,66
2324,SAMSUNG,"Galaxy A7 ",Gold,4,64,True,4.40,22300.00,22300.00,"SAMSUNG Galaxy A7 ",0.00,0.00,Android,134,4.70,5641,103
2325,Apple,"iPhone SE ",White,2,64,True,4.50,32999.00,39900.00,"Apple iPhone SE ",6901.00,17.30,IOS,162,4.60,4061,155
2326,Nokia,3.1,White,3,32,True,4.00,7490.00,13824.00,Nokia 3.1,6334.00,45.82,Android,432,5.30,3421,252
2327,LG,"V20a ",Titan,4,64,True,4.10,30990.00,30990.00,"LG V20a ",0.00,0.00,Android,852,4.70,4051,285
2328,OPPO,A74 5G BLACK,Fluid Black,6,128,True,4.30,18380.00,18380.00,OPPO A74 5G BLACK,0.00,0.00,Android,59,6.90,2372,58
2329,OPPO,F9,Mist Black,4,64,True,4.50,19000.00,19000.00,OPPO F9,0.00,0.00,Android,464,5.40,3739,330
2330,Nokia,"C01 Plus ",Blue,2,16,True,0.00,6499.00,6499.00,"Nokia C01 Plus ",0.00,0.00,Android,171,6.70,5602,68
2331,Lenovo,"P70 ",Blue,2,16,True,3.50,6989.00,6989.00,"Lenovo P70 ",0.00,0.00,Android,722,5.90,4056,705
2332,Lenovo,"P2 ",Gold,3,32,True,4.30,16999.00,16999.00,"Lenovo P2 ",0.00,0.00,Android,562,5.70,2131,275
2333,Apple,"iPhone 12 Mini ",Black,4,64,True,4.50,56999.00,59900.00,"Apple iPhone 12 Mini ",2901.00,4.84,IOS,584,6.40,2529,274
2334,vivo,"V20 SE ",Aquamarine Green,8,128,True,4.30,12900.00,12900.00,"vivo V20 SE ",0.00,0.00,Android,742,7.00,4901,424
2335,Lenovo,"X2-AP ",White,2,32,True,3.70,9999.00,9999.00,"Lenovo X2-AP ",0.00,0.00,Android,463,5.10,5620,96
2336,SAMSUNG,"Galaxy A30 ",White,4,64,True,4.40,18000.00,18000.00,"SAMSUNG Galaxy A30 ",0.00,0.00,Android,72,6.20,3617,19
2337,SAMSUNG,"Galaxy F41 ",Fusion Blue,6,128,True,4.30,14499.00,20999.00,"SAMSUNG Galaxy F41 ",6500.00,30.95,Android,554,5.20,5562,250
2338,Nokia,8,Tempered Blue,4,64,True,4.00,36999.00,36999.00,Nokia 8,0.00,0.00,Android,877,4.60,3674,133
2339,SAMSUNG,Metro SM-B313ez,Black,0,0,True,4.10,2340.00,2340.00,SAMSUNG Metro SM-B313ez,0.00,0.00,Android,214,6.40,5429,186
2340,realme,"Narzo 30 5G ",Racing Blue,6,128,True,4.30,16999.00,17999.00,"realme Narzo 30 5G ",1000.00,5.56,Android,354,5.60,4932,340
2341,Lenovo,"K6 Note ",Grey,3,32,True,4.10,6999.00,6999.00,"Lenovo K6 Note ",0.00,0.00,Android,234,6.70,4050,140
2342,Apple,"iPhone 7 Plus ",Gold,3,256,True,4.50,85400.00,85400.00,"Apple iPhone 7 Plus ",0.00,0.00,IOS,567,6.10,5669,213
2343,POCO,F3 GT,Gunmetal Silver,8,128,True,4.30,28999.00,34999.00,POCO F3 GT,6000.00,17.14,Android,991,5.40,2890,572
2344,realme,"C15 ",Power Silver,3,0,True,4.30,9999.00,11999.00,"realme C15 ",2000.00,16.67,Android,661,6.00,2721,44
2345,SAMSUNG,"Galaxy F12 ",Sea Green,4,64,True,4.20,11499.00,12999.00,"SAMSUNG Galaxy F12 ",1500.00,11.54,Android,629,6.60,3466,480
2346,vivo,"Y12G ",Phantom Black,3,64,True,4.40,27990.00,27990.00,"vivo Y12G ",0.00,0.00,Android,330,6.70,3406,323
2347,OPPO,F19 Pro+ 5G,Fluid Black,8,128,True,4.30,25990.00,29990.00,OPPO F19 Pro+ 5G,4000.00,13.34,Android,1000,6.50,3635,815
2348,Xiaomi,11 Lite NE,Tuscany Coral,6,128,True,4.40,28999.00,28999.00,Xiaomi 11 Lite NE,0.00,0.00,Android,862,5.30,3253,626
2349,realme,"C25 ",Watery Blue,4,64,True,4.40,9999.00,10999.00,"realme C25 ",1000.00,9.09,Android,770,4.70,4342,622
2350,OPPO,F19,Space Silver,6,128,True,4.20,19990.00,20990.00,OPPO F19,1000.00,4.76,Android,169,5.40,4744,48
2351,realme,8,Cyber Silver,4,128,True,4.30,15999.00,16999.00,realme 8,1000.00,5.88,Android,321,6.80,2425,220
2352,SAMSUNG,"Galaxy S9 ",Coral Blue,4,128,True,4.40,61900.00,61900.00,"SAMSUNG Galaxy S9 ",0.00,0.00,Android,389,5.70,4056,206
2353,LG,"Q60 ",Blue,3,64,True,4.00,9990.00,9990.00,"LG Q60 ",0.00,0.00,Android,238,5.60,4390,81
2354,SAMSUNG,"Galaxy M02 ",Red,3,32,True,4.00,8083.00,8188.00,"SAMSUNG Galaxy M02 ",105.00,1.28,Android,950,6.00,2035,578
2355,LG,"X Cam ",Titan Silver,2,16,True,3.50,9999.00,9999.00,"LG X Cam ",0.00,0.00,Android,242,5.10,3827,62
2356,GIONEE,"Elife E3 ",White,1,16,True,4.30,4200.00,4200.00,"GIONEE Elife E3 ",0.00,0.00,Android,333,4.60,5056,172
2357,SAMSUNG,"Galaxy Note10 Lite ",Aura Red,8,128,True,4.30,39999.00,45000.00,"SAMSUNG Galaxy Note10 Lite ",5001.00,11.11,Android,480,5.00,2685,329
2358,SAMSUNG,"Galaxy S21 Plus ",Phantom Silver,8,256,True,4.40,75999.00,104999.00,"SAMSUNG Galaxy S21 Plus ",29000.00,27.62,Android,582,4.90,2893,205
2359,Lenovo,"A6 Note ",Blue,3,32,True,4.20,9999.00,9999.00,"Lenovo A6 Note ",0.00,0.00,Android,502,5.10,5182,377
2360,realme,"Narzo 10A ",So Blue,4,64,True,4.50,9999.00,10999.00,"realme Narzo 10A ",1000.00,9.09,Android,408,6.40,2188,394
2361,SAMSUNG,"Galaxy Star Pro ",Midnight Black,0,4,True,3.80,4299.00,4299.00,"SAMSUNG Galaxy Star Pro ",0.00,0.00,Android,96,5.30,5525,51
2362,POCO,"M2  ",Slate Blue,6,128,True,4.40,11499.00,14999.00,"POCO M2  ",3500.00,23.33,Android,517,5.50,2178,405
2363,OPPO,A15,Dynamic Black,3,32,True,4.30,10990.00,12990.00,OPPO A15,2000.00,15.40,Android,708,5.60,2950,190
2364,SAMSUNG,"Galaxy Grand Prime 4g ",Grey,1,8,True,3.90,8250.00,8250.00,"SAMSUNG Galaxy Grand Prime 4g ",0.00,0.00,Android,811,6.00,4225,33
2365,OPPO,K3,Aurora Blue,8,128,True,4.20,29999.00,29999.00,OPPO K3,0.00,0.00,Android,770,6.70,2619,354
2366,Apple,"iPhone 12 Pro Max ",Silver,0,256,True,4.60,129900.00,129900.00,"Apple iPhone 12 Pro Max ",0.00,0.00,IOS,981,5.60,4652,465
2367,SAMSUNG,"Galaxy S6 Edge ",Gold Platinum,3,32,True,4.00,29999.00,29999.00,"SAMSUNG Galaxy S6 Edge ",0.00,0.00,Android,330,5.40,2396,69
2368,OPPO,A15,Mystery Blue,2,32,True,4.00,9989.00,9989.00,OPPO A15,0.00,0.00,Android,72,6.70,5941,50
2369,SAMSUNG,"Galaxy S8 ",Burgundy Red,4,64,True,4.60,49990.00,49990.00,"SAMSUNG Galaxy S8 ",0.00,0.00,Android,658,5.40,3266,401
2370,vivo,"Y53s ",Fantastic Rainbow,8,128,True,4.30,14500.00,14500.00,"vivo Y53s ",0.00,0.00,Android,747,6.00,3479,542
2371,Lenovo,"K6 Power ",dark gold,3,32,True,4.10,7499.00,7499.00,"Lenovo K6 Power ",0.00,0.00,Android,16,5.60,5128,12
2372,OPPO,A3s,Red,2,16,True,4.40,9500.00,9500.00,OPPO A3s,0.00,0.00,Android,765,6.10,3233,473
2373,GIONEE,"F10 Plus ",Rainbow Black,3,32,True,0.00,8590.00,8590.00,"GIONEE F10 Plus ",0.00,0.00,Android,86,5.20,3603,39
2374,Lenovo,"K8 Plus ",Fine Gold,3,32,True,4.20,10999.00,10999.00,"Lenovo K8 Plus ",0.00,0.00,Android,434,6.60,3844,163
2375,SAMSUNG,Guru FM Plus,Black,0,0,True,0.00,4500.00,4500.00,SAMSUNG Guru FM Plus,0.00,0.00,Android,491,6.90,4069,299
2376,realme,3,Radiant Blue,4,64,True,4.40,10499.00,12999.00,realme 3,2500.00,19.23,Android,116,6.10,4845,47
2377,realme,"8 Pro ",Infinite Blue,8,128,True,4.40,19999.00,21999.00,"realme 8 Pro ",2000.00,9.09,Android,131,5.90,2961,70
2378,Nokia,5,Copper,3,16,True,4.10,15299.00,15299.00,Nokia 5,0.00,0.00,Android,332,6.80,2822,49
2379,Motorola,E6s,Caribbean Blue,4,64,True,4.10,7999.00,9999.00,Motorola E6s,2000.00,20.00,Android,806,6.90,5725,684
2380,OPPO,A7,Glaze Blue,4,64,True,4.40,10990.00,18990.00,OPPO A7,8000.00,42.13,Android,67,5.70,3621,18
2381,HTC,"Wildfire X ",Blue MB,3,32,True,3.90,13999.00,13999.00,"HTC Wildfire X ",0.00,0.00,Android,238,4.60,3012,92
2382,Apple,"iPhone 11 Pro Max ",Silver,4,64,True,4.70,117100.00,117100.00,"Apple iPhone 11 Pro Max ",0.00,0.00,IOS,749,5.90,2154,336
2383,SAMSUNG,"Galaxy A6 ",Gold,4,32,True,4.30,12499.00,22000.00,"SAMSUNG Galaxy A6 ",9501.00,43.19,Android,660,6.40,3659,260
2384,ASUS,"Zenfone Go 4.5 LTE ",Gold,1,8,True,3.60,4880.00,4880.00,"ASUS Zenfone Go 4.5 LTE ",0.00,0.00,Android,187,5.30,3804,28
2385,Apple,"iPhone 7 ",Jet Black,2,32,True,4.50,24999.00,31500.00,"Apple iPhone 7 ",6501.00,20.64,IOS,486,6.50,4937,132
2386,SAMSUNG,GURU FM PLUS,Black,0,0,True,0.00,1662.00,1662.00,SAMSUNG GURU FM PLUS,0.00,0.00,Android,965,6.40,5430,132
2387,Apple,"iPhone 11 ",Purple,4,64,True,4.60,49900.00,49900.00,"Apple iPhone 11 ",0.00,0.00,IOS,387,6.90,4868,386
2388,vivo,T1 5G,Starlight Black,8,128,True,0.00,19990.00,23990.00,vivo T1 5G,4000.00,16.67,Android,36,5.30,4569,7
2389,SAMSUNG,"Galaxy Grand Quattro ",Titan Gray,1,8,True,4.00,5999.00,5999.00,"SAMSUNG Galaxy Grand Quattro ",0.00,0.00,Android,693,6.40,5868,325
2390,ASUS,"Zenfone Go 4.5 LTE ",Silver,1,8,True,3.60,4890.00,4890.00,"ASUS Zenfone Go 4.5 LTE ",0.00,0.00,Android,558,5.20,3246,388
2391,SAMSUNG,"Galaxy M30 ",Gradation Black,6,128,True,4.30,15900.00,19590.00,"SAMSUNG Galaxy M30 ",3690.00,18.84,Android,487,5.00,5645,388
2392,realme,1,Moonlight Silver,3,0,True,0.00,10999.00,12990.00,realme 1,1991.00,15.33,Android,158,6.10,4330,50
2393,Xiaomi,"Mi 10 ",Twilight Grey,8,256,True,4.20,45871.00,45871.00,"Xiaomi Mi 10 ",0.00,0.00,Android,298,5.90,2397,218
2394,Xiaomi,Note 10 lite,Glacier White,4,64,True,4.30,15998.00,15998.00,Xiaomi Note 10 lite,0.00,0.00,Android,11,5.70,5941,2
2395,SAMSUNG,"Galaxy A50s ",Prism Crush White,6,128,True,4.30,21099.00,26900.00,"SAMSUNG Galaxy A50s ",5801.00,21.57,Android,218,5.70,2958,171
2396,realme,"X ",Onion,8,128,True,4.50,20999.00,20999.00,"realme X ",0.00,0.00,Android,925,5.20,3532,677
2397,ASUS,"ZenFone 5Z ",Midnight Blue,6,128,True,4.50,36299.00,36299.00,"ASUS ZenFone 5Z ",0.00,0.00,Android,801,5.10,2076,32
2398,OPPO,F1S,Rose Gold,4,64,True,4.30,18990.00,18990.00,OPPO F1S,0.00,0.00,Android,494,5.80,5335,171
2399,POCO,F3 GT,Predator Black,6,128,True,4.30,28999.00,32999.00,POCO F3 GT,4000.00,12.12,Android,918,6.80,2430,59
2400,SAMSUNG,"Galaxy On8 ",Black,3,16,True,4.30,13490.00,13490.00,"SAMSUNG Galaxy On8 ",0.00,0.00,Android,516,5.60,5667,257
2401,Google Pixel,"3 XL ",Clearly White,4,64,True,4.60,83000.00,83000.00,"Google Pixel 3 XL ",0.00,0.00,Android,561,4.60,4792,395
2402,realme,"U1 ",Brave Blue,3,64,True,4.40,9999.00,11999.00,"realme U1 ",2000.00,16.67,Android,934,6.50,5109,687
2403,SAMSUNG,"Galaxy Pocket Neo ",Metallic Silver,0,4,True,3.90,5000.00,5000.00,"SAMSUNG Galaxy Pocket Neo ",0.00,0.00,Android,965,6.70,2690,582
2404,ASUS,"Zenfone Go ",Silver Blue,2,32,True,3.80,7300.00,7300.00,"ASUS Zenfone Go ",0.00,0.00,Android,244,6.60,2593,2
2405,realme,"C3 ",Volcano Grey,3,32,True,4.40,8999.00,8999.00,"realme C3 ",0.00,0.00,Android,182,5.70,5957,144
2406,IQOO,3,Quantum Silver,8,128,True,4.40,34990.00,37990.00,IQOO 3,3000.00,7.90,Android,209,5.10,2461,41
2407,Lenovo,"A7 ",Black,4,64,True,3.90,8490.00,9999.00,"Lenovo A7 ",1509.00,15.09,Android,600,6.20,3658,11
2408,SAMSUNG,"GALAXY M51 ",Celestial Black,6,128,True,4.30,24990.00,24990.00,"SAMSUNG GALAXY M51 ",0.00,0.00,Android,815,5.50,5047,286
2409,SAMSUNG,"Galaxy Note 5 Dual ",Gold Platinum,4,32,True,4.10,39899.00,39899.00,"SAMSUNG Galaxy Note 5 Dual ",0.00,0.00,Android,981,4.80,3229,981
2410,SAMSUNG,"Galaxy M10S ",Metallic Blue,3,32,True,4.40,8990.00,10000.00,"SAMSUNG Galaxy M10S ",1010.00,10.10,Android,878,6.10,2011,322
2411,POCO,M2 Pro,Out of Blue,6,128,True,4.40,15999.00,19999.00,POCO M2 Pro,4000.00,20.00,Android,277,4.50,2996,128
2412,HTC,626G Plus,Blue Lagoon,1,8,True,3.90,8999.00,8999.00,HTC 626G Plus,0.00,0.00,Android,496,6.30,2711,443
2413,Xiaomi,Redmi Note 11T 5G,Matte Black,8,128,True,4.30,22189.00,22189.00,Xiaomi Redmi Note 11T 5G,0.00,0.00,Android,880,6.40,2389,208
2414,ASUS,"Zenfone Max Pro M1 ",Black,6,64,True,4.30,17999.00,17999.00,"ASUS Zenfone Max Pro M1 ",0.00,0.00,Android,259,6.00,5946,162
2415,Apple,"iPhone 6 Plus ",Space Grey,1,128,True,4.50,80500.00,80500.00,"Apple iPhone 6 Plus ",0.00,0.00,IOS,922,6.10,4270,582
2416,realme,6,Comet White,4,64,True,4.40,13999.00,14999.00,realme 6,1000.00,6.67,Android,542,5.10,5963,127
2417,Xiaomi,"Mi 10T ",Lunar Silver,6,128,True,4.30,32999.00,39999.00,"Xiaomi Mi 10T ",7000.00,17.50,Android,898,6.40,4074,672
2418,POCO,M2 Pro,Two shades of black,6,64,True,4.40,14999.00,17999.00,POCO M2 Pro,3000.00,16.67,Android,314,5.60,3916,146
2419,SAMSUNG,"M31 Prime ",IceBerg Blue,6,128,True,4.30,17259.00,17259.00,"SAMSUNG M31 Prime ",0.00,0.00,Android,496,5.40,3582,40
2420,SAMSUNG,"Galaxy A52 ",Awesome Violet,6,128,True,4.30,27499.00,30499.00,"SAMSUNG Galaxy A52 ",3000.00,9.84,Android,854,5.10,5937,576
2421,Apple,"iPhone 12 ",Blue,4,256,True,4.60,78999.00,80900.00,"Apple iPhone 12 ",1901.00,2.35,IOS,338,6.70,3980,211
2422,OPPO,F15,Lightening Black,4,128,True,4.40,15990.00,20990.00,OPPO F15,5000.00,23.82,Android,270,4.70,2606,110
2423,Xiaomi,"Mi A3 ",Kind of Grey,4,64,True,4.30,12990.00,14990.00,"Xiaomi Mi A3 ",2000.00,13.34,Android,945,5.70,5149,208
2424,Apple,"iPhone 7 ",Gold,2,256,True,4.50,74400.00,74400.00,"Apple iPhone 7 ",0.00,0.00,IOS,494,5.80,3340,461
2425,SAMSUNG,"Galaxy A51 ",Prism Crush White,6,128,True,4.30,20999.00,25999.00,"SAMSUNG Galaxy A51 ",5000.00,19.23,Android,132,5.10,2633,102
2426,SAMSUNG,"Galaxy M02 ",Blue,3,32,True,4.00,8892.00,8892.00,"SAMSUNG Galaxy M02 ",0.00,0.00,Android,239,4.90,2616,143
2427,SAMSUNG,"Galaxy M32 ",Light Blue,6,128,True,4.40,16998.00,18439.00,"SAMSUNG Galaxy M32 ",1441.00,7.81,Android,644,6.40,3624,527
2428,ASUS,"Zenfone Max Pro M1 ",Black,3,32,True,4.30,13199.00,13199.00,"ASUS Zenfone Max Pro M1 ",0.00,0.00,Android,321,6.60,4229,278
2429,realme,"8s 5G ",Universe Purple,8,128,True,0.00,19999.00,22999.00,"realme 8s 5G ",3000.00,13.04,Android,77,7.00,4987,20
2430,ASUS,"6Z ",Silver,6,128,True,4.30,38999.00,38999.00,"ASUS 6Z ",0.00,0.00,Android,860,6.20,2323,599
2431,ASUS,"Zenfone Max Pro M1 ",Grey,4,64,True,4.30,15599.00,15599.00,"ASUS Zenfone Max Pro M1 ",0.00,0.00,Android,585,5.40,2401,209
2432,Xiaomi,"Redmi 6 Pro ",Gold,4,64,True,4.50,12349.00,12999.00,"Xiaomi Redmi 6 Pro ",650.00,5.00,Android,764,5.70,3120,149
2433,SAMSUNG,"Galaxy E5 ",Black,0,16,True,4.20,9890.00,9890.00,"SAMSUNG Galaxy E5 ",0.00,0.00,Android,844,5.90,5114,755
2434,SAMSUNG,Metro 313,Black,0,0,True,4.20,2336.00,2336.00,SAMSUNG Metro 313,0.00,0.00,Android,982,4.50,4531,273
2435,Infinix,Hot S3,Blush Gold,4,64,True,4.10,11999.00,11999.00,Infinix Hot S3,0.00,0.00,Android,818,5.10,3085,302
2436,realme,"7 Pro ",Sun Kissed Leather,6,128,True,4.40,19999.00,20999.00,"realme 7 Pro ",1000.00,4.76,Android,475,6.20,5212,445
2437,Apple,"iPhone 11 Pro ",Space Grey,4,512,True,4.60,140300.00,140300.00,"Apple iPhone 11 Pro ",0.00,0.00,IOS,669,4.80,5161,27
2438,OPPO,F19 Pro,Fluid Black,8,128,True,4.30,21990.00,23990.00,OPPO F19 Pro,2000.00,8.34,Android,847,6.80,3070,736
2439,GIONEE,"S Plus ",Gold,3,16,True,3.70,7350.00,18279.00,"GIONEE S Plus ",10929.00,59.79,Android,11,5.70,5993,11
2440,Xiaomi,9A Sport,Coral Green,3,32,True,4.30,7798.00,7798.00,Xiaomi 9A Sport,0.00,0.00,Android,128,6.40,4094,73
2441,Xiaomi,"Redmi K20 ",Pearl White,6,64,True,4.50,20899.00,21999.00,"Xiaomi Redmi K20 ",1100.00,5.00,Android,523,6.20,5984,329
2442,Apple,"iPhone 7 ",Jet Black,2,32,True,4.50,24999.00,31500.00,"Apple iPhone 7 ",6501.00,20.64,IOS,413,5.70,3691,285
2443,OPPO,A15,Rainbow Silver,2,32,True,4.00,9490.00,9500.00,OPPO A15,10.00,0.11,Android,562,5.40,5446,546
2444,Lenovo,"K8 Note ",Fine Gold,3,32,True,4.10,7490.00,7490.00,"Lenovo K8 Note ",0.00,0.00,Android,727,5.90,4674,331
2445,LG,"Q7 ",Moroccan Blue,3,32,True,3.30,16790.00,16790.00,"LG Q7 ",0.00,0.00,Android,369,7.00,4730,63
2446,SAMSUNG,"Galaxy A2 Core ",Gold,1,16,True,4.20,5900.00,5900.00,"SAMSUNG Galaxy A2 Core ",0.00,0.00,Android,716,6.40,2852,238
2447,Xiaomi,"Redmi Y2 ",Dark Grey,3,32,True,4.20,9499.00,9499.00,"Xiaomi Redmi Y2 ",0.00,0.00,Android,784,5.30,2305,661
2448,Infinix,Smart 2,Serene Gold,2,16,True,4.10,6949.00,6999.00,Infinix Smart 2,50.00,0.71,Android,249,5.20,3676,20
2449,OPPO,A16,Blue,3,32,True,3.70,10490.00,10490.00,OPPO A16,0.00,0.00,Android,9,5.90,3998,8
2450,vivo,X60 Pro,Midnight Black,12,256,True,4.40,54990.00,54990.00,vivo X60 Pro,0.00,0.00,Android,182,5.50,4356,47
2451,OPPO,A12,Flowing Silver,3,32,True,4.40,9490.00,10990.00,OPPO A12,1500.00,13.65,Android,796,6.50,3226,462
2452,SAMSUNG,"Galaxy S6 Edge ",Gold Platinum,3,64,True,4.00,53900.00,53900.00,"SAMSUNG Galaxy S6 Edge ",0.00,0.00,Android,97,6.90,3352,95
2453,SAMSUNG,"Galaxy On6 ",Blue,4,64,True,4.30,17600.00,17600.00,"SAMSUNG Galaxy On6 ",0.00,0.00,Android,530,6.10,5809,28
2454,realme,6,Comet White,6,128,True,4.40,15999.00,16999.00,realme 6,1000.00,5.88,Android,788,6.60,3273,364
2455,Google Pixel,"3a XL ",Clearly White,4,64,True,4.50,44999.00,44999.00,"Google Pixel 3a XL ",0.00,0.00,Android,277,5.50,2328,95
2456,SAMSUNG,Metro 313,Black,0,0,True,4.10,2599.00,2599.00,SAMSUNG Metro 313,0.00,0.00,Android,576,5.50,2495,297
2457,ASUS,"Zenfone Max Pro M1 ",Blue,4,64,True,4.30,15599.00,15599.00,"ASUS Zenfone Max Pro M1 ",0.00,0.00,Android,339,5.80,2006,99
2458,SAMSUNG,"Galaxy Note10 Lite ",Aura Black,6,128,True,4.30,39990.00,39990.00,"SAMSUNG Galaxy Note10 Lite ",0.00,0.00,Android,39,6.20,4605,39
2459,Nokia,"C01 Plus ",Blue,2,16,True,0.00,6499.00,6499.00,"Nokia C01 Plus ",0.00,0.00,Android,218,6.80,4626,174
2460,SAMSUNG,Metro 360,Black,0,0,True,4.20,3499.00,3499.00,SAMSUNG Metro 360,0.00,0.00,Android,181,5.70,5458,16
2461,Xiaomi,"Mi 11 Lite ",Vinyl Black,8,128,True,4.20,23999.00,25999.00,"Xiaomi Mi 11 Lite ",2000.00,7.69,Android,170,5.10,2747,71
2462,Apple,"iPhone 8 Plus ",Silver,3,256,True,4.60,84900.00,84900.00,"Apple iPhone 8 Plus ",0.00,0.00,IOS,864,5.60,3788,22
2463,SAMSUNG,"Galaxy Note 3 ",Jet Black,3,32,True,4.20,21999.00,21999.00,"SAMSUNG Galaxy Note 3 ",0.00,0.00,Android,900,4.70,2282,541
2464,realme,"6 Pro ",Lightning Orange,8,128,True,4.40,19499.00,19499.00,"realme 6 Pro ",0.00,0.00,Android,126,5.60,3984,40
2465,OPPO,Reno5 Pro 5G,Astral Blue,8,128,True,4.40,35990.00,38990.00,OPPO Reno5 Pro 5G,3000.00,7.69,Android,994,6.30,3875,555
2466,GIONEE,"F103 3GB Version ",White,3,16,True,3.50,6598.00,6598.00,"GIONEE F103 3GB Version ",0.00,0.00,Android,650,4.60,3344,511
2467,realme,"C15 ",Power Blue,3,32,True,4.30,9999.00,11999.00,"realme C15 ",2000.00,16.67,Android,341,4.60,4412,128
2468,Xiaomi,"Redmi Note 7 Pro ",Neptune Blue,6,128,True,3.80,16399.00,16399.00,"Xiaomi Redmi Note 7 Pro ",0.00,0.00,Android,151,5.50,4773,105
2469,Apple,"iPhone 7 Plus ",Silver,3,32,True,4.50,36999.00,37900.00,"Apple iPhone 7 Plus ",901.00,2.38,IOS,990,6.70,3534,26
2470,Apple,"iPhone 13 ",Pink,4,256,True,0.00,89900.00,89900.00,"Apple iPhone 13 ",0.00,0.00,IOS,503,5.30,2708,422
2471,Nokia,"C01 Plus ",Blue,2,16,True,0.00,6499.00,6499.00,"Nokia C01 Plus ",0.00,0.00,Android,83,5.30,2528,78
2472,LG,"G3 Stylus ",Black Titan,1,8,True,4.10,13990.00,13990.00,"LG G3 Stylus ",0.00,0.00,Android,535,5.90,2792,133
2473,realme,"C15 ",Power Silver,3,32,True,4.30,9999.00,11999.00,"realme C15 ",2000.00,16.67,Android,560,5.90,5686,446
2474,LG,"L Bello ",Black Titan,1,8,True,3.90,7000.00,17000.00,"LG L Bello ",10000.00,58.82,Android,149,5.90,5424,120
2475,Nokia,2.4,Fjord Blue,3,64,True,4.00,10399.00,11499.00,Nokia 2.4,1100.00,9.57,Android,248,6.50,2101,167
2476,Apple,"iPhone 11 Pro ",Silver,4,512,True,4.60,140300.00,140300.00,"Apple iPhone 11 Pro ",0.00,0.00,IOS,494,6.20,2457,483
2477,Nokia,6.1,Copper,4,32,True,4.00,12999.00,19999.00,Nokia 6.1,7000.00,35.00,Android,57,6.40,5820,40
2478,ASUS,"ZenFone Max Pro M2 ",Titanium,3,32,True,4.30,15999.00,15999.00,"ASUS ZenFone Max Pro M2 ",0.00,0.00,Android,389,5.00,5630,45
2479,Apple,"iPhone 8 Plus ",Red,3,64,True,4.60,49900.00,49900.00,"Apple iPhone 8 Plus ",0.00,0.00,IOS,202,5.90,2730,83
2480,POCO,M2 Pro,Out of Blue,4,64,True,4.40,13999.00,16999.00,POCO M2 Pro,3000.00,17.65,Android,89,6.80,3450,8
2481,SAMSUNG,"Galaxy F62 ",Laser Green,6,128,True,4.20,23999.00,29999.00,"SAMSUNG Galaxy F62 ",6000.00,20.00,Android,198,5.80,2158,143
2482,Apple,"iPhone 11 Pro ",Midnight Green,4,256,True,4.60,79999.00,106600.00,"Apple iPhone 11 Pro ",26601.00,24.95,IOS,195,5.20,4569,50
2483,SAMSUNG,"Galaxy A71 ",Prism Crush Black,8,128,True,4.40,27499.00,34999.00,"SAMSUNG Galaxy A71 ",7500.00,21.43,Android,420,6.30,3785,293
2484,SAMSUNG,"Galaxy A32 ",Awesome Blue,6,128,True,4.10,21700.00,21700.00,"SAMSUNG Galaxy A32 ",0.00,0.00,Android,915,4.80,5171,42
2485,HTC,"Desire 816  ",Dark Grey,0,8,True,4.10,27390.00,27390.00,"HTC Desire 816  ",0.00,0.00,Android,176,4.70,3451,139
2486,Apple,"iPhone 6 Plus ",Space Grey,1,16,True,4.50,39999.00,39999.00,"Apple iPhone 6 Plus ",0.00,0.00,IOS,950,6.40,2059,1
2487,SAMSUNG,"Galaxy A50 ",Blue,6,64,True,4.40,21990.00,21990.00,"SAMSUNG Galaxy A50 ",0.00,0.00,Android,365,5.50,3451,57
2488,Apple,"iPhone 7 Plus ",Red,3,256,True,5.00,85400.00,85400.00,"Apple iPhone 7 Plus ",0.00,0.00,IOS,505,5.40,3228,135
2489,Infinix,Note 10 Pro,Black,8,256,True,4.20,16999.00,19999.00,Infinix Note 10 Pro,3000.00,15.00,Android,601,5.30,3652,184
2490,OPPO,F19,Prism Black,6,128,True,4.20,19990.00,20990.00,OPPO F19,1000.00,4.76,Android,271,6.70,4712,193
2491,Apple,"iPhone 12 Mini ",Blue,4,64,True,4.50,56999.00,59900.00,"Apple iPhone 12 Mini ",2901.00,4.84,IOS,931,4.70,2867,266
2492,GIONEE,S96,Black,0,0,True,3.70,1099.00,1999.00,GIONEE S96,900.00,45.02,Android,395,5.10,4137,307
2493,SAMSUNG,"Galaxy A9 Pro ",White,4,32,True,4.30,26900.00,26900.00,"SAMSUNG Galaxy A9 Pro ",0.00,0.00,Android,633,6.80,5972,458
2494,Lenovo,"Vibe K5 Plus ",Dark Grey,2,16,True,4.00,8499.00,8499.00,"Lenovo Vibe K5 Plus ",0.00,0.00,Android,106,6.80,4538,62
2495,Infinix,Note 5,Ice Blue,3,32,True,4.20,10399.00,10399.00,Infinix Note 5,0.00,0.00,Android,429,6.70,4851,263
2496,SAMSUNG,"Galaxy A5 ",Champagne Gold,2,16,True,4.10,17990.00,17990.00,"SAMSUNG Galaxy A5 ",0.00,0.00,Android,532,6.50,2008,465
2497,OPPO,F9 Pro,Sunrise Red,6,64,True,4.50,19990.00,25000.00,OPPO F9 Pro,5010.00,20.04,Android,971,4.50,2819,416
2498,Apple,"iPhone XR ",Red,3,128,True,4.60,47999.00,52900.00,"Apple iPhone XR ",4901.00,9.26,IOS,43,5.00,5786,12
2499,Nokia,3310 DS 2020,Black,0,0,True,3.80,3999.00,3999.00,Nokia 3310 DS 2020,0.00,0.00,Android,712,6.80,3045,660
2500,Nokia,110 4G,Black,0,0,True,0.00,3075.00,3075.00,Nokia 110 4G,0.00,0.00,Android,329,6.30,5481,12
2501,GIONEE,"P7 ",Gold,2,16,True,3.80,4450.00,4450.00,"GIONEE P7 ",0.00,0.00,Android,473,6.60,3074,360
2502,SAMSUNG,"Galaxy M32 ",Black,4,64,True,4.20,14749.00,15980.00,"SAMSUNG Galaxy M32 ",1231.00,7.70,Android,392,4.70,4476,47
2503,Apple,"iPhone 12 Pro Max ",Pacific Blue,0,512,True,4.60,149900.00,149900.00,"Apple iPhone 12 Pro Max ",0.00,0.00,IOS,148,4.50,3333,98
2504,realme,"C11 2021 ",Cool Grey,4,64,True,4.20,8799.00,9999.00,"realme C11 2021 ",1200.00,12.00,Android,815,5.70,5456,406
2505,realme,9 5G SE,Starry Glow,8,128,True,4.50,22999.00,26999.00,realme 9 5G SE,4000.00,14.82,Android,813,5.60,2954,726
2506,Motorola,M,Grey,3,32,True,3.90,14999.00,14999.00,Motorola M,0.00,0.00,Android,494,6.20,3233,443
2507,SAMSUNG,"Galaxy S10e ",Prism Black,6,128,True,4.50,59000.00,59000.00,"SAMSUNG Galaxy S10e ",0.00,0.00,Android,43,5.60,4051,15
2508,vivo,"Y21 ",Diamond Glow,6,128,True,4.30,32990.00,32990.00,"vivo Y21 ",0.00,0.00,Android,579,7.00,5407,193
2509,SAMSUNG,"Galaxy S9 Plus ",Sunrise Gold,6,128,True,4.50,68900.00,68900.00,"SAMSUNG Galaxy S9 Plus ",0.00,0.00,Android,664,6.00,2925,86
2510,Apple,"iPhone 11 Pro Max ",Midnight Green,4,512,True,4.70,150800.00,150800.00,"Apple iPhone 11 Pro Max ",0.00,0.00,IOS,476,5.20,5145,80
2511,GIONEE,"Ctrl V4S ",White,1,8,True,3.60,3999.00,3999.00,"GIONEE Ctrl V4S ",0.00,0.00,Android,71,5.60,3321,48
2512,GIONEE,"Pioneer P4 ",Black,1,8,True,3.80,7150.00,7150.00,"GIONEE Pioneer P4 ",0.00,0.00,Android,112,5.50,2131,79
2513,OPPO,A16,Royal Gold,4,64,True,4.30,13490.00,13490.00,OPPO A16,0.00,0.00,Android,122,4.60,4849,4
2514,SAMSUNG,"Galaxy J6 Plus ",Blue,4,64,True,4.30,13600.00,13600.00,"SAMSUNG Galaxy J6 Plus ",0.00,0.00,Android,339,5.60,2378,142
2515,HTC,Desire 820,Saffron Grey,2,16,True,4.10,25999.00,25999.00,HTC Desire 820,0.00,0.00,Android,462,5.50,2609,206
2516,HTC,Desire 626,Dark Grey,2,16,True,3.70,15490.00,15490.00,HTC Desire 626,0.00,0.00,Android,269,5.90,3148,163
2517,Xiaomi,"Redmi Note 7 Pro ",Space Black,6,128,True,4.10,17999.00,17999.00,"Xiaomi Redmi Note 7 Pro ",0.00,0.00,Android,768,6.90,4268,87
2518,realme,"Narzo 50A ",Oxygen Blue,4,64,True,4.30,11499.00,12999.00,"realme Narzo 50A ",1500.00,11.54,Android,937,6.90,5911,442
2519,OPPO,K3,Jade Black,6,64,True,4.30,24990.00,24990.00,OPPO K3,0.00,0.00,Android,727,5.20,3745,334
2520,OPPO,A11K,Deep Blue,2,32,True,4.20,8990.00,10990.00,OPPO A11K,2000.00,18.20,Android,465,5.90,5384,351
2521,Infinix,Hot 6 Pro,Magic Gold,3,32,True,4.30,8999.00,8999.00,Infinix Hot 6 Pro,0.00,0.00,Android,38,4.70,3091,13
2522,realme,"U1 ",Fiery Gold,3,32,True,4.40,8490.00,8490.00,"realme U1 ",0.00,0.00,Android,554,4.60,4270,374
2523,OPPO,Reno4 Pro,Silky White,8,128,True,4.40,34990.00,37990.00,OPPO Reno4 Pro,3000.00,7.90,Android,679,6.10,4111,376
2524,realme,9 Pro 5G,Aurora Green,6,128,True,4.40,17999.00,21999.00,realme 9 Pro 5G,4000.00,18.18,Android,119,4.60,5297,23
2525,Apple,"iPhone 11 Pro ",Midnight Green,4,512,True,4.60,140300.00,140300.00,"Apple iPhone 11 Pro ",0.00,0.00,IOS,63,6.10,4178,62
2526,Xiaomi,"Redmi K20 ",Carbon Black,6,128,True,4.10,18429.00,18429.00,"Xiaomi Redmi K20 ",0.00,0.00,Android,408,4.80,2223,75
2527,HTC,Desire 516,Pearl White,1,4,True,3.50,15200.00,15200.00,HTC Desire 516,0.00,0.00,Android,169,4.60,3164,54
2528,SAMSUNG,"Galaxy J7 Prime ",Black,3,16,True,4.20,10990.00,10990.00,"SAMSUNG Galaxy J7 Prime ",0.00,0.00,Android,140,6.80,3589,12
2529,Apple,"iPhone 11 ",White,4,64,True,4.60,49900.00,49900.00,"Apple iPhone 11 ",0.00,0.00,IOS,104,5.60,4540,75
2530,Apple,"iPhone XR ",Red,3,256,True,4.60,91900.00,91900.00,"Apple iPhone XR ",0.00,0.00,IOS,850,6.10,4810,48
2531,OPPO,Neo 5,Black,1,16,True,3.80,4999.00,7856.00,OPPO Neo 5,2857.00,36.37,Android,397,6.00,3642,253
2532,realme,"C25s ",Watery Blue,4,128,True,4.40,11999.00,11999.00,"realme C25s ",0.00,0.00,Android,778,6.10,4469,663
2533,SAMSUNG,"Galaxy A9 ",Caviar Black,8,128,True,4.30,30990.00,30990.00,"SAMSUNG Galaxy A9 ",0.00,0.00,Android,890,5.10,2217,356
2534,realme,"Narzo 30 5G ",Racing Silver,4,64,True,4.40,14999.00,15999.00,"realme Narzo 30 5G ",1000.00,6.25,Android,42,5.20,2232,40
2535,Xiaomi,"Redmi K20 Pro ",Glacier Blue,6,128,True,4.40,28999.00,28999.00,"Xiaomi Redmi K20 Pro ",0.00,0.00,Android,969,6.40,2363,135
2536,SAMSUNG,"Galaxy S21 Plus ",Phantom Violet,8,256,True,4.40,75999.00,104999.00,"SAMSUNG Galaxy S21 Plus ",29000.00,27.62,Android,15,6.10,5249,10
2537,Apple,"iPhone 6s ",Gold,2,64,True,4.50,49999.00,49999.00,"Apple iPhone 6s ",0.00,0.00,IOS,174,6.10,3797,126
2538,SAMSUNG,"Galaxy A22 5G ",Grey,8,128,True,4.20,21999.00,23999.00,"SAMSUNG Galaxy A22 5G ",2000.00,8.33,Android,432,5.60,5845,238
2539,Motorola,"X 2nd Generation ",Black,2,32,True,4.20,24999.00,24999.00,"Motorola X 2nd Generation ",0.00,0.00,Android,32,5.10,4317,11
2540,vivo,Y69,Matte Black,3,32,True,4.30,13990.00,13990.00,vivo Y69,0.00,0.00,Android,84,4.90,3816,1
2541,SAMSUNG,"Galaxy Star ",Noble Black,0,4,True,3.80,4199.00,4199.00,"SAMSUNG Galaxy Star ",0.00,0.00,Android,478,6.40,2673,316
2542,SAMSUNG,"Galaxy M11 ",Black,4,64,True,4.30,11299.00,11300.00,"SAMSUNG Galaxy M11 ",1.00,0.01,Android,865,5.30,5366,627
2543,Apple,"iPhone 8 Plus ",Gold,3,64,True,4.60,49900.00,49900.00,"Apple iPhone 8 Plus ",0.00,0.00,IOS,987,5.60,2331,626
2544,Apple,"iPhone XS ",Silver,4,512,True,4.70,134900.00,134900.00,"Apple iPhone XS ",0.00,0.00,IOS,815,6.50,4006,64
2545,Lenovo,"A7000 ",Black,2,8,True,4.00,5499.00,5499.00,"Lenovo A7000 ",0.00,0.00,Android,505,6.30,3429,504
2546,POCO,F1,Graphite Black,6,256,True,4.50,28999.00,28999.00,POCO F1,0.00,0.00,Android,948,6.00,2520,795
2547,SAMSUNG,"Galaxy J7 Duo ",Black,4,32,True,4.30,17962.00,17962.00,"SAMSUNG Galaxy J7 Duo ",0.00,0.00,Android,941,5.60,5565,391
2548,Apple,"iPhone 13 ",Midnight,4,512,True,0.00,109900.00,109900.00,"Apple iPhone 13 ",0.00,0.00,IOS,250,6.90,5063,29
2549,SAMSUNG,"Galaxy A52s 5G ",Awesome Black,8,128,True,4.50,37499.00,40999.00,"SAMSUNG Galaxy A52s 5G ",3500.00,8.54,Android,552,5.10,3037,443
2550,Xiaomi,"Redmi 8 ",Ruby Red,4,64,True,4.50,10999.00,10999.00,"Xiaomi Redmi 8 ",0.00,0.00,Android,419,4.90,4277,252
2551,Nokia,3.4,Charcoal,4,64,True,3.90,11999.00,13999.00,Nokia 3.4,2000.00,14.29,Android,655,6.60,4325,174
2552,realme,"X2 Pro ",Red Brick,12,256,True,4.60,36999.00,36999.00,"realme X2 Pro ",0.00,0.00,Android,631,5.00,4468,453
2553,OPPO,F1S,Grey,4,64,True,4.30,18990.00,18990.00,OPPO F1S,0.00,0.00,Android,379,7.00,2142,113
2554,realme,"C2 ",Diamond Sapphire,3,32,True,4.40,7499.00,8999.00,"realme C2 ",1500.00,16.67,Android,24,6.20,3423,4
2555,SAMSUNG,Galaxy A03 Core,Black,2,32,True,4.00,7999.00,10499.00,SAMSUNG Galaxy A03 Core,2500.00,23.81,Android,406,6.30,2557,228
2556,Apple,"iPhone 11 ",Green,4,64,True,4.60,49900.00,49900.00,"Apple iPhone 11 ",0.00,0.00,IOS,661,4.60,4685,495
2557,HTC,820S,Santorini White,2,16,True,3.90,25500.00,25500.00,HTC 820S,0.00,0.00,Android,483,6.10,4561,278
2558,vivo,"Y20G ",Obsidian Black,4,64,True,4.40,23990.00,23990.00,"vivo Y20G ",0.00,0.00,Android,66,5.60,3893,60
2559,Apple,"iPhone 11 ",Black,4,64,True,4.60,49900.00,49900.00,"Apple iPhone 11 ",0.00,0.00,IOS,952,6.50,3809,379
2560,Nokia,5,Silver,2,16,True,4.00,6741.00,6741.00,Nokia 5,0.00,0.00,Android,134,6.60,3735,130
2561,SAMSUNG,"Galaxy Core Prime ",Silver,1,8,True,4.10,6995.00,6995.00,"SAMSUNG Galaxy Core Prime ",0.00,0.00,Android,413,5.00,3686,170
2562,Nokia,5.1,Gold,3,32,True,4.00,7890.00,15999.00,Nokia 5.1,8109.00,50.68,Android,670,6.20,5014,112
2563,Apple,"iPhone XR ",White,3,64,True,4.60,42999.00,47900.00,"Apple iPhone XR ",4901.00,10.23,IOS,421,6.40,5940,26
2564,SAMSUNG,"Galaxy F12 ",Celestial Black,4,64,True,4.20,11499.00,12999.00,"SAMSUNG Galaxy F12 ",1500.00,11.54,Android,739,6.50,3713,13
2565,Xiaomi,"Redmi K20 ",Carbon Black,6,64,True,3.80,22999.00,22999.00,"Xiaomi Redmi K20 ",0.00,0.00,Android,27,5.10,5698,2
2566,GIONEE,"P5 Mini ",Blue,1,8,True,3.80,3599.00,3599.00,"GIONEE P5 Mini ",0.00,0.00,Android,498,6.80,5299,216
2567,OPPO,A5,Diamond Blue,4,32,True,4.40,15000.00,15000.00,OPPO A5,0.00,0.00,Android,920,6.90,5563,840
2568,Apple,iPhone 13 Pro Max,Graphite,4,128,True,4.70,129900.00,129900.00,Apple iPhone 13 Pro Max,0.00,0.00,IOS,902,4.90,3906,276
2569,GIONEE,"M3 ",Black,1,8,True,4.10,9599.00,9599.00,"GIONEE M3 ",0.00,0.00,Android,727,6.80,2124,722
2570,realme,"U1 ",Brave Blue,4,64,True,4.40,9999.00,15499.00,"realme U1 ",5500.00,35.49,Android,335,6.60,3366,38
2571,Infinix,Note 7,Aether Black,4,64,True,4.30,14999.00,14999.00,Infinix Note 7,0.00,0.00,Android,902,6.00,2682,98
2572,Xiaomi,"Mi 11X ",LUNAR WHITE,8,128,True,4.20,27950.00,31983.00,"Xiaomi Mi 11X ",4033.00,12.61,Android,104,4.60,5424,104
2573,Google Pixel,3,Just Black,4,128,True,4.50,80000.00,80000.00,Google Pixel 3,0.00,0.00,Android,892,5.10,3270,67
2574,OPPO,Reno,JET BLACK,8,128,True,4.40,29999.00,29999.00,OPPO Reno,0.00,0.00,Android,533,6.00,2366,513
2575,Xiaomi,"Mi 11 Lite ",Jazz Blue,6,128,True,4.20,21999.00,24999.00,"Xiaomi Mi 11 Lite ",3000.00,12.00,Android,988,6.60,4461,536
2576,ASUS,"Zenfone Go 5.5 ",Gold,2,32,True,3.70,6999.00,6999.00,"ASUS Zenfone Go 5.5 ",0.00,0.00,Android,305,6.60,5644,252
2577,Xiaomi,"Redmi Y3 ",Prime Black,4,64,True,4.30,12499.00,13999.00,"Xiaomi Redmi Y3 ",1500.00,10.72,Android,749,5.60,3111,446
2578,Lenovo,"S850 ",Dark Blue,1,16,True,4.00,15999.00,15999.00,"Lenovo S850 ",0.00,0.00,Android,861,5.60,5783,287
2579,Infinix,Hot 8,Quetzal Cyan,4,64,True,4.50,9999.00,9999.00,Infinix Hot 8,0.00,0.00,Android,388,4.90,5342,153
2580,ASUS,Zenfone Go 3rd Gen,Gold,2,16,True,3.80,8999.00,8999.00,ASUS Zenfone Go 3rd Gen,0.00,0.00,Android,556,5.60,4853,60
2581,Apple,"iPhone 6 ",Gold,1,64,True,4.40,62500.00,62500.00,"Apple iPhone 6 ",0.00,0.00,IOS,377,4.60,5111,251
2582,Xiaomi,11 Lite NE,Vinyl Black,8,130,True,4.30,25999.00,25999.00,Xiaomi 11 Lite NE,0.00,0.00,Android,492,6.70,4382,446
2583,SAMSUNG,"Z1 ",Black,0,4,True,3.50,3990.00,3990.00,"SAMSUNG Z1 ",0.00,0.00,Android,408,4.90,5530,346
2584,realme,"C21Y ",Cross Blue,3,0,True,0.00,8999.00,9999.00,"realme C21Y ",1000.00,10.00,Android,330,5.00,2645,168
2585,SAMSUNG,"Galaxy A7-2017 ",Black Sky,3,32,True,3.80,25900.00,25900.00,"SAMSUNG Galaxy A7-2017 ",0.00,0.00,Android,758,6.40,3668,620
2586,Apple,"iPhone SE ",Black,2,128,True,4.50,44900.00,44900.00,"Apple iPhone SE ",0.00,0.00,IOS,413,4.60,3492,405
2587,SAMSUNG,Metro XL,Black,0,0,True,4.20,3271.00,3271.00,SAMSUNG Metro XL,0.00,0.00,Android,7,5.40,4081,5
2588,GIONEE,"S11 ",Royal Blue,4,64,True,2.80,8539.00,8549.00,"GIONEE S11 ",10.00,0.12,Android,27,5.00,2272,2
2589,vivo,T1 5G,Rainbow Fantasy,4,128,True,0.00,15990.00,19990.00,vivo T1 5G,4000.00,20.01,Android,567,4.90,5357,200
2590,Motorola,G5,Volcanic Grey,6,128,True,4.20,20999.00,24999.00,Motorola G5,4000.00,16.00,Android,57,6.20,4967,32
2591,SAMSUNG,"Galaxy F41 ",Fusion Green,6,64,True,4.30,15999.00,19999.00,"SAMSUNG Galaxy F41 ",4000.00,20.00,Android,304,4.70,3883,123
2592,OPPO,A53,Fancy Blue,6,128,True,4.30,15999.00,15999.00,OPPO A53,0.00,0.00,Android,339,6.00,3595,220
2593,Infinix,Smart 4,Midnight Black,2,32,True,4.40,8999.00,8999.00,Infinix Smart 4,0.00,0.00,Android,283,6.20,5686,1
2594,SAMSUNG,"Galaxy A7 ",Black,4,64,True,4.40,22300.00,22300.00,"SAMSUNG Galaxy A7 ",0.00,0.00,Android,388,5.30,2906,372
2595,HTC,Desire 626,White Birch,2,16,True,3.70,11810.00,11810.00,HTC Desire 626,0.00,0.00,Android,765,4.50,2140,714
2596,Nokia,105 DS,Black,0,0,True,4.20,1660.00,1700.00,Nokia 105 DS,40.00,2.35,Android,934,4.70,4492,472
2597,SAMSUNG,"M01 core ",Red,1,16,True,3.90,7399.00,7399.00,"SAMSUNG M01 core ",0.00,0.00,Android,893,5.80,3852,87
2598,Apple,"iPhone SE ",Red,2,64,True,4.50,32999.00,39900.00,"Apple iPhone SE ",6901.00,17.30,IOS,250,5.50,4077,108
2599,Lenovo,"VIBE P1 ",Grey,2,32,True,4.10,15999.00,15999.00,"Lenovo VIBE P1 ",0.00,0.00,Android,559,6.10,2549,475
2600,Xiaomi,"MI 11X 5G ",CELESTIAL SILVER,6,128,True,4.10,26295.00,27395.00,"Xiaomi MI 11X 5G ",1100.00,4.02,Android,191,5.40,2276,136
2601,SAMSUNG,Metro 350,Black,0,0,True,4.10,2699.00,3270.00,SAMSUNG Metro 350,571.00,17.46,Android,706,6.70,2390,44
2602,realme,"C3 ",Blazing Red,3,32,True,4.40,8999.00,8999.00,"realme C3 ",0.00,0.00,Android,716,5.90,4735,654
2603,realme,"X2 ",Pearl Green,4,64,True,4.50,17999.00,17999.00,"realme X2 ",0.00,0.00,Android,392,5.60,3011,129
2604,ASUS,"Zenfone Go 4.5 ",Pink,1,8,True,3.90,5299.00,5299.00,"ASUS Zenfone Go 4.5 ",0.00,0.00,Android,9,4.80,2608,1
2605,SAMSUNG,"Galaxy M02 ",Black,3,32,True,4.00,8897.00,8897.00,"SAMSUNG Galaxy M02 ",0.00,0.00,Android,695,5.90,3819,13
2606,SAMSUNG,"Galaxy Note 20 Ultra 5G ",Mystic Bronze,12,256,True,4.50,91999.00,116000.00,"SAMSUNG Galaxy Note 20 Ultra 5G ",24001.00,20.69,Android,207,5.10,3196,51
2607,GIONEE,"P5_W ",Black,1,16,True,3.80,2799.00,2799.00,"GIONEE P5_W ",0.00,0.00,Android,76,6.90,3117,68
2608,realme,"X50 Pro ",Moss Green,8,128,True,4.30,41999.00,41999.00,"realme X50 Pro ",0.00,0.00,Android,523,5.70,2717,221
2609,OPPO,A5s,Black,2,32,True,4.30,12990.00,12990.00,OPPO A5s,0.00,0.00,Android,956,6.30,2489,686
2610,ASUS,"Zenfone C ",Red,1,8,True,3.80,6299.00,6299.00,"ASUS Zenfone C ",0.00,0.00,Android,653,5.60,4594,375
2611,SAMSUNG,"Galaxy A52s 5G ",Awesome Black,6,128,True,4.30,35999.00,38999.00,"SAMSUNG Galaxy A52s 5G ",3000.00,7.69,Android,622,5.50,2233,4
2612,Apple,iPhone 13 Pro Max,Graphite,4,512,True,4.70,159900.00,159900.00,Apple iPhone 13 Pro Max,0.00,0.00,IOS,193,5.60,4939,94
2613,OPPO,A5,Diamond Blue,4,64,True,4.40,15990.00,15990.00,OPPO A5,0.00,0.00,Android,61,6.20,5073,47
2614,SAMSUNG,"Galaxy Note Edge ",Frost White,3,32,True,3.30,30000.00,30000.00,"SAMSUNG Galaxy Note Edge ",0.00,0.00,Android,613,6.80,2454,223
2615,realme,3,Dynamic Black,4,64,True,4.40,10499.00,12999.00,realme 3,2500.00,19.23,Android,529,6.50,4342,386
2616,Xiaomi,"Redmi 8A Dual ",Sky White,3,32,True,4.40,8299.00,8999.00,"Xiaomi Redmi 8A Dual ",700.00,7.78,Android,72,5.90,3184,18
2617,SAMSUNG,"Galaxy A03s ",White,4,64,True,4.20,12499.00,14499.00,"SAMSUNG Galaxy A03s ",2000.00,13.79,Android,328,5.40,4937,70
2618,OPPO,A12,Flowing Silver,4,64,True,4.40,10490.00,11990.00,OPPO A12,1500.00,12.51,Android,429,5.70,3954,226
2619,vivo,"Y51A ",Titanium Sapphire,3,16,True,4.30,23990.00,23990.00,"vivo Y51A ",0.00,0.00,Android,632,5.00,2910,101
2620,LG,"K42 ",Grey,3,64,True,3.90,10990.00,14000.00,"LG K42 ",3010.00,21.50,Android,690,5.90,3804,132
2621,Nokia,5,Tempered Blue,2,16,True,4.00,6400.00,6400.00,Nokia 5,0.00,0.00,Android,196,5.40,4772,1
2622,Apple,"iPhone 13 ",Red,4,128,True,0.00,79900.00,79900.00,"Apple iPhone 13 ",0.00,0.00,IOS,35,5.00,3752,2
2623,Apple,"iPhone 7 ",Silver,2,128,True,4.50,34900.00,34900.00,"Apple iPhone 7 ",0.00,0.00,IOS,981,5.70,4893,553
2624,Infinix,Hot 10S,Heart of Ocean,6,64,True,4.30,10999.00,13999.00,Infinix Hot 10S,3000.00,21.43,Android,30,4.80,3356,16
2625,Infinix,Hot 10 Play,"Purple  ",4,64,True,4.30,9299.00,10999.00,Infinix Hot 10 Play,1700.00,15.46,Android,794,6.90,2117,413
2626,vivo,V7+,Gold,4,64,True,4.40,22099.00,22221.00,vivo V7+,122.00,0.55,Android,751,4.80,4509,406
2627,SAMSUNG,"Galaxy M31 ",Ocean Blue,6,64,True,4.30,16999.00,17500.00,"SAMSUNG Galaxy M31 ",501.00,2.86,Android,594,4.70,2377,318
2628,vivo,"Y21 ",Midnight Blue,8,256,True,4.40,49990.00,54990.00,"vivo Y21 ",5000.00,9.09,Android,261,5.70,4948,43
2629,HTC,816G,White,1,16,True,3.90,21990.00,21990.00,HTC 816G,0.00,0.00,Android,862,6.80,5917,271
2630,SAMSUNG,"Galaxy J7 - 6 New 2016 Edition) ",White,2,16,True,4.30,15299.00,15585.00,"SAMSUNG Galaxy J7 - 6 New 2016 Edition) ",286.00,1.84,Android,183,5.20,4120,114
2631,GIONEE,"S6S ",Latte Gold,3,32,True,4.00,15999.00,15999.00,"GIONEE S6S ",0.00,0.00,Android,185,5.30,4820,122
2632,Lenovo,"B ",Black,1,8,True,3.80,4890.00,4890.00,"Lenovo B ",0.00,0.00,Android,290,5.60,3977,121
2633,GIONEE,"M2 ",White,1,4,True,4.20,11500.00,11500.00,"GIONEE M2 ",0.00,0.00,Android,952,6.60,3988,558
2634,realme,"C11 2021 ",Cool Blue,2,32,True,4.30,7299.00,7999.00,"realme C11 2021 ",700.00,8.75,Android,998,4.50,3791,722
2635,Motorola,"Edge 20 Fusion ",Electric Graphite,8,128,True,0.00,22999.00,25999.00,"Motorola Edge 20 Fusion ",3000.00,11.54,Android,942,6.20,5027,217
2636,SAMSUNG,"Galaxy F62 ",Laser Grey,8,128,True,4.30,25999.00,31999.00,"SAMSUNG Galaxy F62 ",6000.00,18.75,Android,658,4.90,4406,379
2637,LG,"Wing ",Illusion Sky,8,128,True,4.20,29999.00,80000.00,"LG Wing ",50001.00,62.50,Android,257,5.40,4796,147
2638,realme,"C25Y ",Glacier Blue,4,128,True,0.00,11999.00,13999.00,"realme C25Y ",2000.00,14.29,Android,631,5.70,3343,429
2639,Apple,"iPhone 7 Plus ",Red,3,256,True,5.00,85400.00,85400.00,"Apple iPhone 7 Plus ",0.00,0.00,IOS,615,6.40,4385,407
2640,Nokia,2.3,Cyan Green,2,32,True,4.00,8449.00,8449.00,Nokia 2.3,0.00,0.00,Android,132,4.90,2000,85
2641,Infinix,Note 7,Forest Green,4,64,True,4.30,14999.00,14999.00,Infinix Note 7,0.00,0.00,Android,261,4.90,2149,236
2642,Infinix,Hot 11S,Silver Wave,4,64,True,4.30,10999.00,13999.00,Infinix Hot 11S,3000.00,21.43,Android,768,6.60,3435,705
2643,SAMSUNG,SAMSUNG Metro 350 Dual Sim,Black,0,0,True,4.10,2899.00,2899.00,SAMSUNG SAMSUNG Metro 350 Dual Sim,0.00,0.00,Android,764,6.70,5665,67
2644,Xiaomi,"REDMI 9i ",Nature Green,4,64,True,4.50,8799.00,9999.00,"Xiaomi REDMI 9i ",1200.00,12.00,Android,189,6.20,2163,114
2645,SAMSUNG,"Galaxy A9 ",Caviar Black,6,128,True,4.40,19990.00,19990.00,"SAMSUNG Galaxy A9 ",0.00,0.00,Android,946,6.10,2889,655
2646,SAMSUNG,"Galaxy Note 5 ",Silver Titanium,4,32,True,3.90,29990.00,29990.00,"SAMSUNG Galaxy Note 5 ",0.00,0.00,Android,547,4.70,4786,175
2647,LG,"Stylus 2 ",Brown,2,16,True,4.10,8350.00,19000.00,"LG Stylus 2 ",10650.00,56.05,Android,540,6.70,4330,359
2648,Infinix,Hot S3X,Aqua Blue,3,32,True,4.20,10999.00,10999.00,Infinix Hot S3X,0.00,0.00,Android,987,4.50,4155,749
2649,Apple,"iPhone 11 ",Black,4,256,True,4.60,64900.00,64900.00,"Apple iPhone 11 ",0.00,0.00,IOS,49,5.50,5817,18
2650,SAMSUNG,"Galaxy A21s ",White,4,64,True,4.20,17999.00,17999.00,"SAMSUNG Galaxy A21s ",0.00,0.00,Android,886,5.60,5728,342
2651,realme,"C11 ",Rich Green,2,32,True,4.40,7499.00,8999.00,"realme C11 ",1500.00,16.67,Android,295,6.30,4059,291
2652,Motorola,X4,Super Black,6,64,True,4.30,24999.00,24999.00,Motorola X4,0.00,0.00,Android,271,5.50,4514,262
2653,vivo,"V20 2021 ",Sunset Melody,8,128,True,4.30,11990.00,15490.00,"vivo V20 2021 ",3500.00,22.60,Android,784,6.00,3045,168
2654,Xiaomi,"MI3 ",Metallic Grey,2,16,True,4.30,7999.00,7999.00,"Xiaomi MI3 ",0.00,0.00,Android,607,6.80,4636,293
2655,Lenovo,"Z2 Plus ",White,3,32,True,3.90,17999.00,17999.00,"Lenovo Z2 Plus ",0.00,0.00,Android,26,4.80,4942,19
2656,Apple,"iPhone 12 Pro Max ",Pacific Blue,0,256,True,4.60,129900.00,129900.00,"Apple iPhone 12 Pro Max ",0.00,0.00,IOS,846,5.40,2418,438
2657,vivo,X70 Pro+,Enigma Black,12,256,True,4.50,79990.00,84990.00,vivo X70 Pro+,5000.00,5.88,Android,660,6.90,3325,599
2658,Nokia,225 4G DS 2020,Black,0,0,True,3.70,4399.00,4399.00,Nokia 225 4G DS 2020,0.00,0.00,Android,322,5.30,3569,265
2659,SAMSUNG,"Galaxy A51 ",Haze Crush Silver,6,128,True,4.30,20999.00,25999.00,"SAMSUNG Galaxy A51 ",5000.00,19.23,Android,771,5.00,2035,372
2660,SAMSUNG,"Galaxy A50 ",Blue,4,64,True,4.30,21000.00,21000.00,"SAMSUNG Galaxy A50 ",0.00,0.00,Android,945,6.70,4063,436
2661,Nokia,5.1,Black&Blue,3,32,True,4.00,16300.00,16300.00,Nokia 5.1,0.00,0.00,Android,81,6.60,4430,20
2662,Nokia,3,Copper White,2,16,True,3.90,5499.00,10299.00,Nokia 3,4800.00,46.61,Android,858,6.20,4262,618
2663,vivo,V23 Pro 5G,Stardust Black,8,128,True,4.30,38990.00,41990.00,vivo V23 Pro 5G,3000.00,7.14,Android,513,6.70,5464,337
2664,Nokia,106,Black,0,0,True,3.90,1400.00,1400.00,Nokia 106,0.00,0.00,Android,404,5.20,4647,209
2665,SAMSUNG,"Galaxy J2 Core ",Black,1,8,True,4.20,6500.00,6500.00,"SAMSUNG Galaxy J2 Core ",0.00,0.00,Android,874,4.90,3596,870
2666,OPPO,A15s,Dynamic Black,4,128,True,4.30,13489.00,13489.00,OPPO A15s,0.00,0.00,Android,723,4.70,2236,302
2667,Infinix,Note 11,Glacier Green,4,64,True,4.30,12499.00,14999.00,Infinix Note 11,2500.00,16.67,Android,645,5.10,2175,449
2668,realme,1,Moonlight Silver,6,0,True,4.30,10990.00,14990.00,realme 1,4000.00,26.68,Android,162,5.00,5645,58
2669,Apple,"iPhone 6 Plus ",Gold,1,64,True,4.50,71500.00,71500.00,"Apple iPhone 6 Plus ",0.00,0.00,IOS,484,6.20,3447,155
2670,realme,"Narzo 20A ",Victory Blue,4,64,True,4.40,9499.00,11999.00,"realme Narzo 20A ",2500.00,20.84,Android,331,5.00,3906,244
2671,Apple,"iPhone 13 Mini ",Red,4,256,True,0.00,79900.00,79900.00,"Apple iPhone 13 Mini ",0.00,0.00,IOS,735,5.40,4461,27
2672,GIONEE,"Elife S5.1 ",Blue,1,16,True,4.10,9999.00,9999.00,"GIONEE Elife S5.1 ",0.00,0.00,Android,507,5.30,5532,198
2673,ASUS,"Zenfone Selfie ",Silver,2,16,True,3.90,8499.00,8499.00,"ASUS Zenfone Selfie ",0.00,0.00,Android,557,5.80,5273,314
2674,realme,"C15 Qualcomm Edition ",Power Silver,3,32,True,4.30,11999.00,11999.00,"realme C15 Qualcomm Edition ",0.00,0.00,Android,724,6.70,3809,433
2675,Apple,"iPhone 12 ",Green,4,128,True,4.60,68999.00,70900.00,"Apple iPhone 12 ",1901.00,2.68,IOS,871,6.40,5450,202
2676,Nokia,"7 Plus ",Black & Copper,4,64,True,4.30,12000.00,26028.00,"Nokia 7 Plus ",14028.00,53.90,Android,150,6.70,2107,8
2677,realme,"8s 5G ",Universe Blue,6,128,True,4.50,17999.00,20999.00,"realme 8s 5G ",3000.00,14.29,Android,304,5.20,5067,39
2678,realme,"X3 SuperZoom ",Glacier Blue,12,256,True,4.20,32999.00,34999.00,"realme X3 SuperZoom ",2000.00,5.71,Android,693,6.80,2612,378
2679,HTC,Desire 616,Pearl White,1,4,True,3.80,17200.00,17200.00,HTC Desire 616,0.00,0.00,Android,844,5.20,3424,184
2680,SAMSUNG,"Galaxy A20 ",Deep Blue,3,32,True,4.30,12900.00,12900.00,"SAMSUNG Galaxy A20 ",0.00,0.00,Android,229,6.80,2193,160
2681,Nokia,108 Dual SIM,Black,0,0,True,4.20,2149.00,2149.00,Nokia 108 Dual SIM,0.00,0.00,Android,657,4.60,5313,89
2682,SAMSUNG,"Galaxy A70s ",Prism Crush White,6,128,True,4.30,17999.00,31000.00,"SAMSUNG Galaxy A70s ",13001.00,41.94,Android,116,5.30,3003,37
2683,Apple,"iPhone 11 ",Red,4,128,True,4.60,54900.00,54900.00,"Apple iPhone 11 ",0.00,0.00,IOS,11,4.70,4630,9
2684,Infinix,Smart 5,Obsidian Black,2,32,True,4.30,7499.00,8999.00,Infinix Smart 5,1500.00,16.67,Android,279,6.50,3589,8
2685,OPPO,A5s,Gold,4,64,True,4.40,15726.00,15726.00,OPPO A5s,0.00,0.00,Android,682,4.80,4289,195
2686,realme,"6i ",Eclipse Black,4,64,True,4.40,12999.00,14999.00,"realme 6i ",2000.00,13.33,Android,978,6.00,4656,68
2687,Infinix,Hot 11S,"Purple  ",4,64,True,4.30,10999.00,13999.00,Infinix Hot 11S,3000.00,21.43,Android,53,4.90,3124,30
2688,SAMSUNG,"Galaxy Note 4 ",Charcoal Black,3,32,True,4.10,36900.00,36900.00,"SAMSUNG Galaxy Note 4 ",0.00,0.00,Android,877,6.00,3731,678
2689,Nokia,6,Matte Black,4,64,True,3.90,19499.00,19499.00,Nokia 6,0.00,0.00,Android,873,5.50,4294,408
2690,SAMSUNG,"Galaxy A10s ",Blue,3,32,True,4.30,11000.00,11000.00,"SAMSUNG Galaxy A10s ",0.00,0.00,Android,969,5.10,3319,532
2691,GIONEE,"P5 Mini ",White,1,8,True,3.80,2999.00,2999.00,"GIONEE P5 Mini ",0.00,0.00,Android,596,6.60,4379,560
2692,OPPO,A71,Gold,3,16,True,4.20,12500.00,12500.00,OPPO A71,0.00,0.00,Android,773,5.30,4920,718
2693,realme,"X ",Space Blue,8,128,True,4.50,20999.00,20999.00,"realme X ",0.00,0.00,Android,625,6.60,2536,373
2694,Xiaomi,11i Hypercharge 5G,Camo Green,6,128,True,4.20,26999.00,31999.00,Xiaomi 11i Hypercharge 5G,5000.00,15.63,Android,406,5.50,5339,334
2695,Infinix,Hot 9,Ocean Wave,4,64,True,4.40,11999.00,11999.00,Infinix Hot 9,0.00,0.00,Android,3,4.50,5295,2
2696,Apple,iPhone 13 mini,Green,4,128,True,4.60,64900.00,69900.00,Apple iPhone 13 mini,5000.00,7.15,IOS,653,5.80,4441,130
2697,realme,"6i ",Eclipse Black,6,64,True,4.40,13999.00,15999.00,"realme 6i ",2000.00,12.50,Android,412,5.90,3826,90
2698,LG,"G6 ",Blue,4,64,True,4.20,29790.00,29790.00,"LG G6 ",0.00,0.00,Android,493,4.80,5961,139
2699,Google Pixel,"3a ",Clearly White,4,64,True,4.50,39999.00,39999.00,"Google Pixel 3a ",0.00,0.00,Android,263,5.20,4867,237
2700,OPPO,A53,Fairy White,6,128,True,4.30,15999.00,15999.00,OPPO A53,0.00,0.00,Android,352,6.60,5843,264
2701,Nokia,3.2,Black,3,32,True,4.10,11999.00,11999.00,Nokia 3.2,0.00,0.00,Android,323,5.50,3685,173
2702,GIONEE,"X1s ",Blue,3,16,True,4.00,6999.00,6999.00,"GIONEE X1s ",0.00,0.00,Android,529,6.30,3463,179
2703,realme,3,Radiant Blue,3,32,True,4.50,8499.00,10999.00,realme 3,2500.00,22.73,Android,622,6.50,3483,174
2704,Apple,"iPhone 8 Plus ",Space Grey,3,256,True,4.60,84900.00,84900.00,"Apple iPhone 8 Plus ",0.00,0.00,IOS,221,4.90,3394,145
2705,Apple,"iPhone 12 Mini ",Blue,4,128,True,4.50,61999.00,64900.00,"Apple iPhone 12 Mini ",2901.00,4.47,IOS,202,5.30,3966,83
2706,OPPO,A53,Electric Black,4,64,True,4.50,11990.00,15990.00,OPPO A53,4000.00,25.02,Android,437,5.30,3959,246
2707,SAMSUNG,"Galaxy M12 ",White,4,64,True,4.20,11730.00,12900.00,"SAMSUNG Galaxy M12 ",1170.00,9.07,Android,758,5.20,5666,541
2708,Motorola,"Edge 20 ",Frosted Emerald,8,128,True,4.40,29999.00,34999.00,"Motorola Edge 20 ",5000.00,14.29,Android,144,6.30,2215,64
2709,Infinix,Hot S3,Topaz Blue,3,32,True,4.20,9999.00,9999.00,Infinix Hot S3,0.00,0.00,Android,337,5.40,3491,14
2710,Xiaomi,"Mi 11 Lite ",Jazz Blue,8,128,True,4.20,23999.00,25999.00,"Xiaomi Mi 11 Lite ",2000.00,7.69,Android,835,4.80,5328,569
2711,Nokia,"5.1 Plus ",Black,4,64,True,4.10,9990.00,15999.00,"Nokia 5.1 Plus ",6009.00,37.56,Android,573,5.70,4304,569
2712,GIONEE,"F205 Pro ",Blue,2,16,True,4.10,6990.00,6990.00,"GIONEE F205 Pro ",0.00,0.00,Android,125,6.90,4194,28
2713,realme,7,Mist White,8,128,True,4.30,17999.00,20999.00,realme 7,3000.00,14.29,Android,686,5.30,3312,623
2714,SAMSUNG,"Galaxy J5 Prime ",Gold,2,16,True,4.00,14500.00,14500.00,"SAMSUNG Galaxy J5 Prime ",0.00,0.00,Android,549,5.50,4291,240
2715,Motorola,G7,White,4,64,True,4.30,9999.00,18999.00,Motorola G7,9000.00,47.37,Android,204,5.40,5692,28
2716,Xiaomi,"Redmi Note 8 ",Cosmic Purple,4,64,True,4.30,12999.00,12999.00,"Xiaomi Redmi Note 8 ",0.00,0.00,Android,147,5.40,3029,147
2717,Motorola,One,White,4,64,True,4.10,14999.00,14999.00,Motorola One,0.00,0.00,Android,670,6.90,4675,495
2718,Lenovo,"VIBE P1m ",Black,2,16,True,4.10,6999.00,6999.00,"Lenovo VIBE P1m ",0.00,0.00,Android,754,4.90,2818,482
2719,Apple,"iPhone 12 Mini ",Red,4,128,True,4.50,61999.00,64900.00,"Apple iPhone 12 Mini ",2901.00,4.47,IOS,88,5.80,4666,80
2720,realme,3,Diamond Red,3,0,True,4.50,8499.00,10999.00,realme 3,2500.00,22.73,Android,995,6.20,3720,594
2721,OPPO,Reno2 F,Sky White,6,256,True,4.40,19990.00,19990.00,OPPO Reno2 F,0.00,0.00,Android,486,6.10,4964,360
2722,GIONEE,"Elife E8 ",Gold,3,64,True,3.90,8990.00,8990.00,"GIONEE Elife E8 ",0.00,0.00,Android,527,4.80,4825,196
2723,SAMSUNG,"Galaxy S10e ",Prism White,6,128,True,4.50,59000.00,59000.00,"SAMSUNG Galaxy S10e ",0.00,0.00,Android,754,5.20,4277,60
2724,SAMSUNG,"Z2 ",Black,1,8,True,3.60,4790.00,4790.00,"SAMSUNG Z2 ",0.00,0.00,Android,383,5.50,3299,41
2725,GIONEE,"F205 ",Black,2,16,True,4.00,8479.00,8479.00,"GIONEE F205 ",0.00,0.00,Android,317,5.00,4446,13
2726,Nokia,6310,Black,0,0,True,0.00,4189.00,4189.00,Nokia 6310,0.00,0.00,Android,649,5.20,4698,631
2727,Apple,"iPhone XR ",Black,3,128,True,4.60,47999.00,52900.00,"Apple iPhone XR ",4901.00,9.26,IOS,462,5.30,5515,352
2728,Xiaomi,"Mi A3 ",More Than White,4,64,True,4.40,12990.00,14990.00,"Xiaomi Mi A3 ",2000.00,13.34,Android,610,6.70,3074,277
2729,SAMSUNG,"Galaxy Note 8 ",Orchid Grey,6,64,True,4.60,49999.00,49999.00,"SAMSUNG Galaxy Note 8 ",0.00,0.00,Android,393,5.30,3116,296
2730,Nokia,105 DS,Black,0,0,True,4.20,1400.00,1400.00,Nokia 105 DS,0.00,0.00,Android,155,5.80,2078,6
2731,OPPO,A55,Rainbow Blue,4,64,True,4.30,15490.00,18990.00,OPPO A55,3500.00,18.43,Android,759,5.40,3979,27
2732,ASUS,"ZenFone Max M2 ",Silver,4,64,True,4.30,14999.00,14999.00,"ASUS ZenFone Max M2 ",0.00,0.00,Android,32,5.90,3561,31
2733,Xiaomi,"REDMI 9 Prime ",Mint Green,4,64,True,4.40,10499.00,11999.00,"Xiaomi REDMI 9 Prime ",1500.00,12.50,Android,841,5.90,2890,128
2734,Motorola,G6 Play,Fine Gold,3,32,True,4.10,12999.00,12999.00,Motorola G6 Play,0.00,0.00,Android,180,6.50,4799,120
2735,OPPO,A31,Mystery Black,4,64,True,4.30,11779.00,11919.00,OPPO A31,140.00,1.17,Android,459,6.00,2586,59
2736,realme,"3i ",Diamond Red,3,32,True,4.40,8499.00,8999.00,"realme 3i ",500.00,5.56,Android,215,5.70,2970,85
2737,OPPO,F17,Navy Blue,8,128,True,4.30,21990.00,21990.00,OPPO F17,0.00,0.00,Android,33,4.90,2943,11
2738,Infinix,Smart 4 Plus,Quetzal Cyan,3,32,True,4.40,9999.00,9999.00,Infinix Smart 4 Plus,0.00,0.00,Android,880,5.10,3943,8
2739,realme,"Narzo 30 5G ",Racing Silver,6,128,True,4.30,16999.00,17999.00,"realme Narzo 30 5G ",1000.00,5.56,Android,428,5.40,3668,290
2740,vivo,"V21e ",Sunset Jazz,3,16,True,4.30,18990.00,18990.00,"vivo V21e ",0.00,0.00,Android,913,6.10,4258,617
2741,Nokia,105 DS 2020,Black,0,0,True,4.20,1490.00,1490.00,Nokia 105 DS 2020,0.00,0.00,Android,467,5.30,5538,14
2742,SAMSUNG,"Galaxy Note 5 ",black sapphire,4,32,True,3.90,46900.00,46900.00,"SAMSUNG Galaxy Note 5 ",0.00,0.00,Android,912,6.30,3184,397
2743,SAMSUNG,"Galaxy Alpha ",Charcoal Black,2,32,True,3.60,22389.00,22389.00,"SAMSUNG Galaxy Alpha ",0.00,0.00,Android,586,5.60,2303,251
2744,realme,"8 5G ",Supersonic Black,8,128,True,4.30,18499.00,18999.00,"realme 8 5G ",500.00,2.63,Android,307,5.60,3106,281
2745,SAMSUNG,"Galaxy J4 ",Gold,3,32,True,4.20,10990.00,10990.00,"SAMSUNG Galaxy J4 ",0.00,0.00,Android,712,5.80,2349,410
2746,Apple,iPhone 13 Pro,Alpine Green,4,512,True,4.70,149900.00,149900.00,Apple iPhone 13 Pro,0.00,0.00,IOS,194,5.10,5864,38
2747,HTC,"Wildfire X ",Blue,3,32,True,3.90,12999.00,12999.00,"HTC Wildfire X ",0.00,0.00,Android,559,7.00,5436,435
2748,GIONEE,"Max Pro ",Black,3,32,True,3.80,7299.00,9999.00,"GIONEE Max Pro ",2700.00,27.00,Android,624,4.80,2482,38
2749,Apple,"iPhone 6s Plus ",Space Grey,2,64,True,4.40,59999.00,59999.00,"Apple iPhone 6s Plus ",0.00,0.00,IOS,617,4.80,5323,275
2750,Xiaomi,"Redmi 7A ",Matte Gold,2,32,True,4.50,6999.00,6999.00,"Xiaomi Redmi 7A ",0.00,0.00,Android,45,4.80,3495,13
2751,OPPO,A15,Dynamic Black,2,32,True,4.00,8990.00,10990.00,OPPO A15,2000.00,18.20,Android,303,5.50,3373,243
2752,SAMSUNG,"M01 core ",Black,1,16,True,3.90,4999.00,4999.00,"SAMSUNG M01 core ",0.00,0.00,Android,51,4.80,4047,29
2753,realme,6,Comet Blue,8,128,True,4.40,16999.00,17999.00,realme 6,1000.00,5.56,Android,689,5.80,2464,568
2754,POCO,X2 Special Edition,Matrix Purple,6,128,True,4.50,19999.00,19999.00,POCO X2 Special Edition,0.00,0.00,Android,152,5.20,4220,69
2755,Infinix,Smart 3 Plus,Midnight Black,2,32,True,4.20,7999.00,7999.00,Infinix Smart 3 Plus,0.00,0.00,Android,933,5.10,2349,101
2756,Apple,"iPhone 6 Plus ",Space Grey,1,16,True,4.50,39999.00,39999.00,"Apple iPhone 6 Plus ",0.00,0.00,IOS,951,5.90,2076,603
2757,realme,"X3 SuperZoom ",Arctic White,12,0,True,4.20,32999.00,34999.00,"realme X3 SuperZoom ",2000.00,5.71,Android,824,6.50,3396,449
2758,Apple,iPhone 13 Pro Max,Alpine Green,4,128,True,4.50,119900.00,119900.00,Apple iPhone 13 Pro Max,0.00,0.00,IOS,178,6.80,5237,128
2759,SAMSUNG,"M02s ",Red,4,64,True,4.10,9999.00,10490.00,"SAMSUNG M02s ",491.00,4.68,Android,659,5.80,5442,260
2760,SAMSUNG,"Galaxy A51 ",Prism Crush Blue,6,128,True,4.30,20999.00,25999.00,"SAMSUNG Galaxy A51 ",5000.00,19.23,Android,175,6.80,2151,153
2761,SAMSUNG,"Galaxy A5 ",Midnight Black,2,16,True,4.10,17990.00,17990.00,"SAMSUNG Galaxy A5 ",0.00,0.00,Android,644,5.80,3201,300
2762,OPPO,Reno2 F,Lake Green,8,128,True,4.40,25889.00,25889.00,OPPO Reno2 F,0.00,0.00,Android,799,6.70,3861,323
2763,POCO,M4 Pro 5G,Power Black,8,128,True,4.40,18999.00,21999.00,POCO M4 Pro 5G,3000.00,13.64,Android,114,6.50,4244,92
2764,SAMSUNG,"Galaxy M30s ",Blue,4,64,True,4.30,14090.00,15500.00,"SAMSUNG Galaxy M30s ",1410.00,9.10,Android,272,4.90,5112,205
2765,Nokia,150/150 DS,Black,0,0,True,4.20,1500.00,1500.00,Nokia 150/150 DS,0.00,0.00,Android,382,4.80,2307,238
2766,POCO,M4 Pro,Cool Blue,8,128,True,4.40,17999.00,21999.00,POCO M4 Pro,4000.00,18.18,Android,942,5.20,5199,495
2767,OPPO,Reno4 Pro Special Edition,Starry Night,8,128,True,4.40,34990.00,37990.00,OPPO Reno4 Pro Special Edition,3000.00,7.90,Android,634,6.30,5107,423
2768,Apple,"iPhone 12 ",Black,4,256,True,4.60,78999.00,80900.00,"Apple iPhone 12 ",1901.00,2.35,IOS,646,6.20,2459,510
2769,Nokia,6.1,Copper,3,32,True,4.20,14927.00,14927.00,Nokia 6.1,0.00,0.00,Android,797,7.00,5935,342
2770,realme,"Narzo 10A ",So White,4,64,True,4.50,9999.00,10999.00,"realme Narzo 10A ",1000.00,9.09,Android,360,4.60,2670,171
2771,realme,"3i ",Diamond Blue,3,32,True,4.40,8499.00,8999.00,"realme 3i ",500.00,5.56,Android,452,4.80,3211,13
2772,OPPO,F3,Black,4,64,True,4.30,20990.00,20990.00,OPPO F3,0.00,0.00,Android,585,5.00,3123,162
2773,LG,"K42 ",Green,3,64,True,3.90,10990.00,14000.00,"LG K42 ",3010.00,21.50,Android,110,4.60,3734,63
2774,Xiaomi,"Redmi 8A Dual ",Midnight Grey,3,64,True,4.50,9199.00,9290.00,"Xiaomi Redmi 8A Dual ",91.00,0.98,Android,818,4.80,2742,230
2775,Infinix,"Note 11 ",Celestial Snow,4,64,True,4.30,12499.00,14999.00,"Infinix Note 11 ",2500.00,16.67,Android,913,5.80,3927,732
2776,Nokia,8110,Black,0,4,True,3.70,3000.00,8400.00,Nokia 8110,5400.00,64.29,Android,685,4.50,4028,245
2777,Infinix,Hot 10S,Black,6,64,True,4.30,10999.00,13999.00,Infinix Hot 10S,3000.00,21.43,Android,108,4.70,5571,56
2778,Infinix,Hot 9 Pro,Ocean Wave,4,64,True,4.40,12999.00,12999.00,Infinix Hot 9 Pro,0.00,0.00,Android,41,5.00,4056,10
2779,Xiaomi,"Redmi 9A ",Nature Green,3,32,True,4.50,8498.00,8498.00,"Xiaomi Redmi 9A ",0.00,0.00,Android,131,6.60,5783,33
2780,Nokia,8.1,Blue,6,128,True,4.30,22999.00,35999.00,Nokia 8.1,13000.00,36.11,Android,220,6.20,4436,166
2781,Xiaomi,"Redmi 5 ",Gold,4,64,True,4.20,10990.00,10990.00,"Xiaomi Redmi 5 ",0.00,0.00,Android,110,4.80,5429,71
2782,Lenovo,"Vibe K5 Note ",Grey,4,32,True,4.10,12499.00,12499.00,"Lenovo Vibe K5 Note ",0.00,0.00,Android,418,4.60,4872,23
2783,Apple,"iPhone 6s Plus ",Gold,2,0,True,4.40,49999.00,49999.00,"Apple iPhone 6s Plus ",0.00,0.00,IOS,254,4.90,4131,236
2784,OPPO,A53s 5G,Ink Black,8,128,True,4.30,17990.00,18990.00,OPPO A53s 5G,1000.00,5.27,Android,12,5.90,5963,4
2785,POCO,M4 Pro 5G,Yellow,4,64,True,4.50,14999.00,16999.00,POCO M4 Pro 5G,2000.00,11.77,Android,735,4.80,5363,382
2786,realme,8,Cyber Silver,8,128,True,4.30,17999.00,18999.00,realme 8,1000.00,5.26,Android,615,6.80,3048,221
2787,realme,"C21Y ",Cross Black,3,32,True,0.00,8999.00,9999.00,"realme C21Y ",1000.00,10.00,Android,406,4.70,3696,287
2788,vivo,Y95,Starry Black,4,64,True,4.40,18990.00,18990.00,vivo Y95,0.00,0.00,Android,992,4.90,2892,429
2789,Xiaomi,Redmi Note 11T 5G,Stardust White,6,129,True,4.20,19119.00,19119.00,Xiaomi Redmi Note 11T 5G,0.00,0.00,Android,703,5.10,4741,232
2790,SAMSUNG,"Galaxy A12 ",Blue,4,64,True,4.20,12144.00,12144.00,"SAMSUNG Galaxy A12 ",0.00,0.00,Android,362,6.00,2138,13
2791,Nokia,"C01 Plus ",Blue,2,16,True,0.00,6499.00,6499.00,"Nokia C01 Plus ",0.00,0.00,Android,302,6.10,5057,166
2792,Motorola,"One Fusion+ ",Moonlight White,6,128,True,4.40,17499.00,19999.00,"Motorola One Fusion+ ",2500.00,12.50,Android,762,6.90,2043,31
2793,GIONEE,L800,Black,0,0,True,4.00,2199.00,2199.00,GIONEE L800,0.00,0.00,Android,810,5.50,2041,32
2794,OPPO,F15,Unicorn White,8,128,True,4.40,18990.00,22990.00,OPPO F15,4000.00,17.40,Android,419,6.90,3751,91
2795,SAMSUNG,"Galaxy Note 5 ",Gold Platinum,4,32,True,3.90,29990.00,29990.00,"SAMSUNG Galaxy Note 5 ",0.00,0.00,Android,504,4.90,2325,374
2796,SAMSUNG,"M31 Prime ",Space Black,6,128,True,4.30,16750.00,16800.00,"SAMSUNG M31 Prime ",50.00,0.30,Android,323,5.80,4407,96
2797,Xiaomi,"Mi 10i ",Atlantic Blue,6,128,True,4.30,22650.00,24198.00,"Xiaomi Mi 10i ",1548.00,6.40,Android,153,6.50,5666,150
2798,realme,9 Pro 5G,Midnight Black,8,128,True,4.40,20999.00,23999.00,realme 9 Pro 5G,3000.00,12.50,Android,950,4.60,4814,505
2799,Lenovo,"A7000 Turbo ",White,2,16,True,3.80,8999.00,8999.00,"Lenovo A7000 Turbo ",0.00,0.00,Android,246,6.80,3865,54
2800,SAMSUNG,"Galaxy S10 Plus ",Prism Black,8,128,True,4.60,79000.00,79000.00,"SAMSUNG Galaxy S10 Plus ",0.00,0.00,Android,276,5.10,4638,247
2801,SAMSUNG,Metro B313E Dual Sim - White,Black,0,0,True,4.10,2299.00,2299.00,SAMSUNG Metro B313E Dual Sim - White,0.00,0.00,Android,365,5.30,5773,181
2802,Nokia,5.3,SAND,6,64,True,3.70,12999.00,12999.00,Nokia 5.3,0.00,0.00,Android,549,6.40,2134,264
2803,ASUS,"ZenFone Max Pro M2 ",Blue,4,64,True,4.30,17999.00,17999.00,"ASUS ZenFone Max Pro M2 ",0.00,0.00,Android,324,5.10,5725,296
2804,Nokia,216 DS 2020,Black,0,0,True,4.20,2499.00,2499.00,Nokia 216 DS 2020,0.00,0.00,Android,137,6.00,4392,95
2805,POCO,M4 Pro 5G,Cool Blue,4,64,True,4.50,14999.00,16999.00,POCO M4 Pro 5G,2000.00,11.77,Android,156,6.80,4786,12
2806,POCO,X2,Pheonix Red,8,256,True,4.50,21499.00,22999.00,POCO X2,1500.00,6.52,Android,587,5.30,3594,419
2807,realme,"6i ",Lunar White,4,64,True,4.40,12999.00,14999.00,"realme 6i ",2000.00,13.33,Android,764,4.90,2315,518
2808,Infinix,Note 11S,Haze Green,6,64,True,4.30,13999.00,16999.00,Infinix Note 11S,3000.00,17.65,Android,590,6.50,3772,409
2809,Apple,"iPhone 12 Pro Max ",Gold,0,256,True,4.60,129900.00,129900.00,"Apple iPhone 12 Pro Max ",0.00,0.00,IOS,215,6.00,4271,77
2810,Apple,"iPhone 11 ",Purple,4,64,True,4.60,49900.00,49900.00,"Apple iPhone 11 ",0.00,0.00,IOS,763,6.80,5614,247
2811,Apple,"iPhone 7 Plus ",Silver,3,128,True,4.50,42900.00,42900.00,"Apple iPhone 7 Plus ",0.00,0.00,IOS,844,6.20,4884,731
2812,vivo,Y83 Pro,Nebula Purple,4,64,True,4.40,14500.00,14500.00,vivo Y83 Pro,0.00,0.00,Android,845,5.90,2024,180
2813,SAMSUNG,"Galaxy M32 ",Light Blue,4,64,True,4.20,14690.00,14690.00,"SAMSUNG Galaxy M32 ",0.00,0.00,Android,698,5.50,4851,221
2814,OPPO,A55,Mint Green,6,128,True,4.10,17790.00,17790.00,OPPO A55,0.00,0.00,Android,192,5.40,4923,16
2815,Apple,"iPhone 11 ",Purple,4,256,True,4.60,64900.00,64900.00,"Apple iPhone 11 ",0.00,0.00,IOS,219,6.50,2940,146
2816,Infinix,S5 Lite,Midnight Black,4,64,True,4.30,9999.00,9999.00,Infinix S5 Lite,0.00,0.00,Android,924,6.00,2289,689
2817,SAMSUNG,"M02s ",Blue,4,64,True,4.10,10398.00,10398.00,"SAMSUNG M02s ",0.00,0.00,Android,388,5.10,4345,165
2818,OPPO,A52,Twilight Black,8,128,True,4.30,20990.00,20990.00,OPPO A52,0.00,0.00,Android,510,6.10,2165,58
2819,SAMSUNG,"Galaxy S10 Plus ",Ceramic Black,8,512,True,4.60,91900.00,91900.00,"SAMSUNG Galaxy S10 Plus ",0.00,0.00,Android,241,5.50,3152,25
2820,Nokia,225 4g ds,Black,0,0,True,3.70,3896.00,3999.00,Nokia 225 4g ds,103.00,2.58,Android,562,5.20,2580,35
2821,OPPO,Reno7 5G,Starry Black,8,256,True,0.00,28999.00,37990.00,OPPO Reno7 5G,8991.00,23.67,Android,246,6.50,2700,27
2822,GIONEE,"Marathon M5 Plus ",Champagne Gold,3,64,True,4.10,14999.00,14999.00,"GIONEE Marathon M5 Plus ",0.00,0.00,Android,723,7.00,3980,187
2823,SAMSUNG,Metro XL,Black,0,0,True,4.20,3780.00,3780.00,SAMSUNG Metro XL,0.00,0.00,Android,432,5.60,5670,97
2824,SAMSUNG,B351E/Metro 350,Black,0,0,True,4.20,2089.00,2089.00,SAMSUNG B351E/Metro 350,0.00,0.00,Android,595,6.20,2336,382
2825,Lenovo,"Z2 Plus ",Black,4,64,True,3.80,19999.00,19999.00,"Lenovo Z2 Plus ",0.00,0.00,Android,174,4.60,4167,2
2826,OPPO,F1 Plus,Gold,4,64,True,4.00,27500.00,27500.00,OPPO F1 Plus,0.00,0.00,Android,804,6.20,3056,692
2827,Infinix,Hot 10,Amber Red,4,64,True,4.40,11999.00,11999.00,Infinix Hot 10,0.00,0.00,Android,283,6.60,3547,280
2828,Xiaomi,"REDMI 9 Power ",Mighty Black,4,64,True,4.40,11499.00,13999.00,"Xiaomi REDMI 9 Power ",2500.00,17.86,Android,509,7.00,3527,195
2829,IQOO,3," Tornado Black",12,256,True,4.40,39990.00,46990.00,IQOO 3,7000.00,14.90,Android,273,6.20,3696,46
2830,OPPO,A3s,Purple,4,64,True,4.30,15000.00,15000.00,OPPO A3s,0.00,0.00,Android,256,6.30,4066,237
2831,Apple,"iPhone 13 Mini ",Starlight,6,512,True,0.00,99900.00,99900.00,"Apple iPhone 13 Mini ",0.00,0.00,IOS,900,6.70,3702,273
2832,Apple,"iPhone 11 Pro ",Gold,4,256,True,4.60,121300.00,121300.00,"Apple iPhone 11 Pro ",0.00,0.00,IOS,74,6.30,3975,23
2833,SAMSUNG,Metro 313,Black,0,0,True,4.20,2282.00,2282.00,SAMSUNG Metro 313,0.00,0.00,Android,753,6.30,5736,574
2834,realme,"Narzo 50A ",Oxygen Blue,4,32,True,4.40,12499.00,13999.00,"realme Narzo 50A ",1500.00,10.72,Android,640,4.80,5118,389
2835,realme,"X3 SuperZoom ",Arctic White,12,256,True,4.20,32999.00,34999.00,"realme X3 SuperZoom ",2000.00,5.71,Android,519,4.90,3733,387
2836,SAMSUNG,"Galaxy J2 ",White,1,8,True,4.10,6799.00,6799.00,"SAMSUNG Galaxy J2 ",0.00,0.00,Android,616,5.70,5716,465
2837,SAMSUNG,"Galaxy S7 ",Silver Titanium,4,32,True,4.40,23500.00,45500.00,"SAMSUNG Galaxy S7 ",22000.00,48.35,Android,877,6.30,2800,767
2838,Lenovo,"K8 Note ",Venom Black,4,64,True,4.10,12999.00,12999.00,"Lenovo K8 Note ",0.00,0.00,Android,31,6.30,5427,31
2839,ASUS,"Zenfone Max Pro M1 ",Grey,6,64,True,4.30,17999.00,17999.00,"ASUS Zenfone Max Pro M1 ",0.00,0.00,Android,357,5.00,4205,350
2840,Apple,"iPhone 13 Mini ",Starlight,4,256,True,0.00,79900.00,79900.00,"Apple iPhone 13 Mini ",0.00,0.00,IOS,982,6.40,5065,669
2841,Lenovo,"P2 ",Grey,4,32,True,4.30,17999.00,17999.00,"Lenovo P2 ",0.00,0.00,Android,280,5.50,2960,122
2842,SAMSUNG,"Galaxy J6 Plus ",Black,4,64,True,4.30,14000.00,14000.00,"SAMSUNG Galaxy J6 Plus ",0.00,0.00,Android,313,5.20,2079,51
2843,SAMSUNG,"Galaxy A72 ",Awesome Black,8,256,True,4.30,37999.00,43999.00,"SAMSUNG Galaxy A72 ",6000.00,13.64,Android,277,6.60,5048,22
2844,Infinix,Hot 9 Pro,Violet,4,64,True,4.40,12999.00,12999.00,Infinix Hot 9 Pro,0.00,0.00,Android,600,5.70,4936,239
2845,ASUS,"Zenfone Max Pro M1 ",Grey,3,32,True,4.30,13199.00,13199.00,"ASUS Zenfone Max Pro M1 ",0.00,0.00,Android,289,6.30,3006,232
2846,Motorola,"G60 ",Frosted Champagne,6,128,True,4.20,17999.00,21999.00,"Motorola G60 ",4000.00,18.18,Android,564,6.30,3669,48
2847,Apple,"iPhone SE ",Black,2,256,True,4.50,54900.00,54900.00,"Apple iPhone SE ",0.00,0.00,IOS,114,6.20,4729,102
2848,SAMSUNG,"Galaxy M30S ",Black,4,128,True,4.30,15499.00,17999.00,"SAMSUNG Galaxy M30S ",2500.00,13.89,Android,686,5.40,2485,586
2849,GIONEE,"Ctrl V5 ",White,8,0,True,3.80,4790.00,4790.00,"GIONEE Ctrl V5 ",0.00,0.00,Android,572,6.80,3683,72
2850,OPPO,A16k,White,3,32,True,4.10,10490.00,10490.00,OPPO A16k,0.00,0.00,Android,358,6.90,5132,254
2851,realme,"X3 ",Arctic White,8,128,True,4.40,25999.00,27999.00,"realme X3 ",2000.00,7.14,Android,1000,5.30,3674,769
2852,Motorola,X4,Super Black,4,64,True,4.30,23999.00,23999.00,Motorola X4,0.00,0.00,Android,624,5.80,2414,609
2853,Infinix,Hot 11S,Polar Black,4,128,True,4.30,11999.00,14999.00,Infinix Hot 11S,3000.00,20.00,Android,216,5.10,2402,67
2854,SAMSUNG,"Galaxy A12 ",White,4,128,True,4.20,14999.00,14999.00,"SAMSUNG Galaxy A12 ",0.00,0.00,Android,139,4.80,2248,131
2855,Google Pixel,"3 XL ",Just Black,4,64,True,4.60,83000.00,83000.00,"Google Pixel 3 XL ",0.00,0.00,Android,73,5.80,2450,34
2856,SAMSUNG,"Galaxy A31 ",Prism Crush Black,6,128,True,4.30,18999.00,18999.00,"SAMSUNG Galaxy A31 ",0.00,0.00,Android,902,4.80,3967,388
2857,Apple,"iPhone 7 Plus ",Gold,3,128,True,4.50,42900.00,42900.00,"Apple iPhone 7 Plus ",0.00,0.00,IOS,708,5.20,5848,135
2858,Lenovo,"K8 Note ",Fine Gold,4,64,True,4.10,8499.00,8499.00,"Lenovo K8 Note ",0.00,0.00,Android,816,5.20,5275,763
2859,SAMSUNG,"Galaxy S9 ",Coral Blue,4,64,True,4.40,62500.00,62500.00,"SAMSUNG Galaxy S9 ",0.00,0.00,Android,610,5.40,2696,380
2860,Xiaomi,"Mi Max 2 ",Black,4,64,True,4.40,13990.00,13990.00,"Xiaomi Mi Max 2 ",0.00,0.00,Android,212,6.60,2859,155
2861,SAMSUNG,"Galaxy F02s ",Diamond White,4,64,True,4.20,10499.00,11499.00,"SAMSUNG Galaxy F02s ",1000.00,8.70,Android,69,6.30,2879,30
2862,realme,"X2 ",Pearl White,4,64,True,4.50,17999.00,17999.00,"realme X2 ",0.00,0.00,Android,175,6.50,5601,63
2863,Motorola,G5 Plus,Lunar Grey,3,32,True,3.70,10999.00,10999.00,Motorola G5 Plus,0.00,0.00,Android,958,6.90,5614,743
2864,Xiaomi,"Redmi Note 6 Pro ",Rose Gold,6,64,True,4.30,14999.00,14999.00,"Xiaomi Redmi Note 6 Pro ",0.00,0.00,Android,105,6.50,3264,104
2865,Infinix,Smart 4 Plus,Violet,3,32,True,4.40,9999.00,9999.00,Infinix Smart 4 Plus,0.00,0.00,Android,876,4.60,5298,145
2866,SAMSUNG,"Galaxy J2 - 2016 ",Silver,0,8,True,4.00,7200.00,7200.00,"SAMSUNG Galaxy J2 - 2016 ",0.00,0.00,Android,368,4.80,3751,99
2867,ASUS,"Zenfone Max ZC550KL ",Orange,3,32,True,4.10,8690.00,8690.00,"ASUS Zenfone Max ZC550KL ",0.00,0.00,Android,823,6.10,3663,372
2868,SAMSUNG,"Galaxy A50s ",Prism Crush White,4,128,True,4.30,14999.00,24900.00,"SAMSUNG Galaxy A50s ",9901.00,39.76,Android,20,4.90,4454,11
2869,SAMSUNG,"Galaxy A7-2017 ",Gold Sand,3,32,True,3.80,25900.00,25900.00,"SAMSUNG Galaxy A7-2017 ",0.00,0.00,Android,48,6.40,4956,30
2870,OPPO,F19s,Glowing Black,6,128,True,0.00,19990.00,22990.00,OPPO F19s,3000.00,13.05,Android,517,4.90,5675,392
2871,SAMSUNG,"Galaxy A22 5G ",Grey,6,128,True,4.30,19979.00,22498.00,"SAMSUNG Galaxy A22 5G ",2519.00,11.20,Android,401,5.60,4009,319
2872,SAMSUNG,"Galaxy S7 Edge ",Blue Coral,4,32,True,4.40,41900.00,41900.00,"SAMSUNG Galaxy S7 Edge ",0.00,0.00,Android,270,5.60,5933,263
2873,Apple,"iPhone XS ",Silver,4,256,True,4.70,76999.00,103900.00,"Apple iPhone XS ",26901.00,25.89,IOS,188,4.90,4059,28
2874,vivo,"Y20A ",Dawn White,4,128,True,4.40,20600.00,20600.00,"vivo Y20A ",0.00,0.00,Android,196,6.10,4202,11
2875,Apple,iPhone 13 Pro Max,Sierra Blue,4,256,True,4.70,139900.00,139900.00,Apple iPhone 13 Pro Max,0.00,0.00,IOS,359,4.70,2912,80
2876,vivo,V9,Sapphire Blue,4,64,True,4.50,23400.00,23990.00,vivo V9,590.00,2.46,Android,980,5.70,3741,151
2877,realme,"C21Y ",Cross Blue,3,32,True,0.00,8999.00,9999.00,"realme C21Y ",1000.00,10.00,Android,781,4.70,4800,28
2878,SAMSUNG,"Galaxy J2 Core ",Black,1,16,True,4.20,6999.00,6999.00,"SAMSUNG Galaxy J2 Core ",0.00,0.00,Android,679,5.90,4501,631
2879,Xiaomi,"Mi A2 ",Black,6,128,True,3.80,14949.00,14949.00,"Xiaomi Mi A2 ",0.00,0.00,Android,532,4.60,5448,81
2880,OPPO,F3 Plus,Black,4,64,True,4.30,30990.00,30990.00,OPPO F3 Plus,0.00,0.00,Android,987,5.60,2687,441
2881,Apple,"iPhone 11 ",Yellow,4,128,True,4.60,54900.00,54900.00,"Apple iPhone 11 ",0.00,0.00,IOS,487,6.20,5142,418
2882,realme,"5 Pro ",Sparkling Blue,6,64,True,4.50,14999.00,15999.00,"realme 5 Pro ",1000.00,6.25,Android,414,6.80,3378,91
2883,Lenovo,"Vibe Shot ",Grey,3,32,True,3.70,9799.00,9799.00,"Lenovo Vibe Shot ",0.00,0.00,Android,976,7.00,4656,745
2884,vivo,S2,Diamond Black,4,128,True,5.00,19990.00,19990.00,vivo S2,0.00,0.00,Android,753,6.30,2210,426
2885,SAMSUNG,"Galaxy S6 Edge ",White Pearl,3,64,True,4.00,53900.00,53900.00,"SAMSUNG Galaxy S6 Edge ",0.00,0.00,Android,932,5.10,4691,782
2886,OPPO,R1 R829,White,1,16,True,3.00,21452.00,21452.00,OPPO R1 R829,0.00,0.00,Android,648,4.70,2558,613
2887,Motorola,"G9 Power ",Electric Violet,4,64,True,4.10,11999.00,15999.00,"Motorola G9 Power ",4000.00,25.00,Android,300,5.70,2633,256
2888,LG,"K-10 ",Black Blue,2,16,True,4.00,7799.00,7799.00,"LG K-10 ",0.00,0.00,Android,408,4.60,4744,352
2889,realme,"X2 Pro ",Neptune Blue,8,128,True,4.50,31999.00,31999.00,"realme X2 Pro ",0.00,0.00,Android,897,5.10,4458,494
2890,ASUS,"ZenFone Lite L1 ",Black,2,16,True,4.20,7199.00,7199.00,"ASUS ZenFone Lite L1 ",0.00,0.00,Android,213,6.30,5510,93
2891,OPPO,A57,Gold,3,32,True,4.20,18000.00,18000.00,OPPO A57,0.00,0.00,Android,411,5.70,4687,109
2892,OPPO,F11 Pro,Thunder Black,6,64,True,4.50,16990.00,28990.00,OPPO F11 Pro,12000.00,41.39,Android,753,5.80,5261,626
2893,GIONEE,"A1 Lite ",Gold,3,32,True,3.90,11499.00,11499.00,"GIONEE A1 Lite ",0.00,0.00,Android,174,5.10,2920,86
2894,Lenovo,"K3 Note Music ",Yellow,2,16,True,3.70,9795.00,9795.00,"Lenovo K3 Note Music ",0.00,0.00,Android,547,6.50,3059,14
2895,Apple,"iPhone 7 Plus ",Black,3,256,True,4.50,85400.00,85400.00,"Apple iPhone 7 Plus ",0.00,0.00,IOS,577,5.90,3818,174
2896,SAMSUNG,"Galaxy J8 ",Blue,4,64,True,4.40,18990.00,18990.00,"SAMSUNG Galaxy J8 ",0.00,0.00,Android,641,6.40,2310,129
2897,SAMSUNG,"Galaxy M40 ",Seawater Blue,6,128,True,4.10,19999.00,19999.00,"SAMSUNG Galaxy M40 ",0.00,0.00,Android,503,6.80,5942,440
2898,Apple,iPhone 13 Pro Max,Alpine Green,4,256,True,4.70,139900.00,139900.00,Apple iPhone 13 Pro Max,0.00,0.00,IOS,942,6.80,2843,289
2899,SAMSUNG,"Galaxy A30 ",Blue,4,64,True,4.40,18000.00,18000.00,"SAMSUNG Galaxy A30 ",0.00,0.00,Android,301,6.50,4640,128
2900,vivo,T1 5G,Rainbow Fantasy,6,128,True,0.00,16990.00,20990.00,vivo T1 5G,4000.00,19.06,Android,308,4.80,3943,275
2901,Apple,"iPhone XR ",Yellow,3,128,True,4.60,47999.00,52900.00,"Apple iPhone XR ",4901.00,9.26,IOS,151,4.80,5704,21
2902,SAMSUNG,"Galaxy J6 ",Gold,4,64,True,4.50,14990.00,14990.00,"SAMSUNG Galaxy J6 ",0.00,0.00,Android,557,5.20,4806,275
2903,vivo,"Y20A ",Nebula Blue,3,64,True,4.40,36990.00,36990.00,"vivo Y20A ",0.00,0.00,Android,883,6.80,3031,659
2904,SAMSUNG,"Galaxy A52 ",Awesome Black,8,128,True,4.40,28999.00,31999.00,"SAMSUNG Galaxy A52 ",3000.00,9.38,Android,254,5.60,2984,48
2905,GIONEE,"F9 Plus ",Blue,3,32,True,4.10,9490.00,9490.00,"GIONEE F9 Plus ",0.00,0.00,Android,585,4.60,4266,289
2906,SAMSUNG,Metro 313 Dual Sim,Black,0,0,True,4.20,2025.00,2025.00,SAMSUNG Metro 313 Dual Sim,0.00,0.00,Android,608,5.90,5685,10
2907,Lenovo,"K8 ",Fine Gold,3,32,True,4.10,6990.00,6990.00,"Lenovo K8 ",0.00,0.00,Android,126,5.90,4960,109
2908,realme,1,Moonlight Silver,3,32,True,0.00,10999.00,12990.00,realme 1,1991.00,15.33,Android,61,6.50,2595,34
2909,OPPO,A53,Mint Cream,4,64,True,4.50,11990.00,15990.00,OPPO A53,4000.00,25.02,Android,852,4.90,3913,490
2910,SAMSUNG,"Galaxy S6 Edge ",Black,3,64,True,4.00,39999.00,39999.00,"SAMSUNG Galaxy S6 Edge ",0.00,0.00,Android,947,4.80,5301,380
2911,realme,"Narzo 20 ",Glory Silver,4,128,True,4.30,11499.00,13999.00,"realme Narzo 20 ",2500.00,17.86,Android,95,5.90,4824,30
2912,SAMSUNG,"Galaxy A52 ",Awesome Blue,6,128,True,4.30,27810.00,27810.00,"SAMSUNG Galaxy A52 ",0.00,0.00,Android,121,4.90,3054,76
2913,Apple,"iPhone XR ",Coral,3,64,True,4.60,42999.00,47900.00,"Apple iPhone XR ",4901.00,10.23,IOS,675,5.90,2172,365
2914,Infinix,Smart 2,City Blue,3,32,True,4.10,7946.00,7999.00,Infinix Smart 2,53.00,0.66,Android,483,5.80,2453,111
2915,Xiaomi,"Mi 10T ",Cosmic Black,8,128,True,4.40,34999.00,42999.00,"Xiaomi Mi 10T ",8000.00,18.61,Android,15,6.90,4258,9
2916,SAMSUNG,"Galaxy Z Flip3 5G ",Cream,8,256,True,4.30,88999.00,99999.00,"SAMSUNG Galaxy Z Flip3 5G ",11000.00,11.00,Android,880,4.60,3417,266
2917,SAMSUNG,"Galaxy J7 Prime 2 ",Gold,3,32,True,4.30,14990.00,14990.00,"SAMSUNG Galaxy J7 Prime 2 ",0.00,0.00,Android,307,4.80,5871,93
2918,Apple,"iPhone 12 ",White,4,64,True,4.60,63999.00,65900.00,"Apple iPhone 12 ",1901.00,2.88,IOS,673,6.70,2655,566
2919,Infinix,Hot 7,Mocha Brown,4,64,True,4.20,9999.00,9999.00,Infinix Hot 7,0.00,0.00,Android,92,5.40,3785,66
2920,SAMSUNG,"Galaxy A50s ",Prism Crush Black,4,128,True,4.30,14999.00,24900.00,"SAMSUNG Galaxy A50s ",9901.00,39.76,Android,557,5.00,5374,308
2921,SAMSUNG,"Galaxy S21 Ultra ",Phantom Black,16,512,True,4.30,116999.00,139999.00,"SAMSUNG Galaxy S21 Ultra ",23000.00,16.43,Android,368,6.10,2957,50
2922,realme,"C15 ",Power Silver,4,64,True,4.40,10999.00,12999.00,"realme C15 ",2000.00,15.39,Android,862,5.40,3843,693
2923,realme,"3i ",Diamond Black,4,64,True,4.40,10499.00,10999.00,"realme 3i ",500.00,4.55,Android,896,5.60,2949,535
2924,Apple,"iPhone 11 Pro ",Silver,4,512,True,4.60,140300.00,140300.00,"Apple iPhone 11 Pro ",0.00,0.00,IOS,729,5.70,2974,235
2925,LG,"W41 ",Magic Blue,4,64,True,4.00,8499.00,16000.00,"LG W41 ",7501.00,46.88,Android,618,6.80,2139,31
2926,realme,"Narzo 50i ",Mint Green,2,32,True,4.30,7499.00,7999.00,"realme Narzo 50i ",500.00,6.25,Android,832,5.00,4871,139
2927,Apple,"iPhone XS ",Gold,4,256,True,4.70,76999.00,103900.00,"Apple iPhone XS ",26901.00,25.89,IOS,492,5.50,3133,391
2928,Apple,"iPhone 6s Plus ",Space Grey,2,16,True,4.40,72000.00,72000.00,"Apple iPhone 6s Plus ",0.00,0.00,IOS,208,4.70,5706,137
2929,realme,"Narzo 10A ",So White,3,32,True,4.50,8999.00,9999.00,"realme Narzo 10A ",1000.00,10.00,Android,596,4.50,4454,556
2930,Apple,"iPhone 11 ",Red,4,64,True,4.60,49900.00,49900.00,"Apple iPhone 11 ",0.00,0.00,IOS,371,6.50,5749,253
2931,SAMSUNG,"Galaxy A52s 5G ",Awesome Violet,6,128,True,4.30,35999.00,38999.00,"SAMSUNG Galaxy A52s 5G ",3000.00,7.69,Android,473,6.20,3721,26
2932,Nokia,215,Black,0,0,True,4.10,2200.00,2200.00,Nokia 215,0.00,0.00,Android,468,4.70,3821,6
2933,HTC,Desire 526G Plus,Glossy Black,1,16,True,4.00,9900.00,9900.00,HTC Desire 526G Plus,0.00,0.00,Android,993,4.60,5885,40
2934,HTC,620G,Milkyway Grey,1,16,True,4.10,23999.00,23999.00,HTC 620G,0.00,0.00,Android,336,4.90,2209,142
2935,Apple,"iPhone 11 ",Purple,4,128,True,4.60,54900.00,54900.00,"Apple iPhone 11 ",0.00,0.00,IOS,382,6.50,3558,184
2936,Apple,"iPhone 6s Plus ",Silver,2,16,True,4.40,49999.00,49999.00,"Apple iPhone 6s Plus ",0.00,0.00,IOS,191,5.50,4520,39
2937,Apple,"iPhone 13 Pro ",Gold,6,0,True,0.00,169900.00,169900.00,"Apple iPhone 13 Pro ",0.00,0.00,IOS,570,6.90,2831,411
2938,Lenovo,"K10 Plus ",Black,4,64,True,4.10,13999.00,13999.00,"Lenovo K10 Plus ",0.00,0.00,Android,803,6.30,4002,333
2939,SAMSUNG,"Galaxy A22 ",Black,6,128,True,4.30,18499.00,20499.00,"SAMSUNG Galaxy A22 ",2000.00,9.76,Android,144,6.90,3035,8
2940,SAMSUNG,"Galaxy S10 ",Prism Black,8,128,True,4.60,39999.00,71000.00,"SAMSUNG Galaxy S10 ",31001.00,43.66,Android,370,6.30,4733,354
2941,SAMSUNG,"Galaxy A12 ",White,6,128,True,3.90,14999.00,14999.00,"SAMSUNG Galaxy A12 ",0.00,0.00,Android,668,5.80,5775,434
2942,SAMSUNG,Metro 350,Black,0,0,True,4.10,3062.00,3062.00,SAMSUNG Metro 350,0.00,0.00,Android,188,5.50,4640,129
2943,Apple,"iPhone 7 ",Black,2,32,True,4.50,24999.00,31500.00,"Apple iPhone 7 ",6501.00,20.64,IOS,797,7.00,3554,664
2944,ASUS,ROG 5s,Storm White,12,256,True,0.00,57999.00,63999.00,ASUS ROG 5s,6000.00,9.38,Android,850,6.00,5761,256
2945,Apple,iPhone 13 Pro Max,Silver,4,256,True,4.70,139900.00,139900.00,Apple iPhone 13 Pro Max,0.00,0.00,IOS,2,5.60,3320,1
2946,SAMSUNG,"Galaxy Z Fold3 5G ",Phantom Black,12,256,True,4.40,149999.00,171999.00,"SAMSUNG Galaxy Z Fold3 5G ",22000.00,12.79,Android,188,6.40,3884,105
2947,Nokia,"Asha 311 ",Dark Grey,0,0,True,4.00,5999.00,6879.00,"Nokia Asha 311 ",880.00,12.79,Android,100,5.70,4484,37
2948,GIONEE,"F10 Plus ",Oxford Blue,3,32,True,0.00,8590.00,8590.00,"GIONEE F10 Plus ",0.00,0.00,Android,160,6.10,4707,25
2949,HTC,"One M8 ",Gunmetal Grey,2,16,True,4.40,59900.00,59900.00,"HTC One M8 ",0.00,0.00,Android,52,5.50,4991,33
2950,SAMSUNG,"M31s ",Mirage Blue,8,128,True,4.30,21950.00,21950.00,"SAMSUNG M31s ",0.00,0.00,Android,27,6.40,4383,3
2951,Xiaomi,"Redmi Note 7 Pro ",Blue,4,64,True,4.50,14450.00,14899.00,"Xiaomi Redmi Note 7 Pro ",449.00,3.01,Android,492,4.60,2955,288
2952,POCO,X2 Special Edition,Atlantic Blue,6,128,True,4.50,15999.00,19999.00,POCO X2 Special Edition,4000.00,20.00,Android,833,5.00,4395,545
2953,Xiaomi,"Redmi Note 9 Pro ",Champagne Gold,4,128,True,4.50,15998.00,15998.00,"Xiaomi Redmi Note 9 Pro ",0.00,0.00,Android,887,5.70,2137,212
2954,SAMSUNG,Metro XL,Black,0,0,True,4.20,3271.00,3271.00,SAMSUNG Metro XL,0.00,0.00,Android,574,6.00,2510,555
2955,SAMSUNG,"Galaxy A10s ",Green,2,32,True,4.40,9840.00,9840.00,"SAMSUNG Galaxy A10s ",0.00,0.00,Android,302,5.30,2136,8
2956,Apple,"iPhone 11 Pro Max ",Midnight Green,4,64,True,4.70,117100.00,117100.00,"Apple iPhone 11 Pro Max ",0.00,0.00,IOS,171,6.60,4145,7
2957,Xiaomi,"Redmi K20 ",Flame Red,6,128,True,4.50,21349.00,21349.00,"Xiaomi Redmi K20 ",0.00,0.00,Android,982,5.60,3548,287
2958,Nokia,7.2,Cyan Green,4,64,True,4.10,19999.00,19999.00,Nokia 7.2,0.00,0.00,Android,132,4.70,4250,66
2959,realme,"8 Pro ",Infinite Black,6,128,True,4.30,17999.00,19999.00,"realme 8 Pro ",2000.00,10.00,Android,636,5.30,5308,462
2960,SAMSUNG,"Galaxy A20 ",Black,3,32,True,4.30,11490.00,12900.00,"SAMSUNG Galaxy A20 ",1410.00,10.93,Android,34,4.80,5381,6
2961,vivo,Z1x,Fusion Blue,6,64,True,4.50,19990.00,19990.00,vivo Z1x,0.00,0.00,Android,613,6.60,3706,468
2962,Infinix,S4,Nebula Blue,4,64,True,4.30,10999.00,10999.00,Infinix S4,0.00,0.00,Android,852,5.20,3233,226
2963,Xiaomi,"Redmi 6A ",Gold,2,32,True,4.30,7499.00,7499.00,"Xiaomi Redmi 6A ",0.00,0.00,Android,495,6.40,2462,168
2964,SAMSUNG,"Galaxy M32 5G ",Sky Blue,8,128,True,0.00,24998.00,24998.00,"SAMSUNG Galaxy M32 5G ",0.00,0.00,Android,913,6.30,4773,348
2965,SAMSUNG,"Galaxy A22 ",Mint,6,128,True,4.30,16999.00,19499.00,"SAMSUNG Galaxy A22 ",2500.00,12.82,Android,727,6.70,2125,11
2966,OPPO,Reno2 F,Sky White,8,128,True,4.40,21990.00,28990.00,OPPO Reno2 F,7000.00,24.15,Android,923,5.50,4401,186
2967,Nokia,"Lumia 920 ",Black,1,32,True,4.30,40699.00,40699.00,"Nokia Lumia 920 ",0.00,0.00,Android,913,6.70,2211,151
2968,realme,"Narzo 30 Pro 5G ",Sword Black,8,128,True,4.30,19999.00,21999.00,"realme Narzo 30 Pro 5G ",2000.00,9.09,Android,825,4.50,4690,312
2969,vivo,X50 Pro,Alpha Grey,8,256,True,4.50,54990.00,54990.00,vivo X50 Pro,0.00,0.00,Android,818,6.40,3176,328
2970,GIONEE,"S Plus ",White,3,16,True,3.70,5555.00,5555.00,"GIONEE S Plus ",0.00,0.00,Android,341,7.00,3412,151
2971,SAMSUNG,"Galaxy F22 ",Denim Blue,6,128,True,4.30,14999.00,16999.00,"SAMSUNG Galaxy F22 ",2000.00,11.77,Android,364,5.40,3848,314
2972,Infinix,Note 10,Emerald Green,4,64,True,4.20,10999.00,13999.00,Infinix Note 10,3000.00,21.43,Android,684,6.50,5446,575
2973,SAMSUNG,"Galaxy A80 ",Ghost White,8,128,True,4.40,29899.00,29899.00,"SAMSUNG Galaxy A80 ",0.00,0.00,Android,69,5.80,3234,40
2974,Nokia,3,Matte Black,2,16,True,3.90,5290.00,5290.00,Nokia 3,0.00,0.00,Android,847,6.50,2940,542
2975,OPPO,A15S,Fancy white,4,128,True,4.30,13489.00,13489.00,OPPO A15S,0.00,0.00,Android,701,5.10,3786,312
2976,ASUS,"Zenfone Go 4.5 ",Black,1,8,True,3.90,5299.00,5299.00,"ASUS Zenfone Go 4.5 ",0.00,0.00,Android,827,5.40,5380,187
2977,Xiaomi,Redmi Note 11T 5G,Aquamarine Blue,6,128,True,4.20,18778.00,18990.00,Xiaomi Redmi Note 11T 5G,212.00,1.12,Android,724,6.30,5345,227
2978,GIONEE,"S6 Pro ",Gold,4,64,True,3.60,7997.00,7997.00,"GIONEE S6 Pro ",0.00,0.00,Android,743,5.40,2871,122
2979,ASUS,Zenfone Go 2nd Gen,Red,1,8,True,3.70,5299.00,5299.00,ASUS Zenfone Go 2nd Gen,0.00,0.00,Android,893,5.80,3701,278
2980,vivo,V9,Gold,4,64,True,4.50,20990.00,20990.00,vivo V9,0.00,0.00,Android,971,5.90,5649,166
2981,Infinix,Smart 2,City Blue,2,16,True,4.10,6949.00,6999.00,Infinix Smart 2,50.00,0.71,Android,81,6.50,2070,35
2982,Nokia,106,Black,0,0,True,4.20,1560.00,1560.00,Nokia 106,0.00,0.00,Android,687,5.30,5203,70
2983,HTC,Desire 210,Black,0,4,True,3.60,9990.00,9990.00,HTC Desire 210,0.00,0.00,Android,360,6.20,2050,181
2984,SAMSUNG,"Galaxy F22 ",Denim Blue,4,64,True,4.30,12999.00,14999.00,"SAMSUNG Galaxy F22 ",2000.00,13.33,Android,7,6.50,5706,2
2985,HTC,Desire 826 DS,Blue Lagoon,2,16,True,3.70,26999.00,26999.00,HTC Desire 826 DS,0.00,0.00,Android,107,5.50,3572,9
2986,Nokia,5.4,Dusk,6,64,True,3.90,14499.00,18499.00,Nokia 5.4,4000.00,21.62,Android,459,4.80,2524,268
2987,SAMSUNG,"Galaxy M11 ",Violet,4,64,True,4.30,11699.00,11699.00,"SAMSUNG Galaxy M11 ",0.00,0.00,Android,168,6.30,5181,59
2988,vivo,Y21T,Pearl White,4,128,True,4.10,16490.00,19990.00,vivo Y21T,3500.00,17.51,Android,910,6.90,3259,669
2989,SAMSUNG,"Galaxy Core Prime G361 Dual Sim - White ",White,1,8,True,3.70,7999.00,7999.00,"SAMSUNG Galaxy Core Prime G361 Dual Sim - White ",0.00,0.00,Android,22,4.60,5738,22
2990,POCO,X2,Matrix Purple,8,256,True,4.50,21499.00,22999.00,POCO X2,1500.00,6.52,Android,590,6.70,4699,92
2991,SAMSUNG,"Galaxy M40 ",COCKTAIL ORANGE,6,128,True,4.10,15490.00,15490.00,"SAMSUNG Galaxy M40 ",0.00,0.00,Android,451,6.00,3133,235
2992,GIONEE,S96,Black,0,0,True,3.90,2490.00,2490.00,GIONEE S96,0.00,0.00,Android,55,4.80,2140,19
2993,SAMSUNG,"Galaxy A22 5G ",Violet,8,128,True,4.20,22450.00,22450.00,"SAMSUNG Galaxy A22 5G ",0.00,0.00,Android,858,6.20,3371,48
2994,vivo,"Y20 ",Purist Blue,4,32,True,4.40,19490.00,22990.00,"vivo Y20 ",3500.00,15.22,Android,895,5.20,4429,276
2995,realme,"C21Y ",Cross Black,4,64,True,4.40,9999.00,10999.00,"realme C21Y ",1000.00,9.09,Android,982,5.40,4398,433
2996,Infinix,Hot S3,"Bordeaux Red ",3,32,True,4.20,9999.00,9999.00,Infinix Hot S3,0.00,0.00,Android,183,6.90,5909,67
2997,GIONEE,"Max ",Royal Blue,2,32,True,4.10,6299.00,7990.00,"GIONEE Max ",1691.00,21.16,Android,966,5.60,3883,693
2998,SAMSUNG,"Galaxy S21 ",Phantom Violet,8,256,True,4.30,73999.00,87999.00,"SAMSUNG Galaxy S21 ",14000.00,15.91,Android,942,4.80,5065,867
2999,OPPO,A9 2020,Vanilla Mint,8,128,True,4.30,15990.00,21990.00,OPPO A9 2020,6000.00,27.29,Android,859,6.70,3242,445
3000,Lenovo,"S930 ",Silver,1,8,True,4.30,13604.00,13604.00,"Lenovo S930 ",0.00,0.00,Android,634,5.90,4603,576
3001,SAMSUNG,"Galaxy M30s ",Black,4,64,True,4.30,14069.00,15500.00,"SAMSUNG Galaxy M30s ",1431.00,9.23,Android,401,6.20,3040,227
3002,Lenovo,"Vibe P1 Turbo ",Grey,3,32,True,3.70,9229.00,9229.00,"Lenovo Vibe P1 Turbo ",0.00,0.00,Android,63,5.30,5099,32
3003,SAMSUNG,"Galaxy S20+ ",Cloud Blue,8,128,True,4.40,54999.00,83000.00,"SAMSUNG Galaxy S20+ ",28001.00,33.74,Android,113,6.90,3623,25
3004,LG,"Q7+ ",Black,4,64,True,3.20,11849.00,18990.00,"LG Q7+ ",7141.00,37.60,Android,532,4.80,4303,403
3005,Motorola,G5,Frosted Silver,6,128,True,4.20,20999.00,24999.00,Motorola G5,4000.00,16.00,Android,221,6.10,4899,66
3006,ASUS,"Zenfone Go ",Silver Blue,1,8,True,3.80,5699.00,5699.00,"ASUS Zenfone Go ",0.00,0.00,Android,987,4.90,3491,176
3007,SAMSUNG,B350,Black,0,0,True,4.00,3000.00,3000.00,SAMSUNG B350,0.00,0.00,Android,333,7.00,3541,157
3008,ASUS,"Zenfone Max Pro M1 ",Black,4,64,True,4.30,15599.00,15599.00,"ASUS Zenfone Max Pro M1 ",0.00,0.00,Android,457,4.70,4023,90
3009,Xiaomi,"Redmi Y2 ",Rose Gold,4,64,True,0.00,10999.00,10999.00,"Xiaomi Redmi Y2 ",0.00,0.00,Android,792,7.00,5347,603
3010,SAMSUNG,"Galaxy A03s ",Black,4,64,True,4.20,12499.00,14499.00,"SAMSUNG Galaxy A03s ",2000.00,13.79,Android,84,5.10,4258,60
3011,Apple,"iPhone XR ",Red,3,64,True,4.60,42999.00,47900.00,"Apple iPhone XR ",4901.00,10.23,IOS,909,5.10,5236,130
3012,SAMSUNG,"Galaxy A12 ",Blue,4,64,True,4.20,15999.00,15999.00,"SAMSUNG Galaxy A12 ",0.00,0.00,Android,702,5.50,4976,236
3013,HTC,One 802D,Silver,2,32,True,4.10,59590.00,59590.00,HTC One 802D,0.00,0.00,Android,414,4.60,5822,306
3014,SAMSUNG,"Galaxy J5 - 6 New 2016 Edition) ",White,2,16,True,4.20,10990.00,10990.00,"SAMSUNG Galaxy J5 - 6 New 2016 Edition) ",0.00,0.00,Android,482,6.70,4394,304
3015,Apple,"iPhone 12 Mini ",Purple,4,64,True,4.50,56999.00,59900.00,"Apple iPhone 12 Mini ",2901.00,4.84,IOS,156,6.80,2747,88
3016,Apple,"iPhone 6s ",Space Grey,2,32,True,4.50,25299.00,29900.00,"Apple iPhone 6s ",4601.00,15.39,IOS,974,5.00,2258,452
3017,Xiaomi,"REDMI 9i ",Midnight Black,4,64,True,4.20,8799.00,9999.00,"Xiaomi REDMI 9i ",1200.00,12.00,Android,346,5.00,5151,48
3018,OPPO,F19 Pro,Fluid Black,8,256,True,4.30,23490.00,25990.00,OPPO F19 Pro,2500.00,9.62,Android,279,5.60,5824,246
3019,SAMSUNG,"Galaxy Core Prime ",Silver,1,8,True,4.10,5490.00,5490.00,"SAMSUNG Galaxy Core Prime ",0.00,0.00,Android,403,6.00,5356,233
3020,Apple,"iPhone 12 Mini ",White,4,256,True,4.50,71999.00,74900.00,"Apple iPhone 12 Mini ",2901.00,3.87,IOS,545,6.40,3215,408
3021,ASUS,"Zenfone Max ",Black,2,32,True,4.10,6999.00,6999.00,"ASUS Zenfone Max ",0.00,0.00,Android,873,4.50,4449,444
3022,LG,"Spirit ",Black Titan,1,8,True,3.80,8000.00,8000.00,"LG Spirit ",0.00,0.00,Android,977,6.30,4684,338
3023,Lenovo,"Z2 Plus ",White,4,64,True,3.80,19999.00,19999.00,"Lenovo Z2 Plus ",0.00,0.00,Android,468,5.70,2313,48
3024,realme,"X ",Polar White,4,128,True,4.50,17999.00,17999.00,"realme X ",0.00,0.00,Android,600,5.10,4168,190
3025,Lenovo,"A1000 ",Black,1,8,True,3.80,3549.00,3549.00,"Lenovo A1000 ",0.00,0.00,Android,616,4.90,5722,374
3026,GIONEE,"F8 Neo ",Blue,2,32,True,3.90,5499.00,5499.00,"GIONEE F8 Neo ",0.00,0.00,Android,410,5.90,2056,202
3027,Nokia,"5.1 Plus ",Black,3,32,True,4.30,13199.00,13199.00,"Nokia 5.1 Plus ",0.00,0.00,Android,981,5.10,2329,212
3028,GIONEE,"F10 ",Black,3,32,True,4.10,6660.00,7990.00,"GIONEE F10 ",1330.00,16.65,Android,975,5.40,5620,335
3029,LG,"G7+ ThinQ ",Blue,6,128,True,4.40,55000.00,55000.00,"LG G7+ ThinQ ",0.00,0.00,Android,535,5.00,4582,496
3030,SAMSUNG,"Galaxy F42 5G ",Matte Aqua,8,128,True,4.10,22999.00,25999.00,"SAMSUNG Galaxy F42 5G ",3000.00,11.54,Android,967,6.50,4295,100
3031,Motorola,E5 Plus,Fine Gold,3,32,True,4.20,11999.00,11999.00,Motorola E5 Plus,0.00,0.00,Android,536,6.00,2797,298
3032,Nokia,220,Black,0,0,True,4.00,2999.00,2999.00,Nokia 220,0.00,0.00,Android,760,5.10,3005,460
3033,Apple,"iPhone 7 Plus ",Silver,3,32,True,4.50,36999.00,37900.00,"Apple iPhone 7 Plus ",901.00,2.38,IOS,765,4.60,3242,425
3034,ASUS,"Zenfone Selfie ",Pink,3,32,True,4.00,17999.00,17999.00,"ASUS Zenfone Selfie ",0.00,0.00,Android,855,6.90,4892,159
3035,GIONEE,"P5_W ",Gold,1,16,True,3.80,4190.00,4190.00,"GIONEE P5_W ",0.00,0.00,Android,205,6.20,2679,36
3036,Motorola,E5,Grey,2,16,True,4.30,12000.00,12000.00,Motorola E5,0.00,0.00,Android,823,4.60,4657,211
3037,Nokia,1,Dark Blue,1,8,True,3.90,4800.00,4800.00,Nokia 1,0.00,0.00,Android,322,5.20,3471,206
3038,SAMSUNG,"Galaxy Note 10 ",Aura Red,8,256,True,4.50,73600.00,75000.00,"SAMSUNG Galaxy Note 10 ",1400.00,1.87,Android,77,5.00,2982,66
3039,OPPO,R1 R829,Black,1,16,True,3.00,24990.00,24990.00,OPPO R1 R829,0.00,0.00,Android,626,5.60,4318,64
3040,OPPO,A52,Stream White,8,128,True,4.30,20990.00,20990.00,OPPO A52,0.00,0.00,Android,480,4.60,5440,421
3041,SAMSUNG,"Galaxy A52 ",Awesome Blue,8,128,True,4.40,28999.00,31999.00,"SAMSUNG Galaxy A52 ",3000.00,9.38,Android,984,5.30,4339,935
3042,vivo,V23 5G,Stardust Black,12,256,True,4.40,34990.00,37990.00,vivo V23 5G,3000.00,7.90,Android,420,4.60,5244,59
3043,vivo,"Y72 5G ",Slate Gray,4,128,True,4.40,21099.00,32990.00,"vivo Y72 5G ",11891.00,36.04,Android,104,5.50,4826,29
3044,realme,"Narzo 20 ",Victory Blue,4,128,True,4.30,11499.00,13999.00,"realme Narzo 20 ",2500.00,17.86,Android,900,6.40,3214,219
3045,SAMSUNG,"M31 ",Ocean Blue,6,128,True,4.30,17845.00,17999.00,"SAMSUNG M31 ",154.00,0.86,Android,264,4.60,3353,159
3046,Apple,"iPhone SE ",Red,2,128,True,4.50,44900.00,44900.00,"Apple iPhone SE ",0.00,0.00,IOS,939,4.50,5729,489
3047,Xiaomi,"Redmi Note 7S ",Astro Moonlight White,4,64,True,4.40,13999.00,13999.00,"Xiaomi Redmi Note 7S ",0.00,0.00,Android,826,4.70,4309,238
3048,Nokia,"3.1 Plus ",Charcoal,3,32,True,4.20,7088.00,12799.00,"Nokia 3.1 Plus ",5711.00,44.62,Android,184,6.30,3679,144
3049,SAMSUNG,"Galaxy M12 ",Black,4,64,True,4.20,11290.00,12490.00,"SAMSUNG Galaxy M12 ",1200.00,9.61,Android,699,5.00,3001,683
3050,SAMSUNG,"Galaxy A50 ",White,4,64,True,4.30,21000.00,21000.00,"SAMSUNG Galaxy A50 ",0.00,0.00,Android,959,6.00,5350,929
3051,Lenovo,"Vibe K5 Note ",Silver,4,32,True,4.10,12499.00,12499.00,"Lenovo Vibe K5 Note ",0.00,0.00,Android,845,6.80,3701,560
3052,OPPO,A31,Fantasy White,4,64,True,4.30,12199.00,12319.00,OPPO A31,120.00,0.97,Android,807,6.70,5941,80
3053,realme,"6i ",Lunar White,6,64,True,4.40,13999.00,15999.00,"realme 6i ",2000.00,12.50,Android,310,6.40,4965,274
3054,Xiaomi,"REDMI 9 Power ",Fiery Red,6,128,True,4.10,13499.00,16999.00,"Xiaomi REDMI 9 Power ",3500.00,20.59,Android,353,5.00,2929,32
3055,Apple,"iPhone 6s ",Rose Gold,2,128,True,4.50,55999.00,55999.00,"Apple iPhone 6s ",0.00,0.00,IOS,916,4.80,4110,450
3056,Infinix,S4,Twilight Purple,3,32,True,4.20,9999.00,9999.00,Infinix S4,0.00,0.00,Android,935,5.00,4367,923
3057,Apple,"iPhone 11 ",Purple,4,128,True,4.60,54900.00,54900.00,"Apple iPhone 11 ",0.00,0.00,IOS,817,4.80,2840,149
3058,SAMSUNG,"Galaxy J1 ",White,0,4,True,4.00,6190.00,6190.00,"SAMSUNG Galaxy J1 ",0.00,0.00,Android,964,5.20,5007,846
3059,Apple,"iPhone 7 ",Red,2,256,True,4.70,74400.00,74400.00,"Apple iPhone 7 ",0.00,0.00,IOS,767,5.60,4446,417
3060,Infinix,Note 10,Black,4,64,True,4.20,10999.00,13999.00,Infinix Note 10,3000.00,21.43,Android,869,4.70,2678,146
3061,Xiaomi,"Redmi Note 7 Pro ",Space Black,6,64,True,4.50,15999.00,15999.00,"Xiaomi Redmi Note 7 Pro ",0.00,0.00,Android,656,6.90,3159,294
3062,vivo,V9 Youth,Gold,4,32,True,4.40,17990.00,17990.00,vivo V9 Youth,0.00,0.00,Android,153,6.60,5916,112
3063,SAMSUNG,"Galaxy A80 ",Phantom Black,8,128,True,4.40,29899.00,29899.00,"SAMSUNG Galaxy A80 ",0.00,0.00,Android,541,5.90,3356,211
3064,OPPO,Reno2,Ocean Blue,8,256,True,4.40,38990.00,39990.00,OPPO Reno2,1000.00,2.50,Android,184,6.30,4239,176
3065,SAMSUNG,"Galaxy M20 ",Charcoal Black,3,32,True,4.30,10848.00,11290.00,"SAMSUNG Galaxy M20 ",442.00,3.91,Android,440,6.80,2506,171
3066,Motorola,X4,Sterling Blue,4,64,True,4.30,23999.00,23999.00,Motorola X4,0.00,0.00,Android,647,6.00,2889,599
3067,realme,"C15 ",Power Blue,4,0,True,4.40,10999.00,12999.00,"realme C15 ",2000.00,15.39,Android,32,5.80,4355,9
3068,vivo,"Y12s ",Glacier Blue,3,32,True,4.40,32990.00,32990.00,"vivo Y12s ",0.00,0.00,Android,322,5.50,4105,24
3069,Apple,"iPhone 12 Pro Max ",Graphite,0,256,True,4.60,129900.00,129900.00,"Apple iPhone 12 Pro Max ",0.00,0.00,IOS,309,6.30,2430,275
3070,Lenovo,"A536 ",Black,1,8,True,3.80,7700.00,7700.00,"Lenovo A536 ",0.00,0.00,Android,736,4.80,2846,658
3071,Infinix,Note 11S Free Fire Edition,Haze Green,8,128,True,4.30,15999.00,18999.00,Infinix Note 11S Free Fire Edition,3000.00,15.79,Android,481,5.10,2632,161
3072,SAMSUNG,"Galaxy M30s ",White,6,128,True,4.10,16999.00,16999.00,"SAMSUNG Galaxy M30s ",0.00,0.00,Android,444,5.60,3544,155
3073,realme,1,Diamond Red,3,32,True,0.00,11900.00,12990.00,realme 1,1090.00,8.39,Android,297,5.30,4799,214
3074,SAMSUNG,"Galaxy A51 ",Prism Crush Blue,8,128,True,4.30,22499.00,29999.00,"SAMSUNG Galaxy A51 ",7500.00,25.00,Android,411,4.90,2071,1
3075,Infinix,Hot 11S,Green Wave,4,128,True,4.30,11999.00,14999.00,Infinix Hot 11S,3000.00,20.00,Android,638,4.90,2115,524
3076,Apple,"iPhone 7 ",Red,2,256,True,4.70,74400.00,74400.00,"Apple iPhone 7 ",0.00,0.00,IOS,858,5.80,5663,447
3077,SAMSUNG,"Galaxy S9 Plus ",Midnight Black,6,128,True,4.50,68900.00,68900.00,"SAMSUNG Galaxy S9 Plus ",0.00,0.00,Android,762,4.50,4531,367
3078,realme,"Narzo 30 Pro 5G ",Blade Silver,8,128,True,4.30,19999.00,21999.00,"realme Narzo 30 Pro 5G ",2000.00,9.09,Android,834,5.20,3496,84
3079,realme,9 5G SE,Azure Glow,6,128,True,4.50,19999.00,24999.00,realme 9 5G SE,5000.00,20.00,Android,40,4.90,5878,10
3080,POCO,X2,Pheonix Red,6,128,True,4.50,15999.00,19999.00,POCO X2,4000.00,20.00,Android,353,5.40,2948,297
3081,Infinix,Hot 7 Pro,Aqua Blue,6,64,True,4.20,10999.00,10999.00,Infinix Hot 7 Pro,0.00,0.00,Android,66,6.50,6000,46
3082,OPPO,Hardik Pandya Limited Editon,Black,4,64,True,4.40,22990.00,22990.00,OPPO Hardik Pandya Limited Editon,0.00,0.00,Android,63,5.90,2616,22
3083,SAMSUNG,Metro 350,Black,0,0,True,4.10,2849.00,2849.00,SAMSUNG Metro 350,0.00,0.00,Android,992,4.90,3218,647
3084,Nokia,108 Dual SIM,Black,0,0,True,4.20,1900.00,1900.00,Nokia 108 Dual SIM,0.00,0.00,Android,189,6.10,5283,124
3085,realme,"C25Y ",Glacier Blue,4,64,True,4.50,10999.00,12999.00,"realme C25Y ",2000.00,15.39,Android,625,4.70,4019,280
3086,SAMSUNG,"Galaxy A20s ",Black,3,32,True,4.30,11599.00,12900.00,"SAMSUNG Galaxy A20s ",1301.00,10.09,Android,803,6.40,2616,338
3087,Xiaomi,"REDMI 9 Prime ",Matte Black,4,64,True,4.40,10499.00,11999.00,"Xiaomi REDMI 9 Prime ",1500.00,12.50,Android,212,6.90,5864,131
3088,Nokia,"6.1 Plus ",Black,6,64,True,4.10,11490.00,17999.00,"Nokia 6.1 Plus ",6509.00,36.16,Android,674,4.70,4251,9
3089,ASUS,"ZenFone 5Z ",Midnight Blue,6,64,True,4.50,32999.00,32999.00,"ASUS ZenFone 5Z ",0.00,0.00,Android,112,4.80,5967,106
3090,Infinix,S5 Pro,Sea Blue,4,64,True,4.40,12999.00,12999.00,Infinix S5 Pro,0.00,0.00,Android,939,4.70,5718,134
3091,realme,"X2 ",Pearl Green,6,128,True,4.50,19999.00,19999.00,"realme X2 ",0.00,0.00,Android,449,6.60,4418,320
3092,Motorola,"G10 Power ",Aurora Grey,4,64,True,4.10,10499.00,12999.00,"Motorola G10 Power ",2500.00,19.23,Android,313,4.60,3950,97
3093,OPPO,A11K,Flowing Silver,2,32,True,4.20,8990.00,10990.00,OPPO A11K,2000.00,18.20,Android,993,6.40,3252,674
3094,ASUS,"ZenFone Max M2 ",Blue,4,64,True,4.30,14999.00,14999.00,"ASUS ZenFone Max M2 ",0.00,0.00,Android,225,5.30,2716,138
3095,Apple,"iPhone 13 ",Blue,4,512,True,0.00,109900.00,109900.00,"Apple iPhone 13 ",0.00,0.00,IOS,33,4.70,3398,3
3096,Motorola,"One Vision ",Sapphire Gradient,4,128,True,4.20,14999.00,22999.00,"Motorola One Vision ",8000.00,34.78,Android,834,6.10,2163,272
3097,Nokia,215 4G DS 2020,Black,0,0,True,3.70,3162.00,3299.00,Nokia 215 4G DS 2020,137.00,4.15,Android,841,6.90,3794,538
3098,Apple,"iPhone XS ",Gold,4,512,True,4.70,134900.00,134900.00,"Apple iPhone XS ",0.00,0.00,IOS,968,5.20,2335,751
3099,vivo,"Y21 ",Diamond Glow,2,32,True,4.30,34990.00,39990.00,"vivo Y21 ",5000.00,12.50,Android,122,5.00,2217,94
3100,Xiaomi,11 Lite NE,Diamond Dazzle,6,128,True,4.40,24798.00,24798.00,Xiaomi 11 Lite NE,0.00,0.00,Android,324,6.50,3216,204
3101,SAMSUNG,Metro 313 Dual Sim,Black,0,0,True,4.30,2340.00,2340.00,SAMSUNG Metro 313 Dual Sim,0.00,0.00,Android,663,6.00,3090,277
3102,Motorola,G5s,Fine Gold,4,32,True,4.10,8390.00,14999.00,Motorola G5s,6609.00,44.06,Android,254,6.00,4208,164
3103,realme,2,Diamond Black,4,64,True,4.40,11990.00,11990.00,realme 2,0.00,0.00,Android,610,4.80,4622,105
3104,SAMSUNG,"Galaxy Fold 2 ",Mystic Bronze,12,256,True,3.00,149999.00,189999.00,"SAMSUNG Galaxy Fold 2 ",40000.00,21.05,Android,433,5.10,3604,428
3105,OPPO,A1K,Red,2,32,True,4.30,8490.00,13400.00,OPPO A1K,4910.00,36.64,Android,276,6.80,4884,112
3106,Infinix,Hot 10 Play,Obsidian Black,3,32,True,4.30,8299.00,9999.00,Infinix Hot 10 Play,1700.00,17.00,Android,316,5.00,4675,211
3107,SAMSUNG,"Galaxy S20 Ultra ",Cosmic Black,12,128,True,4.20,70490.00,70999.00,"SAMSUNG Galaxy S20 Ultra ",509.00,0.72,Android,777,5.90,4291,157
3108,Apple,"iPhone X ",Space Gray,3,64,True,4.60,91900.00,91900.00,"Apple iPhone X ",0.00,0.00,IOS,61,5.80,2263,5
3109,LG,"Q Stylus ",Black,3,32,True,3.80,20000.00,20000.00,"LG Q Stylus ",0.00,0.00,Android,483,5.00,4423,58
3110,Apple,"iPhone 13 Pro Max ",Gold,6,128,True,0.00,129900.00,129900.00,"Apple iPhone 13 Pro Max ",0.00,0.00,IOS,61,5.90,4938,22
3111,ASUS,"ROG Phone 5 Pro ",Black,16,512,True,0.00,69999.00,75999.00,"ASUS ROG Phone 5 Pro ",6000.00,7.89,Android,654,4.60,3601,201
3112,SAMSUNG,"Galaxy S Duos 2 ",Black,0,4,True,4.00,5999.00,5999.00,"SAMSUNG Galaxy S Duos 2 ",0.00,0.00,Android,269,5.00,3585,76
3113,SAMSUNG,Metro 313,Black,0,0,True,4.20,2299.00,2299.00,SAMSUNG Metro 313,0.00,0.00,Android,812,4.60,4129,132
3114,POCO,M4 Pro 5G,Cool Blue,6,128,True,4.40,16999.00,19999.00,POCO M4 Pro 5G,3000.00,15.00,Android,342,7.00,4664,266
3115,Nokia,225,Black,0,0,True,3.60,3499.00,3499.00,Nokia 225,0.00,0.00,Android,973,5.00,3860,333
3116,Apple,"iPhone SE ",White,2,128,True,4.50,44900.00,44900.00,"Apple iPhone SE ",0.00,0.00,IOS,759,4.60,5422,725
3117,Apple,"iPhone 13 Pro ",Gold,6,128,True,0.00,119900.00,119900.00,"Apple iPhone 13 Pro ",0.00,0.00,IOS,212,6.70,5076,124
3118,GIONEE,"F9 ",Blue,3,32,True,4.20,7900.00,7900.00,"GIONEE F9 ",0.00,0.00,Android,538,5.00,2307,285
