Brands,Models,Colors,Memory,Storage,Camera,Rating,SellingPrice,OriginalPrice,Mobile,Discount,DiscountPercentage,OS,SellersAmount,ScreenSize,BatterySize,Reviews
SAMSUNG,GALAXY M31S ,Mirage Black,8 GB,128 GB,Yes,4.3,19330,20999,SAMSUNG GALAXY M31S ,1669,7.947997523691604,Android,485,5.9,3558,326
Nokia,3.2,Steel,2 GB,16 GB,Yes,3.8,10199,10199,Nokia 3.2,0,0.0,Android,431,5.2,5755,281
realme,C2 ,Diamond Black,2 GB,,Yes,4.4,6999,7999,realme C2 ,1000,12.50156269533692,Android,99,4.6,2176,11
Infinix,Note 5,Ice Blue,4 GB,64 GB,Yes,4.2,12999,12999,Infinix Note 5,0,0.0,Android,268,5.7,5964,9
Apple,iPhone 11 ,Black,4GB,64 GB,Yes,4.6,49900,49900,Apple iPhone 11 ,0,0.0,IOS,276,6.3,5482,64
GIONEE,L800,Black,8 MB,16 MB,Yes,4.0,2199,2199,GIONEE L800,0,0.0,Android,838,6.4,2487,579
Apple,iPhone 13 Mini ,Pink,6 GB,512 GB,Yes,,99900,99900,Apple iPhone 13 Mini ,0,0.0,IOS,408,6.4,2508,262
Apple,iPhone XR ,Coral,3 GB,64 GB,Yes,4.6,42999,47900,Apple iPhone XR ,4901,10.231732776617951,IOS,28,6.0,5589,27
SAMSUNG,Galaxy E5 ,Brown,1.5 GB,16 GB,Yes,4.2,20400,20400,SAMSUNG Galaxy E5 ,0,0.0,Android,742,6.5,3490,636
Xiaomi,Redmi Note 11T 5G,Aquamarine Blue,8 GB,128 GB,Yes,4.3,21736,22999,Xiaomi Redmi Note 11T 5G,1263,5.491543110570025,Android,426,4.6,4383,421
SAMSUNG,Galaxy A12 ,Black,4 GB,64 GB,Yes,4.2,11989,11989,SAMSUNG Galaxy A12 ,0,0.0,Android,212,5.1,4617,140
Apple,iPhone 11 ,Red,4GB,256 GB,Yes,4.6,64900,64900,Apple iPhone 11 ,0,0.0,IOS,899,4.8,4967,824
realme,X7 5G ,Nebula,6 GB,128 GB,Yes,4.3,19999,21999,realme X7 5G ,2000,9.091322332833313,Android,938,5.6,3794,503
OPPO,A33,Moonlight Black,3 GB,32 GB,Yes,4.3,10490,12990,OPPO A33,2500,19.24557351809084,Android,380,5.9,3332,29
vivo,V23 5G,Sunshine Gold,8 GB,128 GB,Yes,4.4,29990,34990,vivo V23 5G,5000,14.289797084881394,Android,335,5.0,3458,108
vivo,Y20A 2021 ,Nebula Blue,,64 GB,Yes,3.8,39990,46990,vivo Y20A 2021 ,7000,14.896786550329857,Android,630,5.9,2320,46
Apple,iPhone 13 Mini ,Pink,6 GB,512 GB,Yes,,99900,99900,Apple iPhone 13 Mini ,0,0.0,IOS,414,6.4,2254,309
SAMSUNG,Galaxy J2 Core ,Gold,1 GB,16 GB,Yes,4.2,6999,6999,SAMSUNG Galaxy J2 Core ,0,0.0,Android,535,6.3,5796,146
Lenovo,K10 Plus ,Sprite,4 GB,64 GB,Yes,4.1,13999,13999,Lenovo K10 Plus ,0,0.0,Android,432,6.9,5996,323
ASUS,Zenfone Max ,Blue,2 GB,32 GB,Yes,4.1,7699,7699,ASUS Zenfone Max ,0,0.0,Android,806,4.9,5528,524
Motorola,M,Grey,4 GB,64 GB,Yes,3.9,9999,9999,Motorola M,0,0.0,Android,102,6.4,3424,94
realme,1,Diamond Black,3 GB,,Yes,,11990,12990,realme 1,1000,7.698229407236336,Android,870,6.8,3247,712
GIONEE,Pioneer P4S ,White,1 GB,8 GB,Yes,3.5,3499,3499,GIONEE Pioneer P4S ,0,0.0,Android,54,6.2,3059,6
realme,X3 ,Arctic White,6 GB,128 GB,Yes,4.4,24999,26999,realme X3 ,2000,7.407681765991334,Android,189,6.1,2383,158
realme,Narzo 30A ,Laser Blue,3 GB,,Yes,4.3,8999,9999,realme Narzo 30A ,1000,10.00100010001,Android,396,6.0,4329,251
realme,8 Pro ,Illuminating Yellow,6 GB,,Yes,4.3,17999,19999,realme 8 Pro ,2000,10.000500025001251,Android,143,6.3,3704,27
GIONEE,F205 Pro ,Black,2 GB,16 GB,Yes,4.1,6990,6990,GIONEE F205 Pro ,0,0.0,Android,110,5.7,5412,68
Lenovo,A6600d40 ,Black,2 GB,16 GB,Yes,4.0,7999,7999,Lenovo A6600d40 ,0,0.0,Android,294,5.5,4929,127
SAMSUNG,Galaxy S9 Plus ,Polaris Blue,6 GB,64 GB,Yes,4.5,70000,70000,SAMSUNG Galaxy S9 Plus ,0,0.0,Android,208,6.8,4125,85
SAMSUNG,Galaxy A30s ,Prism Crush Black,4 GB,128 GB,Yes,4.3,18199,18199,SAMSUNG Galaxy A30s ,0,0.0,Android,193,5.1,5377,12
SAMSUNG,Galaxy J6 ,Black,4 GB,64 GB,Yes,4.5,14990,14990,SAMSUNG Galaxy J6 ,0,0.0,Android,563,6.4,2017,71
SAMSUNG,Galaxy A03 Core,Blue,2 GB,32 GB,Yes,4.0,7999,10499,SAMSUNG Galaxy A03 Core,2500,23.811791599199925,Android,145,6.2,5189,33
SAMSUNG,Galaxy Note 9 ,Midnight Black,8 GB,512 GB,Yes,4.6,49999,49999,SAMSUNG Galaxy Note 9 ,0,0.0,Android,878,5.5,3270,805
Infinix,Hot 6 Pro,Bordeaux Red ,3 GB,32 GB,Yes,4.3,8999,8999,Infinix Hot 6 Pro,0,0.0,Android,454,4.5,4398,294
Apple,iPhone 11 ,Green,4GB,64 GB,Yes,4.6,49900,49900,Apple iPhone 11 ,0,0.0,IOS,50,5.3,2670,50
SAMSUNG,Galaxy J2 - 2016 ,Gold,1.5 GB,8 GB,Yes,4.0,6990,6990,SAMSUNG Galaxy J2 - 2016 ,0,0.0,Android,274,6.0,2889,36
SAMSUNG,Metro 313,Black,2 MB,2 MB,Yes,4.1,2399,2399,SAMSUNG Metro 313,0,0.0,Android,180,5.3,5573,163
HTC,Desire 700,Black,1 GB,8 GB,Yes,3.8,35490,35490,HTC Desire 700,0,0.0,Android,566,5.3,5787,391
realme,X3 SuperZoom ,Arctic White,8 GB,,Yes,4.3,29999,31999,realme X3 SuperZoom ,2000,6.250195318603706,Android,990,4.9,4845,669
realme,9 Pro+ 5G,Midnight Black,8 GB,256 GB,Yes,4.4,28999,31999,realme 9 Pro+ 5G,3000,9.37529297790556,Android,235,5.0,2587,74
realme,Narzo 10 ,That Green,4 GB,128 GB,Yes,4.5,11999,12999,realme Narzo 10 ,1000,7.692899453804139,Android,549,5.8,3718,89
Motorola,E5,Fine Gold,2 GB,16 GB,Yes,4.3,10999,10999,Motorola E5,0,0.0,Android,178,6.4,5286,18
Google Pixel,3,Just Black,4 GB,64 GB,Yes,4.5,69999,69999,Google Pixel 3,0,0.0,Android,998,6.3,4145,706
ASUS,Zenfone Go 5.0 ,White,2 GB,16 GB,Yes,4.0,6999,6999,ASUS Zenfone Go 5.0 ,0,0.0,Android,242,5.6,4861,64
SAMSUNG,Galaxy A22 5G ,Violet,8 GB,128 GB,Yes,4.2,22450,22450,SAMSUNG Galaxy A22 5G ,0,0.0,Android,573,6.3,2798,448
GIONEE,Marathon M5 Plus ,CHAMPAGNE GOLD,3 GB,64 GB,Yes,4.1,11999,11999,GIONEE Marathon M5 Plus ,0,0.0,Android,238,6.3,4184,15
realme,GT Neo 2,Neo Blue,8 GB,128 GB,Yes,4.4,31999,34999,realme GT Neo 2,3000,8.57167347638504,Android,63,5.0,2001,31
SAMSUNG,Galaxy A9 Pro ,Black,4 GB,32 GB,Yes,4.3,22900,22900,SAMSUNG Galaxy A9 Pro ,0,0.0,Android,262,6.4,5205,190
Infinix,Smart 7,Purple,2 GB,32 GB,Yes,4.3,7499,8999,Infinix Smart 7,1500,16.6685187243027,Android,552,5.4,5163,242
Apple,iPhone 11 ,White,4GB,256 GB,Yes,4.6,64900,64900,Apple iPhone 11 ,0,0.0,IOS,465,5.0,3574,427
realme,9i,Prism Black,4 GB,64 GB,Yes,4.5,13999,15999,realme 9i,2000,12.500781298831177,Android,266,4.7,4388,63
Apple,iPhone 7 Plus ,Jet Black,3 GB,128 GB,Yes,4.5,42900,42900,Apple iPhone 7 Plus ,0,0.0,IOS,759,6.3,2868,706
Apple,iPhone 8 ,Silver,2 GB,64 GB,Yes,4.5,38999,39900,Apple iPhone 8 ,901,2.2581453634085213,IOS,128,5.4,4725,72
Motorola,Z Play,White,3 GB,32 GB,Yes,4.4,24999,24999,Motorola Z Play,0,0.0,Android,520,5.7,5185,120
Apple,iPhone 11 ,Yellow,4GB,256 GB,Yes,4.6,64900,64900,Apple iPhone 11 ,0,0.0,IOS,793,5.0,2148,760
Lenovo,K4 Note ,White,3 GB,16 GB,Yes,3.9,7999,7999,Lenovo K4 Note ,0,0.0,Android,764,5.3,3011,763
OPPO,Reno4 Pro Special Edition,Starry Night,8 GB,128 GB,Yes,4.4,34990,37990,OPPO Reno4 Pro Special Edition,3000,7.896814951302974,Android,30,5.0,5382,24
OPPO,Reno7 5G,Startrails Blue,8 GB,256 GB,Yes,,28999,37990,OPPO Reno7 5G,8991,23.666754409055017,Android,981,6.7,5761,371
SAMSUNG,Galaxy Note 9 ,Ocean Blue,6 GB,128 GB,Yes,4.6,53999,73990,SAMSUNG Galaxy Note 9 ,19991,27.0185160156778,Android,692,5.6,3282,543
realme,7i ,Fusion Blue,4 GB,64 GB,Yes,4.3,13999,13999,realme 7i ,0,0.0,Android,408,6.2,5252,174
Lenovo,A390 ,White,512 MB,4 GB,Yes,3.7,7580,7580,Lenovo A390 ,0,0.0,Android,256,4.5,5008,137
SAMSUNG,Galaxy S6 Edge+ ,Gold Platinum,4 GB,32 GB,Yes,4.2,28000,61988,SAMSUNG Galaxy S6 Edge+ ,33988,54.829967090404594,Android,563,6.3,4003,545
LG,Stylus 3 ,Titan,3 GB,16 GB,Yes,3.8,9990,9990,LG Stylus 3 ,0,0.0,Android,901,6.9,2756,771
realme,Narzo 20A ,Victory Blue,3 GB,32 GB,Yes,4.3,8499,10999,realme Narzo 20A ,2500,22.729339030820984,Android,379,5.9,4378,11
GIONEE,Marathon ,Grey,2 GB,16 GB,Yes,4.4,11999,11999,GIONEE Marathon ,0,0.0,Android,386,5.9,5293,111
Xiaomi,Mi 11X Pro 5G ,Celestial Silver,8 GB,128 GB,Yes,4.2,36290,37490,Xiaomi Mi 11X Pro 5G ,1200,3.2008535609495867,Android,263,6.3,4980,159
LG,G5 ,Gold,4 GB,32 GB,Yes,4.0,25999,25999,LG G5 ,0,0.0,Android,210,6.9,5566,78
realme,6 Pro ,Lightning Red,6 GB,64 GB,Yes,4.4,17999,17999,realme 6 Pro ,0,0.0,Android,467,4.9,2852,243
Xiaomi,REDMI Note 9 ,Pebble Grey,4 GB,64 GB,Yes,4.4,11999,14999,Xiaomi REDMI Note 9 ,3000,20.00133342222815,Android,13,5.6,2385,13
OPPO,A5s,Black,4 GB,64 GB,Yes,4.4,10990,15990,OPPO A5s,5000,31.269543464665414,Android,735,5.4,3258,142
OPPO,F1,Gold,3 GB,16 GB,Yes,4.1,15739,15739,OPPO F1,0,0.0,Android,598,6.4,2699,334
HTC,One E9+,Gold Sepia,3 GB,32 GB,Yes,3.9,38800,38800,HTC One E9+,0,0.0,Android,466,6.7,4620,98
SAMSUNG,Galaxy M30S ,Blue,4 GB,128 GB,Yes,4.3,13990,16590,SAMSUNG Galaxy M30S ,2600,15.672091621458712,Android,58,6.4,2074,49
Xiaomi,MI 11X 5G ,COSMIC BLACK,6 GB,128 GB,Yes,4.1,24492,27995,Xiaomi MI 11X 5G ,3503,12.51294874084658,Android,143,5.9,3006,21
OPPO,A3s,Red,3 GB,32 GB,Yes,4.3,12000,12000,OPPO A3s,0,0.0,Android,295,5.0,3987,117
HTC,Wildfire X ,Blue,4 GB,128 GB,Yes,3.9,16999,16999,HTC Wildfire X ,0,0.0,Android,139,5.3,4353,87
SAMSUNG,Galaxy S10 ,Prism White,8 GB,512 GB,Yes,4.6,92000,92000,SAMSUNG Galaxy S10 ,0,0.0,Android,69,6.1,5284,21
Infinix,Note 11,Glacier Green,6 GB,128 GB,Yes,4.5,14999,16999,Infinix Note 11,2000,11.765397964586152,Android,879,7.0,4598,760
SAMSUNG,Galaxy M31 ,Space Black,6 GB,128 GB,Yes,4.3,17888,17888,SAMSUNG Galaxy M31 ,0,0.0,Android,486,6.0,4619,104
SAMSUNG,Galaxy A7 2016 Edition ,White,3 GB,16 GB,Yes,4.1,20700,20700,SAMSUNG Galaxy A7 2016 Edition ,0,0.0,Android,854,5.0,3449,547
SAMSUNG,Galaxy J2 Core ,Gold,1 GB,8 GB,Yes,4.2,6200,6200,SAMSUNG Galaxy J2 Core ,0,0.0,Android,291,5.2,2538,281
OPPO,A83,Champagne,4 GB,64 GB,Yes,4.3,16990,16990,OPPO A83,0,0.0,Android,636,4.5,5134,59
Xiaomi,11i Hypercharge 5G,Stealth Black,6 GB,128 GB,Yes,4.2,26999,31999,Xiaomi 11i Hypercharge 5G,5000,15.625488296509266,Android,593,5.1,2563,319
ASUS,Zenfone C ,White,1 GB,8 GB,Yes,3.8,6299,6299,ASUS Zenfone C ,0,0.0,Android,685,5.4,5672,177
SAMSUNG,Galaxy F12 ,Sky Blue,4 GB,128 GB,Yes,4.2,12499,13999,SAMSUNG Galaxy F12 ,1500,10.715051075076792,Android,24,6.4,3231,23
SAMSUNG,Galaxy F23 5G,Forest Green,4 GB,128 GB,Yes,4.0,15999,22999,SAMSUNG Galaxy F23 5G,7000,30.436105917648597,Android,9,6.3,5536,1
Xiaomi,Redmi Note 5 ,Gold,4 GB,64 GB,Yes,4.4,11499,11499,Xiaomi Redmi Note 5 ,0,0.0,Android,857,4.6,4616,774
OPPO,A5s,Blue,3 GB,32 GB,Yes,4.4,13750,13750,OPPO A5s,0,0.0,Android,808,6.8,4255,140
SAMSUNG,Galaxy S6 Edge ,Black Sapphire,3 GB,32 GB,Yes,4.0,37299,37299,SAMSUNG Galaxy S6 Edge ,0,0.0,Android,107,5.7,5962,39
OPPO,F15,Blazing Blue,4 GB,128 GB,Yes,4.4,15990,20990,OPPO F15,5000,23.820867079561697,Android,154,7.0,2619,98
realme,5 Pro ,Chroma White,8 GB,128 GB,Yes,4.5,16999,16999,realme 5 Pro ,0,0.0,Android,335,6.9,2418,287
Apple,iPhone 12 ,Red,4GB,128 GB,Yes,4.6,68999,70900,Apple iPhone 12 ,1901,2.681241184767278,IOS,137,5.6,4014,16
Apple,iPhone 12 Pro Max ,Gold,,512 GB,Yes,4.6,149900,149900,Apple iPhone 12 Pro Max ,0,0.0,IOS,370,4.7,2541,355
OPPO,Reno2 F,Lake Green,6 GB,256 GB,Yes,4.4,19990,19990,OPPO Reno2 F,0,0.0,Android,681,6.3,2721,478
realme,X50 Pro 5G ,Rust Red,12 GB,256 GB,Yes,4.3,47999,47999,realme X50 Pro 5G ,0,0.0,Android,864,5.3,4741,226
OPPO,F19 Pro,Crystal Silver,8 GB,256 GB,Yes,4.3,23490,25990,OPPO F19 Pro,2500,9.619084263178143,Android,769,4.7,5724,221
OPPO,F7,Silver,4 GB,64 GB,Yes,4.4,22990,22990,OPPO F7,0,0.0,Android,759,6.2,4726,71
GIONEE,F8 Neo ,Black,2 GB,32 GB,Yes,3.9,6499,6499,GIONEE F8 Neo ,0,0.0,Android,794,5.9,3409,112
LG,Stylus 2 Plus ,Titan,3 GB,16 GB,Yes,4.1,14250,14250,LG Stylus 2 Plus ,0,0.0,Android,993,5.8,5937,553
Xiaomi,Mi 11X ,Lunar White,8 GB,128 GB,Yes,4.5,26758,26758,Xiaomi Mi 11X ,0,0.0,Android,167,6.0,3384,42
Apple,iPhone 11 Pro Max ,Gold,4GB,256 GB,Yes,4.7,131900,131900,Apple iPhone 11 Pro Max ,0,0.0,IOS,501,6.9,2892,196
Nokia,G20 ,Glacier Blue,4 GB,64 GB,Yes,,13549,13549,Nokia G20 ,0,0.0,Android,266,4.7,2378,154
OPPO,Reno3 Pro,Midnight Black,8 GB,256 GB,Yes,4.4,26798,28989,OPPO Reno3 Pro,2191,7.558039256269619,Android,934,6.4,2659,596
LG,Spirit 4G LTE ,Black Titan,1 GB,8 GB,Yes,3.7,12500,12500,LG Spirit 4G LTE ,0,0.0,Android,196,6.9,3543,48
OPPO,F3 Plus,Gold,4 GB,64 GB,Yes,4.3,12990,12990,OPPO F3 Plus,0,0.0,Android,627,6.5,4679,425
vivo,V20 Pro ,Midnight Jazz,4 GB,128 GB,Yes,4.3,10990,10990,vivo V20 Pro ,0,0.0,Android,646,4.7,3361,512
LG,G7+ ThinQ ,Platinum,6 GB,128 GB,Yes,4.4,55000,55000,LG G7+ ThinQ ,0,0.0,Android,594,5.9,2000,583
LG,Optimus L70 ,Black,1 GB,4 GB,Yes,4.0,12791,12791,LG Optimus L70 ,0,0.0,Android,817,6.9,3303,111
OPPO,A37f,Gold,2 GB,16 GB,Yes,4.2,9990,9990,OPPO A37f,0,0.0,Android,989,7.0,5990,341
SAMSUNG,Galaxy J7 Nxt ,Black,3 GB,32 GB,Yes,4.3,14995,14995,SAMSUNG Galaxy J7 Nxt ,0,0.0,Android,455,6.6,4521,276
OPPO,A7,Glaring Gold,4 GB,64 GB,Yes,4.4,10990,18990,OPPO A7,8000,42.1274354923644,Android,889,4.8,3466,467
OPPO,A15,Mystery Blue,3 GB,32 GB,Yes,4.3,10990,12990,OPPO A15,2000,15.396458814472672,Android,956,6.6,3149,723
realme,8 5G ,Supersonic Black,4 GB,128 GB,Yes,4.3,16499,16999,realme 8 5G ,500,2.941349491146538,Android,620,5.7,5944,320
realme,C35,Glowing Green,4 GB,128 GB,Yes,4.5,12999,14999,realme C35,2000,13.334222281485433,Android,72,4.6,3167,10
GIONEE,A1 Plus ,Gold,4 GB,64 GB,Yes,4.1,10499,10499,GIONEE A1 Plus ,0,0.0,Android,741,6.7,3156,397
Infinix,Note 7,Bolivia Blue,4 GB,64 GB,Yes,4.3,14999,14999,Infinix Note 7,0,0.0,Android,771,6.9,4301,527
Nokia,Lumia 510 ,Black,512 MB,4 GB,Yes,4.0,10999,10999,Nokia Lumia 510 ,0,0.0,Android,897,6.0,3826,604
SAMSUNG,Galaxy F02s ,Diamond Black,3 GB,32 GB,Yes,4.2,9499,10499,SAMSUNG Galaxy F02s ,1000,9.52471663967997,Android,596,5.4,4213,303
POCO,M3 ,Cool Blue,6 GB,64 GB,Yes,4.3,11999,12999,POCO M3 ,1000,7.692899453804139,Android,342,6.8,5966,56
IQOO,3,Quantum Silver,8 GB,256 GB,Yes,4.4,37990,40990,IQOO 3,3000,7.318858258111735,Android,32,5.4,5960,9
SAMSUNG,Guru Music 2,Black,,2 MB,Yes,4.3,1625,1625,SAMSUNG Guru Music 2,0,0.0,Android,86,6.4,2713,12
SAMSUNG,Galaxy A5 ,Pearl White,2 GB,16 GB,Yes,4.1,17990,17990,SAMSUNG Galaxy A5 ,0,0.0,Android,839,6.7,4223,631
Motorola,M,Gold,4 GB,64 GB,Yes,3.9,12999,12999,Motorola M,0,0.0,Android,417,6.1,3866,72
LG,Q6+ ,Black,4 GB,64 GB,Yes,3.9,19990,19990,LG Q6+ ,0,0.0,Android,562,6.2,5211,447
GIONEE,P5L ,Black,1 GB,16 GB,Yes,3.7,3990,3990,GIONEE P5L ,0,0.0,Android,745,6.4,3780,506
SAMSUNG,Galaxy J5 Prime ,Gold,3 GB,32 GB,Yes,4.3,13900,13900,SAMSUNG Galaxy J5 Prime ,0,0.0,Android,49,7.0,4280,10
Apple,iPhone 6s ,Silver,2 GB,32 GB,Yes,4.5,25299,29900,Apple iPhone 6s ,4601,15.387959866220736,IOS,863,5.9,2407,583
SAMSUNG,Tizen Z3 ,Black,1 GB,8 GB,Yes,3.3,4999,4999,SAMSUNG Tizen Z3 ,0,0.0,Android,204,6.4,5762,116
SAMSUNG,Galaxy A50 ,Black,6 GB,64 GB,Yes,4.4,24000,24000,SAMSUNG Galaxy A50 ,0,0.0,Android,140,6.0,4057,110
LG,Candy K9 ,Moroccan Blue,2 GB,16 GB,Yes,4.1,5899,7833,LG Candy K9 ,1934,24.69041235797268,Android,376,5.6,5147,329
ASUS,Zenfone Max Pro M1 ,Blue,4 GB,64 GB,Yes,4.3,15599,15599,ASUS Zenfone Max Pro M1 ,0,0.0,Android,55,6.0,2666,0
realme,C21Y ,Cross Black,3 GB,,Yes,,8999,9999,realme C21Y ,1000,10.00100010001,Android,752,5.9,3731,68
Xiaomi,11i 5G,Stealth Black,6 GB,128 GB,Yes,4.3,24999,29999,Xiaomi 11i 5G,5000,16.66722224074136,Android,523,6.1,2433,511
realme,8i ,Space Purple,6 GB,128 GB,Yes,,15999,17999,realme 8i ,2000,11.111728429357187,Android,47,4.8,5620,27
ASUS,Zenfone Go ,Blue,2 GB,32 GB,Yes,3.8,7499,7499,ASUS Zenfone Go ,0,0.0,Android,418,5.2,4525,35
Apple,iPhone 6s ,Gold,2 GB,128 GB,Yes,4.5,55999,55999,Apple iPhone 6s ,0,0.0,IOS,474,4.7,2943,199
Nokia,XPlus ,Bright Green,768 MB,4 GB,Yes,3.8,7990,7990,Nokia XPlus ,0,0.0,Android,341,5.1,3752,288
SAMSUNG,Galaxy A21s ,Black,4 GB,64 GB,Yes,4.2,14999,17999,SAMSUNG Galaxy A21s ,3000,16.667592644035782,Android,449,6.4,5450,448
Apple,iPhone 13 ,Starlight,4GB,512 GB,Yes,,109900,109900,Apple iPhone 13 ,0,0.0,IOS,545,4.9,2325,164
ASUS,ZenFone Max M2 ,Black,4 GB,64 GB,Yes,4.3,14999,14999,ASUS ZenFone Max M2 ,0,0.0,Android,563,4.7,5977,34
LG,L60 Dual ,White,512 MB,4 GB,Yes,3.7,8800,8800,LG L60 Dual ,0,0.0,Android,20,6.7,3869,9
ASUS,ZenFone Max Pro M2 ,Blue,3 GB,32 GB,Yes,4.3,15999,15999,ASUS ZenFone Max Pro M2 ,0,0.0,Android,467,4.6,4444,224
OPPO,F11,Jewelry White,6 GB,128 GB,Yes,4.4,17990,23990,OPPO F11,6000,25.01042100875365,Android,253,6.9,2510,136
SAMSUNG,Galaxy A12 ,White,6 GB,128 GB,Yes,3.9,16499,17999,SAMSUNG Galaxy A12 ,1500,8.333796322017891,Android,988,4.9,4140,419
OPPO,Reno2 Z,Luminous Black,8 GB,256 GB,Yes,4.5,29489,29489,OPPO Reno2 Z,0,0.0,Android,979,5.0,3412,298
Apple,iPhone XR ,Yellow,3 GB,64 GB,Yes,4.6,42999,47900,Apple iPhone XR ,4901,10.231732776617951,IOS,451,7.0,2025,256
Apple,iPhone 12 Pro ,Gold,6 GB,256 GB,Yes,4.6,119900,119900,Apple iPhone 12 Pro ,0,0.0,IOS,723,4.9,5293,119
SAMSUNG,Galaxy S9 Plus ,Burgundy Red,6 GB,64 GB,Yes,4.5,70000,70000,SAMSUNG Galaxy S9 Plus ,0,0.0,Android,115,6.1,4594,68
OPPO,A5,Diamond Blue,4 GB,32 GB,Yes,4.4,15000,15000,OPPO A5,0,0.0,Android,53,5.7,2707,33
realme,GT 5G ,Racing Yellow,12 GB,256 GB,Yes,4.3,41999,43999,realme GT 5G ,2000,4.545557853587582,Android,321,4.6,2732,74
vivo,Y20 T,Obsidian Black,6 GB,64 GB,Yes,4.3,15490,19490,vivo Y20 T,4000,20.523345305284764,Android,118,5.3,5937,80
SAMSUNG,Galaxy A80 ,Angel Gold,8 GB,128 GB,Yes,4.4,28490,33450,SAMSUNG Galaxy A80 ,4960,14.828101644245145,Android,932,6.9,3732,312
Apple,iPhone 13 Pro Max,Gold,4GB,256 GB,Yes,4.7,139900,139900,Apple iPhone 13 Pro Max,0,0.0,IOS,498,5.3,3178,126
SAMSUNG,Galaxy M32 ,Black,6 GB,128 GB,Yes,4.4,16980,18200,SAMSUNG Galaxy M32 ,1220,6.703296703296704,Android,176,4.7,5238,107
SAMSUNG,Galaxy S6 Edge ,White Pearl,3 GB,32 GB,Yes,4.0,44900,44900,SAMSUNG Galaxy S6 Edge ,0,0.0,Android,627,5.1,2151,6
realme,X ,Garlic,8 GB,128 GB,Yes,4.5,20999,20999,realme X ,0,0.0,Android,184,6.4,5206,145
Apple,iPhone 6s Plus ,Rose Gold,2 GB,128 GB,Yes,4.4,70000,70000,Apple iPhone 6s Plus ,0,0.0,IOS,865,5.4,3609,718
OPPO,F17,Classic Silver,8 GB,128 GB,Yes,4.3,22990,22990,OPPO F17,0,0.0,Android,109,4.8,2745,31
vivo,V21 5G ,Neon Spark,8 GB,128 GB,Yes,4.3,32990,32990,vivo V21 5G ,0,0.0,Android,774,5.6,2372,747
Motorola,E7 Power ,Coral Red,2 GB,32 GB,Yes,4.1,6999,9999,Motorola E7 Power ,3000,30.003000300030003,Android,8,4.8,2490,6
GIONEE,X1s ,Black,3 GB,16 GB,Yes,4.0,6475,6475,GIONEE X1s ,0,0.0,Android,12,5.6,4936,1
Nokia,C01 Plus ,Blue,2 GB,16 GB,Yes,,6499,6499,Nokia C01 Plus ,0,0.0,Android,250,4.5,2274,170
OPPO,A53,Moonlight Black,4 GB,64 GB,Yes,4.5,11990,15990,OPPO A53,4000,25.01563477173233,Android,945,6.6,5506,886
realme,9i,Prism Blue,6 GB,128 GB,Yes,4.4,15999,17999,realme 9i,2000,11.111728429357187,Android,281,4.9,3418,265
realme,X2 Pro ,Lunar White,12 GB,256 GB,Yes,4.6,35999,35999,realme X2 Pro ,0,0.0,Android,807,4.8,3684,323
Google Pixel,2 XL ,Just Black,4 GB,128 GB,Yes,4.6,82000,82000,Google Pixel 2 XL ,0,0.0,Android,970,5.7,4685,761
SAMSUNG,Galaxy S3 Neo ,Black,1.5 GB,16 GB,Yes,4.3,13499,13499,SAMSUNG Galaxy S3 Neo ,0,0.0,Android,304,6.7,5634,78
LG,W10 ,Smokey Gray,3 GB,32 GB,Yes,3.9,6999,9999,LG W10 ,3000,30.003000300030003,Android,92,6.8,2263,25
SAMSUNG,Galaxy A12 ,White,4 GB,64 GB,Yes,4.2,15999,15999,SAMSUNG Galaxy A12 ,0,0.0,Android,58,5.3,4918,56
SAMSUNG,Galaxy A72 ,Awesome White,8 GB,256 GB,Yes,4.3,37999,43999,SAMSUNG Galaxy A72 ,6000,13.636673560762745,Android,609,5.3,4044,383
SAMSUNG,Galaxy A20 ,Gold,3 GB,32 GB,Yes,4.3,12900,12900,SAMSUNG Galaxy A20 ,0,0.0,Android,840,6.9,2482,369
OPPO,A54,Crystal Black,4 GB,64 GB,Yes,4.3,14990,14990,OPPO A54,0,0.0,Android,773,5.1,4518,748
SAMSUNG,Galaxy A21s ,Black,6 GB,128 GB,Yes,4.2,17499,18999,SAMSUNG Galaxy A21s ,1500,7.8951523764408655,Android,683,6.2,2156,11
POCO,M2 Pro,Green and Greener,6 GB,128 GB,Yes,4.3,15999,19999,POCO M2 Pro,4000,20.001000050002503,Android,700,5.8,3188,201
OPPO,A12,Blue,4 GB,64 GB,Yes,4.4,10490,11990,OPPO A12,1500,12.51042535446205,Android,319,4.6,5148,174
OPPO,A12,Black,4 GB,64 GB,Yes,4.4,10990,10990,OPPO A12,0,0.0,Android,251,6.1,3322,28
Infinix,Hot 8,Shark Grey,4 GB,64 GB,Yes,4.5,9999,9999,Infinix Hot 8,0,0.0,Android,464,6.3,4507,16
LG,G6 ,White,4 GB,64 GB,Yes,4.2,24998,49999,LG G6 ,25001,50.0030000600012,Android,676,6.2,5554,96
Apple,iPhone 11 ,White,4GB,256 GB,Yes,4.6,64900,64900,Apple iPhone 11 ,0,0.0,IOS,5,6.8,4523,0
SAMSUNG,Tizen Z3 ,Silver,1 GB,8 GB,Yes,3.3,4999,8999,SAMSUNG Tizen Z3 ,4000,44.4493832648072,Android,841,5.3,4801,15
OPPO,A52,Stream White,6 GB,128 GB,Yes,4.3,16990,19990,OPPO A52,3000,15.00750375187594,Android,167,6.0,4863,15
SAMSUNG,M21 2021 Edition ,Arctic blue,4 GB,64 GB,Yes,4.0,13224,13899,SAMSUNG M21 2021 Edition ,675,4.856464493848478,Android,471,5.0,5504,58
Google Pixel,3a XL ,Just Black,4 GB,64 GB,Yes,4.5,44999,44999,Google Pixel 3a XL ,0,0.0,Android,745,5.1,5110,417
SAMSUNG,Metro 313 Dual Sim,Black,10 MB,2 MB,Yes,4.3,2290,2290,SAMSUNG Metro 313 Dual Sim,0,0.0,Android,134,5.6,2019,8
OPPO,F3 Plus,Black,6 GB,64 GB,Yes,4.3,22990,22990,OPPO F3 Plus,0,0.0,Android,942,5.7,4428,677
realme,1,Diamond Red,3 GB,,Yes,,11900,12990,realme 1,1090,8.391070053887606,Android,720,4.7,2942,610
ASUS,Zenfone Max Pro M1 ,Blue,6 GB,64 GB,Yes,4.3,17999,17999,ASUS Zenfone Max Pro M1 ,0,0.0,Android,975,6.4,4764,614
Apple,iPhone 7 ,Rose Gold,2 GB,128 GB,Yes,4.5,34900,34900,Apple iPhone 7 ,0,0.0,IOS,566,5.8,2734,501
SAMSUNG,Galaxy F23 5G,Aqua Blue,4 GB,128 GB,Yes,4.0,15999,22999,SAMSUNG Galaxy F23 5G,7000,30.436105917648597,Android,995,6.2,3474,127
SAMSUNG,Galaxy S20 FE ,Cloud Lavender,8 GB,128 GB,Yes,4.0,49999,65999,SAMSUNG Galaxy S20 FE ,16000,24.24279155744784,Android,839,5.3,4083,143
SAMSUNG,Galaxy S10 Plus ,Prism Blue,8 GB,128 GB,Yes,4.6,59900,59900,SAMSUNG Galaxy S10 Plus ,0,0.0,Android,739,6.8,3510,444
Lenovo,K9 ,Black,3 GB,32 GB,Yes,4.2,9999,9999,Lenovo K9 ,0,0.0,Android,855,5.9,2172,426
Xiaomi,Redmi Note 9 Pro ,Glacier White,4 GB,64 GB,Yes,4.3,16488,16999,Xiaomi Redmi Note 9 Pro ,511,3.006059179951762,Android,955,5.7,4558,153
SAMSUNG,Galaxy M01 ,Black,3 GB,32 GB,Yes,4.2,8780,8780,SAMSUNG Galaxy M01 ,0,0.0,Android,945,6.7,5852,251
Nokia,5,Silver,3 GB,16 GB,Yes,4.1,7139,7139,Nokia 5,0,0.0,Android,413,5.3,4801,400
Apple,iPhone 11 ,White,4GB,128 GB,Yes,4.6,54900,54900,Apple iPhone 11 ,0,0.0,IOS,187,5.5,2981,105
Xiaomi,Mi 11 Lite ,Vinyl Black,6 GB,128 GB,Yes,4.3,21999,24999,Xiaomi Mi 11 Lite ,3000,12.000480019200769,Android,156,5.2,3356,141
Nokia,5310 TA-1212 DS,Black,8 MB,16 MB,Yes,4.2,3740,3740,Nokia 5310 TA-1212 DS,0,0.0,Android,364,5.9,3812,87
Apple,iPhone 13 Pro ,Silver,6 GB,512 GB,Yes,,149900,149900,Apple iPhone 13 Pro ,0,0.0,IOS,513,6.1,2258,70
SAMSUNG,Guru 1200,Black,,2 MB,Yes,4.3,1100,1100,SAMSUNG Guru 1200,0,0.0,Android,895,6.4,4677,798
Infinix,Hot 9,Violet,4 GB,64 GB,Yes,4.4,11999,11999,Infinix Hot 9,0,0.0,Android,144,5.1,4324,129
SAMSUNG,Galaxy J1 Ace ,Black,512 MB,4 GB,Yes,3.9,4988,4988,SAMSUNG Galaxy J1 Ace ,0,0.0,Android,663,6.2,5911,265
OPPO,F11 Pro,Aurora Green,6 GB,64 GB,Yes,4.5,16890,28990,OPPO F11 Pro,12100,41.7385305277682,Android,838,4.8,5698,13
Xiaomi,Mi A2 ,Black,4 GB,64 GB,Yes,4.3,11990,12899,Xiaomi Mi A2 ,909,7.0470579114660055,Android,988,6.5,2034,873
OPPO,Neo 7 4G,White,1 GB,16 GB,Yes,3.8,8490,8490,OPPO Neo 7 4G,0,0.0,Android,789,5.0,2900,194
Apple,iPhone 11 Pro ,Space Grey,4GB,64 GB,Yes,4.6,79999,106600,Apple iPhone 11 Pro ,26601,24.954033771106943,IOS,859,6.0,3258,798
ASUS,Zenfone Selfie ,Gold,2 GB,16 GB,Yes,3.9,15999,15999,ASUS Zenfone Selfie ,0,0.0,Android,578,5.6,4561,139
OPPO,F15,Lightening Black,8 GB,128 GB,Yes,4.4,18990,22990,OPPO F15,4000,17.398869073510223,Android,274,6.8,5171,160
vivo,Z1 Pro,Sonic Black,4 GB,64 GB,Yes,4.5,15990,15990,vivo Z1 Pro,0,0.0,Android,338,5.0,4005,302
Xiaomi,REDMI 9 Power ,Blazing Blue,4 GB,64 GB,Yes,4.4,11499,13999,Xiaomi REDMI 9 Power ,2500,17.85841845846132,Android,195,6.4,3748,166
SAMSUNG,Galaxy A10s ,Black,2 GB,32 GB,Yes,4.4,10000,10000,SAMSUNG Galaxy A10s ,0,0.0,Android,870,4.6,4407,658
GIONEE,P7 Max ,Grey,3 GB,32 GB,Yes,3.9,5950,5950,GIONEE P7 Max ,0,0.0,Android,546,6.4,2437,440
Xiaomi,Redmi Note 5 Pro ,Blue,4 GB,64 GB,Yes,4.4,14999,14999,Xiaomi Redmi Note 5 Pro ,0,0.0,Android,793,5.8,4987,254
LG,W30 Plus ,Thunder blue,4 GB,64 GB,Yes,3.8,12950,12950,LG W30 Plus ,0,0.0,Android,630,5.4,3708,447
Apple,iPhone 11 Pro ,Silver,4GB,64 GB,Yes,4.6,79999,106600,Apple iPhone 11 Pro ,26601,24.954033771106943,IOS,395,5.3,5912,228
OPPO,F17 PRO,Gold,8 GB,128 GB,Yes,4.3,21999,21999,OPPO F17 PRO,0,0.0,Android,154,4.7,5136,37
Apple,iPhone 13 Mini ,Blue,4 GB,256 GB,Yes,,79900,79900,Apple iPhone 13 Mini ,0,0.0,IOS,902,4.8,3589,839
realme,X2 ,Pearl White,8 GB,256 GB,Yes,4.5,24999,24999,realme X2 ,0,0.0,Android,925,6.9,4066,41
Infinix,Note 10 Pro,Purple,8 GB,256 GB,Yes,4.2,16999,19999,Infinix Note 10 Pro,3000,15.000750037501875,Android,201,6.4,3568,0
realme,Narzo 30A ,Laser Blue,4 GB,,Yes,4.3,10499,10999,realme Narzo 30A ,500,4.545867806164196,Android,468,5.2,2703,367
realme,X2 ,Pearl Blue,8 GB,128 GB,Yes,4.5,20999,20999,realme X2 ,0,0.0,Android,703,5.3,2499,698
realme,GT Neo 2,Neo Blue,12 GB,256 GB,Yes,4.4,35999,38999,realme GT Neo 2,3000,7.692504936024,Android,762,5.2,2151,688
Infinix,Hot 10 Play,Obsidian Black,4 GB,64 GB,Yes,4.3,9299,10999,Infinix Hot 10 Play,1700,15.455950540958268,Android,770,6.4,2828,22
Motorola,Z2 Play,Lunar Gray,4 GB,64 GB,Yes,4.4,27999,27999,Motorola Z2 Play,0,0.0,Android,72,4.9,2954,42
Xiaomi,Redmi Y3 ,Elegant Blue,3 GB,32 GB,Yes,4.3,9450,9450,Xiaomi Redmi Y3 ,0,0.0,Android,83,5.9,5716,4
realme,9 Pro 5G,Midnight Black,6 GB,128 GB,Yes,4.4,17999,21999,realme 9 Pro 5G,4000,18.182644665666626,Android,355,6.5,5681,256
vivo,V21 5G ,Dusk Blue,8 GB,256 GB,Yes,4.3,14990,14990,vivo V21 5G ,0,0.0,Android,874,6.3,3680,300
realme,9 Pro+ 5G,Midnight Black,8 GB,128 GB,Yes,4.4,26999,29999,realme 9 Pro+ 5G,3000,10.000333344444815,Android,893,5.6,4866,163
SAMSUNG,Galaxy A52 ,Awesome Black,6 GB,128 GB,Yes,4.3,27499,30499,SAMSUNG Galaxy A52 ,3000,9.836388078297649,Android,972,5.5,4836,343
ASUS,ZenFone Lite L1 ,Gold,2 GB,16 GB,Yes,4.2,7199,7199,ASUS ZenFone Lite L1 ,0,0.0,Android,820,5.8,4585,582
realme,9 Pro 5G,Aurora Green,8 GB,128 GB,Yes,4.4,20999,23999,realme 9 Pro 5G,3000,12.500520855035626,Android,127,5.6,4185,92
HTC,Desire 526G Plus,Glacier Blue,1 GB,16 GB,Yes,4.0,6999,6999,HTC Desire 526G Plus,0,0.0,Android,854,6.8,3099,192
Apple,iPhone XS Max ,Gold,4 GB,64 GB,Yes,4.6,73999,109900,Apple iPhone XS Max ,35901,32.66696997270246,IOS,876,4.6,2795,444
Google Pixel,4a ,Just Black,6 GB,128 GB,Yes,4.5,31999,31999,Google Pixel 4a ,0,0.0,Android,453,6.1,3976,309
SAMSUNG,On7 Pro ,Gold,2 GB,16 GB,Yes,4.1,5990,9499,SAMSUNG On7 Pro ,3509,36.9407306032214,Android,711,6.6,3497,609
realme,Narzo 50A ,Oxygen Green,4 GB,64 GB,Yes,4.3,11499,12999,realme Narzo 50A ,1500,11.539349180706209,Android,17,6.7,3437,4
vivo,Y20G ,Purist Blue,3 GB,16 GB,Yes,4.3,18990,20990,vivo Y20G ,2000,9.52834683182468,Android,67,5.8,5147,17
realme,8,Cyber Silver,4 GB,,Yes,4.3,15999,16999,realme 8,1000,5.882698982293076,Android,95,6.6,2440,92
GIONEE,P5L ,Blue,1 GB,16 GB,Yes,3.7,4899,8999,GIONEE P5L ,4100,45.56061784642738,Android,405,4.9,3086,299
SAMSUNG,Galaxy S4 Zoom ,White,1.5 GB,8 GB,Yes,3.8,19999,19999,SAMSUNG Galaxy S4 Zoom ,0,0.0,Android,235,4.9,2353,217
Motorola,M,Gold,3 GB,32 GB,Yes,3.9,14999,14999,Motorola M,0,0.0,Android,689,4.7,2111,312
Apple,iPhone 13 Pro Max ,Silver,6 GB,256 GB,Yes,,139900,139900,Apple iPhone 13 Pro Max ,0,0.0,IOS,971,6.1,5027,231
SAMSUNG,Sm-B110E/D,Black,,2 MB,Yes,4.1,1599,1599,SAMSUNG Sm-B110E/D,0,0.0,Android,430,6.0,5177,199
Infinix,Note 10,Purple,6 GB,128 GB,Yes,4.2,12499,14999,Infinix Note 10,2500,16.66777785185679,Android,439,6.2,2509,406
OPPO,A53,Fairy White,4 GB,64 GB,Yes,4.5,13499,13499,OPPO A53,0,0.0,Android,667,6.5,4428,221
Xiaomi,Redmi 8 ,Sapphire Blue,4 GB,64 GB,Yes,4.3,10999,10999,Xiaomi Redmi 8 ,0,0.0,Android,341,6.6,2367,210
realme,8,Cyber Black,8 GB,128 GB,Yes,4.3,17999,18999,realme 8,1000,5.263434917627244,Android,17,5.8,5983,6
vivo,X50  ,Frost Blue,8 GB,256 GB,Yes,5.0,44990,44990,vivo X50  ,0,0.0,Android,310,7.0,2134,114
LG,G7 ThinQ ,Black,4 GB,64 GB,Yes,4.4,50000,50000,LG G7 ThinQ ,0,0.0,Android,383,5.4,4658,185
GIONEE,S11 Lite ,Dark Blue,4 GB,32 GB,Yes,4.0,8750,8750,GIONEE S11 Lite ,0,0.0,Android,806,6.7,2898,735
Apple,iPhone 7 Plus ,Rose Gold,3 GB,32 GB,Yes,4.5,36999,37900,Apple iPhone 7 Plus ,901,2.3773087071240107,IOS,370,6.5,4089,290
GIONEE,Pioneer P3S ,Grey,1 GB,16 GB,Yes,3.8,3990,3990,GIONEE Pioneer P3S ,0,0.0,Android,719,6.5,5874,441
LG,G6 ,Black,4 GB,64 GB,Yes,4.2,22990,55000,LG G6 ,32010,58.2,Android,585,4.7,3694,180
realme,X3 SuperZoom ,Glacier Blue,8 GB,128 GB,Yes,4.3,27999,29999,realme X3 SuperZoom ,2000,6.666888896296544,Android,371,6.5,3757,353
SAMSUNG,Galaxy J2 Ace ,Gold,1.5 GB,8 GB,Yes,4.1,8090,8090,SAMSUNG Galaxy J2 Ace ,0,0.0,Android,565,5.2,3335,546
Xiaomi,11i Hypercharge 5G,Camo Green,8 GB,128 GB,Yes,4.3,28999,33999,Xiaomi 11i Hypercharge 5G,5000,14.706314891614458,Android,656,4.9,4221,162
Nokia,106,Black,,2 MB,Yes,3.9,1519,1519,Nokia 106,0,0.0,Android,421,4.7,5736,252
OPPO,K1,Astral Blue,4 GB,64 GB,Yes,4.4,14990,18990,OPPO K1,4000,21.0637177461822,Android,510,5.5,5659,0
realme,8 Pro ,Infinite Black,8 GB,128 GB,Yes,4.4,19999,21999,realme 8 Pro ,2000,9.091322332833313,Android,281,6.7,2295,256
SAMSUNG,Metro 313,Black,,2 MB,Yes,4.1,2299,2299,SAMSUNG Metro 313,0,0.0,Android,717,6.8,5773,436
Nokia,7.2,Ice,6 GB,64 GB,Yes,4.1,20999,20999,Nokia 7.2,0,0.0,Android,998,6.7,5882,849
SAMSUNG,Galaxy S5 ,Electric Blue,2 GB,16 GB,Yes,3.9,21999,21999,SAMSUNG Galaxy S5 ,0,0.0,Android,515,5.5,2645,194
SAMSUNG,Galaxy A03s ,Blue,4 GB,64 GB,Yes,4.2,12499,14499,SAMSUNG Galaxy A03s ,2000,13.794054762397408,Android,652,6.5,5810,342
SAMSUNG,Metro 350,Black,32 MB,2 MB,Yes,4.1,2815,2815,SAMSUNG Metro 350,0,0.0,Android,693,6.0,3141,445
POCO,C3 ,Arctic Blue,3 GB,32 GB,Yes,4.3,7999,9999,POCO C3 ,2000,20.00200020002,Android,96,6.0,4578,40
Nokia,8,Polished Copper,4 GB,64 GB,Yes,4.0,39000,39000,Nokia 8,0,0.0,Android,329,6.6,2341,137
Apple,iPhone XS Max ,Space Grey,4 GB,64 GB,Yes,4.6,73999,109900,Apple iPhone XS Max ,35901,32.66696997270246,IOS,752,6.1,4814,142
Apple,iPhone 6s,Silver,2 GB,32 GB,Yes,,29900,29900,Apple iPhone 6s,0,0.0,IOS,655,6.1,2146,457
realme,5i ,Aqua Blue,4 GB,64 GB,Yes,4.5,10999,10999,realme 5i ,0,0.0,Android,265,5.7,5186,237
realme,8 Pro ,Infinite Blue,6 GB,,Yes,4.3,17999,19999,realme 8 Pro ,2000,10.000500025001251,Android,448,5.1,3673,17
ASUS,Zenfone Max ,White,2 GB,16 GB,Yes,4.1,7499,7499,ASUS Zenfone Max ,0,0.0,Android,639,5.9,2530,439
realme,2,Diamond Red,3 GB,32 GB,Yes,4.5,9990,9990,realme 2,0,0.0,Android,265,5.3,5369,57
Xiaomi,Redmi 9A ,Midnight Black,3 GB,32 GB,Yes,4.4,8389,8389,Xiaomi Redmi 9A ,0,0.0,Android,878,5.4,4098,749
HTC,526G Plus,Fervor Red,1 GB,16 GB,Yes,4.0,12400,12400,HTC 526G Plus,0,0.0,Android,16,6.4,5476,4
Infinix,Hot 10,Ocean Wave,4 GB,64 GB,Yes,4.4,11999,11999,Infinix Hot 10,0,0.0,Android,759,6.7,2512,198
realme,5 Pro ,Crystal Green,8 GB,128 GB,Yes,4.5,16999,17999,realme 5 Pro ,1000,5.555864214678594,Android,270,5.1,5275,252
vivo,V11 Pro,Dazzling Gold,6 GB,64 GB,Yes,4.5,25990,25990,vivo V11 Pro,0,0.0,Android,259,6.5,2840,137
SAMSUNG,Galaxy J1 ,Gold,1 GB,8 GB,Yes,4.0,7550,7550,SAMSUNG Galaxy J1 ,0,0.0,Android,470,4.6,2146,139
Google Pixel,3 XL ,Just Black,4 GB,128 GB,Yes,4.6,92000,92000,Google Pixel 3 XL ,0,0.0,Android,434,4.9,4230,168
OPPO,F11 Pro,Aurora Green,6 GB,128 GB,Yes,4.5,17990,29990,OPPO F11 Pro,12000,40.01333777925976,Android,60,6.7,4181,27
SAMSUNG,Galaxy A12 ,Blue,6 GB,128 GB,Yes,3.9,16499,17999,SAMSUNG Galaxy A12 ,1500,8.333796322017891,Android,510,6.5,3314,386
OPPO,F11,Marble Green,6 GB,128 GB,Yes,4.4,17990,23990,OPPO F11,6000,25.01042100875365,Android,112,4.6,2291,12
SAMSUNG,Galaxy F62 ,Laser Blue,8 GB,128 GB,Yes,4.3,25999,31999,SAMSUNG Galaxy F62 ,6000,18.75058595581112,Android,599,5.5,2977,70
ASUS,Zenfone Max Pro M1 ,Blue,3 GB,32 GB,Yes,4.3,13199,13199,ASUS Zenfone Max Pro M1 ,0,0.0,Android,827,6.2,3288,168
Apple,iPhone 7 ,Gold,2 GB,32 GB,Yes,4.5,24999,31500,Apple iPhone 7 ,6501,20.63809523809524,IOS,219,6.6,2497,107
vivo,Y1s ,Olive Black,6 GB,64 GB,Yes,4.4,28499,34990,vivo Y1s ,6491,18.55101457559303,Android,749,4.5,2225,629
Lenovo,K8 ,Venom Black,3 GB,32 GB,Yes,4.1,7490,11499,Lenovo K8 ,4009,34.86390120880076,Android,732,6.3,5549,697
Apple,iPhone 13 mini,Green,4GB,512 GB,Yes,4.6,94900,99900,Apple iPhone 13 mini,5000,5.005005005005005,IOS,612,6.1,3150,434
SAMSUNG,Galaxy A52s 5G ,Awesome White,8 GB,128 GB,Yes,4.5,37499,40999,SAMSUNG Galaxy A52s 5G ,3500,8.536793580331228,Android,816,4.7,3453,294
Xiaomi,Redmi 6A ,Rose Gold,2 GB,32 GB,Yes,4.3,7699,7699,Xiaomi Redmi 6A ,0,0.0,Android,320,6.5,3670,195
Xiaomi,Redmi Note 7 Pro ,Neptune Blue,6 GB,64 GB,Yes,4.3,16999,16999,Xiaomi Redmi Note 7 Pro ,0,0.0,Android,908,6.2,4846,696
vivo,Y90,Black,2 GB,16 GB,Yes,4.4,7990,7990,vivo Y90,0,0.0,Android,31,6.1,3439,25
OPPO,Reno6 5G,Aurora,8 GB,128 GB,Yes,4.3,29990,35990,OPPO Reno6 5G,6000,16.67129758266185,Android,573,6.4,5941,17
realme,Narzo 20 ,Glory Silver,4 GB,64 GB,Yes,4.3,10499,12999,realme Narzo 20 ,2500,19.232248634510345,Android,104,4.7,2837,62
Nokia,107 Dual SIM,Black,4 MB,Expandable Upto 16 GB,Yes,4.2,1900,1900,Nokia 107 Dual SIM,0,0.0,Android,347,5.5,3360,322
Xiaomi,Redmi Note 6 Pro ,Red,4 GB,64 GB,Yes,4.4,12499,12499,Xiaomi Redmi Note 6 Pro ,0,0.0,Android,96,5.9,4861,5
realme,X2 ,Pearl Blue,4 GB,64 GB,Yes,4.5,17999,17999,realme X2 ,0,0.0,Android,679,5.7,5461,573
Apple,iPhone 6s ,Space Grey,2 GB,64 GB,Yes,4.5,49999,49999,Apple iPhone 6s ,0,0.0,IOS,270,5.2,4875,180
Apple,iPhone 11 ,Red,4GB,128 GB,Yes,4.6,54900,54900,Apple iPhone 11 ,0,0.0,IOS,796,6.1,3355,505
Nokia,5.4,Polar Night,4 GB,64 GB,Yes,3.9,12999,16799,Nokia 5.4,3800,22.62039407107566,Android,976,4.8,3520,497
realme,X3 SuperZoom ,Arctic White,8 GB,128 GB,Yes,4.3,27999,29999,realme X3 SuperZoom ,2000,6.666888896296544,Android,869,5.3,2589,125
Motorola,C,Pearl White,1 GB,16 GB,Yes,3.9,5499,5499,Motorola C,0,0.0,Android,276,6.3,4323,274
realme,C25 ,Watery Grey,4 GB,64 GB,Yes,4.4,9999,10999,realme C25 ,1000,9.091735612328392,Android,718,6.7,3024,288
realme,6,Comet White,6 GB,,Yes,4.4,14999,17999,realme 6,3000,16.667592644035782,Android,34,6.5,4736,20
Apple,iPhone XR ,Black,3 GB,256 GB,Yes,4.6,91900,91900,Apple iPhone XR ,0,0.0,IOS,4,5.7,4521,0
OPPO,F19,Midnight Blue,6 GB,128 GB,Yes,4.2,19990,20990,OPPO F19,1000,4.76417341591234,Android,340,4.7,3562,21
ASUS,ROG ,Black,8 GB,128 GB,Yes,4.3,26499,83999,ASUS ROG ,57500,68.45319587137942,Android,442,4.6,3830,359
SAMSUNG,Galaxy J6 ,Gold,3 GB,32 GB,Yes,4.4,12990,12990,SAMSUNG Galaxy J6 ,0,0.0,Android,422,6.8,3413,183
Lenovo,A7 ,Blue,4 GB,64 GB,Yes,3.9,7990,9999,Lenovo A7 ,2009,20.09200920092009,Android,856,6.8,4017,47
OPPO,A54,Starry Blue,6 GB,128 GB,Yes,4.3,16990,17990,OPPO A54,1000,5.558643690939411,Android,223,5.1,4040,145
vivo,Y53s ,Deep Sea Blue,6 GB,64 GB,Yes,4.5,16989,16989,vivo Y53s ,0,0.0,Android,82,5.5,2854,6
Lenovo,A328 ,Black,1 GB,4 GB,Yes,3.8,7499,7499,Lenovo A328 ,0,0.0,Android,968,5.7,4541,438
Apple,iPhone 11 Pro Max ,Space Grey,4GB,256 GB,Yes,4.7,131900,131900,Apple iPhone 11 Pro Max ,0,0.0,IOS,183,6.7,4535,155
GIONEE,F11 ,Black,3 GB,32 GB,Yes,4.0,6899,6950,GIONEE F11 ,51,0.7338129496402878,Android,545,6.7,3870,180
Nokia,6,Tempered Blue,3 GB,32 GB,Yes,3.9,13990,13990,Nokia 6,0,0.0,Android,142,6.7,3977,64
vivo,Y1S ,Aurora Blue,4 GB,32 GB,Yes,4.4,22654,22654,vivo Y1S ,0,0.0,Android,909,5.8,2600,611
Infinix,Note 11 ,Celestial Snow,6 GB,128 GB,Yes,4.5,14499,16999,Infinix Note 11 ,2500,14.70674745573269,Android,552,6.0,4816,527
realme,C20 ,Cool Grey,2 GB,32 GB,Yes,4.4,7499,7999,realme C20 ,500,6.250781347668459,Android,125,5.2,2392,100
Apple,iPhone 6s ,Rose Gold,2 GB,16 GB,Yes,4.5,31999,31999,Apple iPhone 6s ,0,0.0,IOS,698,4.8,5273,546
Xiaomi,Redmi 9 ,Sky Blue,4 GB,64 GB,Yes,4.4,10121,10121,Xiaomi Redmi 9 ,0,0.0,Android,339,6.5,2094,261
OPPO,A31,Fantasy White,6 GB,128 GB,Yes,4.3,13899,13899,OPPO A31,0,0.0,Android,252,5.5,5234,175
Xiaomi,Redmi 9A ,Midnight Black,2 GB,32 GB,Yes,4.5,7589,7589,Xiaomi Redmi 9A ,0,0.0,Android,927,5.7,4149,687
LG,Q6 ,Platinum,3 GB,32 GB,Yes,4.0,16990,16990,LG Q6 ,0,0.0,Android,165,5.5,2679,29
Apple,iPhone 13 Pro Max ,Gold,6 GB,1 TB,Yes,,179900,179900,Apple iPhone 13 Pro Max ,0,0.0,IOS,383,5.3,3373,111
SAMSUNG,Galaxy A30s ,Prism Crush White,4 GB,128 GB,Yes,4.3,19900,19900,SAMSUNG Galaxy A30s ,0,0.0,Android,988,5.7,5182,391
HTC,U11,Solar Red,6 GB,128 GB,Yes,4.6,53990,53990,HTC U11,0,0.0,Android,884,6.5,3524,234
Infinix,Smart 5,Aegean Blue,2 GB,32 GB,Yes,4.3,7499,8999,Infinix Smart 5,1500,16.6685187243027,Android,363,6.5,5010,163
Motorola,G30 ,Dark Pearl,4 GB,64 GB,Yes,4.1,10999,14999,Motorola G30 ,4000,26.668444562970866,Android,109,5.0,3893,26
POCO,M2  ,Brick Red,6 GB,128 GB,Yes,4.4,11499,14999,POCO M2  ,3500,23.334888992599502,Android,166,5.3,2174,104
SAMSUNG,Galaxy J2 Core ,Blue,1 GB,16 GB,Yes,4.2,6999,6999,SAMSUNG Galaxy J2 Core ,0,0.0,Android,285,6.1,4899,86
SAMSUNG,Galaxy S20+ ,Cosmic Black,8 GB,128 GB,Yes,4.4,54999,83000,SAMSUNG Galaxy S20+ ,28001,33.73614457831325,Android,795,4.7,3025,158
Apple,iPhone 13 Mini ,Midnight,4 GB,256 GB,Yes,,79900,79900,Apple iPhone 13 Mini ,0,0.0,IOS,443,5.3,2666,357
SAMSUNG,Galaxy M42 ,Prism Dot Black,8 GB,128 GB,Yes,4.3,29998,29998,SAMSUNG Galaxy M42 ,0,0.0,Android,639,6.3,2791,559
HTC,620G,Santorini White,1 GB,8 GB,Yes,3.9,7999,7999,HTC 620G,0,0.0,Android,254,5.5,3972,102
GIONEE,M7 Power ,Blue,4 GB,64 GB,Yes,4.1,9250,9250,GIONEE M7 Power ,0,0.0,Android,551,5.3,3722,303
OPPO,K1,Astral Blue,6 GB,64 GB,Yes,4.3,13990,20990,OPPO K1,7000,33.34921391138637,Android,1000,4.7,3910,176
Motorola,G40 Fusion ,Frosted Champagne,6 GB,128 GB,Yes,4.3,16499,19999,Motorola G40 Fusion ,3500,17.50087504375219,Android,666,5.9,2139,190
Motorola,Edge 20 Fusion ,Cyber Teal,6 GB,128 GB,Yes,3.9,21499,24999,Motorola Edge 20 Fusion ,3500,14.000560022400895,Android,856,6.1,2232,604
Nokia,C01 Plus ,Blue,2 GB,16 GB,Yes,,6499,6499,Nokia C01 Plus ,0,0.0,Android,402,6.4,2700,253
Apple,iPhone 12 Pro Max ,Gold,,128 GB,Yes,4.6,119900,119900,Apple iPhone 12 Pro Max ,0,0.0,IOS,346,5.5,3026,19
Apple,iPhone 12 Pro Max ,Graphite,,512 GB,Yes,4.6,149900,149900,Apple iPhone 12 Pro Max ,0,0.0,IOS,596,6.6,4528,462
Motorola,C Plus,Starry Black,2 GB,16 GB,Yes,4.2,6999,6999,Motorola C Plus,0,0.0,Android,51,4.9,2058,50
ASUS,Zenfone Max ,Black,2 GB,16 GB,Yes,4.1,6990,6990,ASUS Zenfone Max ,0,0.0,Android,618,7.0,5482,229
OPPO,K1,Piano Black,6 GB,64 GB,Yes,4.3,13990,20990,OPPO K1,7000,33.34921391138637,Android,166,6.2,4616,33
OPPO,A16k,Black,3 GB,32 GB,Yes,4.1,10490,10490,OPPO A16k,0,0.0,Android,640,5.9,3919,523
Apple,iPhone 13 Mini ,Midnight,4 GB,128 GB,Yes,,69900,69900,Apple iPhone 13 Mini ,0,0.0,IOS,716,5.0,4326,259
SAMSUNG,Galaxy A50s ,Prism Crush Violet,6 GB,128 GB,Yes,4.3,21099,26900,SAMSUNG Galaxy A50s ,5801,21.565055762081784,Android,356,5.1,3104,317
Xiaomi,Redmi 6 Pro ,Lake Blue,4 GB,64 GB,Yes,4.4,11999,11999,Xiaomi Redmi 6 Pro ,0,0.0,Android,932,6.9,4650,540
Nokia,Asha 206,Black,32 MB,64 MB,Yes,3.8,2790,2790,Nokia Asha 206,0,0.0,Android,90,6.4,5160,56
Apple,iPhone 12 Pro ,Pacific Blue,6 GB,256 GB,Yes,4.6,119900,119900,Apple iPhone 12 Pro ,0,0.0,IOS,619,7.0,2979,210
SAMSUNG,Galaxy F62 ,Laser Blue,6 GB,128 GB,Yes,4.2,23999,29999,SAMSUNG Galaxy F62 ,6000,20.00066668888963,Android,566,6.2,3041,135
Lenovo,A7000 ,White,2 GB,8 GB,Yes,4.0,8999,8999,Lenovo A7000 ,0,0.0,Android,500,4.7,3295,453
Xiaomi,REDMI Note 10S ,Cosmic Purple,6 GB,128 GB,Yes,4.4,17765,17765,Xiaomi REDMI Note 10S ,0,0.0,Android,111,5.1,4694,65
Apple,iPhone 7 Plus ,Gold,3 GB,32 GB,Yes,4.5,36999,37900,Apple iPhone 7 Plus ,901,2.3773087071240107,IOS,883,6.5,4155,168
SAMSUNG,Galaxy S6 ,Gold Platinum,3 GB,32 GB,Yes,4.0,33900,33900,SAMSUNG Galaxy S6 ,0,0.0,Android,186,4.7,2724,174
realme,5 Pro ,Chroma White,6 GB,64 GB,Yes,4.5,14999,15999,realme 5 Pro ,1000,6.250390649415588,Android,219,5.9,5826,21
SAMSUNG,Galaxy J4 Plus ,Gold,2 GB,32 GB,Yes,4.3,9499,9499,SAMSUNG Galaxy J4 Plus ,0,0.0,Android,191,5.2,4542,174
Xiaomi,11 Lite NE,Tuscany Coral,8 GB,128 GB,Yes,4.4,23999,23999,Xiaomi 11 Lite NE,0,0.0,Android,951,5.4,5278,70
SAMSUNG,Galaxy Z Flip3 5G ,Phantom Black,8 GB,128 GB,Yes,4.3,84999,95999,SAMSUNG Galaxy Z Flip3 5G ,11000,11.458452692215545,Android,907,4.9,5958,468
Infinix,Hot S3,Blush Gold,3 GB,32 GB,Yes,4.2,9999,9999,Infinix Hot S3,0,0.0,Android,712,5.3,2121,170
POCO,C3 ,Matte Black,3 GB,32 GB,Yes,4.3,7999,9999,POCO C3 ,2000,20.00200020002,Android,269,6.7,2085,52
Apple,iPhone 8 ,Gold,2 GB,64 GB,Yes,4.5,38999,39900,Apple iPhone 8 ,901,2.2581453634085213,IOS,554,6.1,4219,416
ASUS,Zenfone Go ,Gold,1 GB,8 GB,Yes,3.8,5699,5699,ASUS Zenfone Go ,0,0.0,Android,526,5.5,3025,304
OPPO,A3s,Purple,3 GB,32 GB,Yes,4.3,12990,12990,OPPO A3s,0,0.0,Android,513,6.6,4263,99
SAMSUNG,Galaxy A30s ,Prism Crush White,4 GB,64 GB,Yes,4.3,15899,18900,SAMSUNG Galaxy A30s ,3001,15.878306878306878,Android,478,5.0,5788,409
SAMSUNG,Guru Music 2 SM-B310E,Black,,Expandable Upto 16 GB,Yes,4.2,1890,1890,SAMSUNG Guru Music 2 SM-B310E,0,0.0,Android,185,6.2,5254,53
Apple,iPhone 12 ,Red,4GB,256 GB,Yes,4.6,78999,94900,Apple iPhone 12 ,15901,16.75553213909378,IOS,918,4.8,2403,17
realme,Narzo 30 ,Racing Silver,4 GB,64 GB,Yes,4.3,13499,14999,realme Narzo 30 ,1500,10.000666711114077,Android,419,6.8,4611,46
realme,C15 ,Power Silver,4 GB,,Yes,4.4,10999,12999,realme C15 ,2000,15.385798907608278,Android,326,6.8,3758,231
Nokia,3310 DS 2020,Black,16 MB,Expandable Upto 32 GB,Yes,3.8,3886,3886,Nokia 3310 DS 2020,0,0.0,Android,124,5.5,4500,98
Nokia,125 TA-1253 DS,Black,4 MB,4 MB,Yes,3.9,2142,2192,Nokia 125 TA-1253 DS,50,2.281021897810219,Android,8,4.7,5626,1
SAMSUNG,Galaxy A52 ,Awesome White,6 GB,128 GB,Yes,4.3,27499,30499,SAMSUNG Galaxy A52 ,3000,9.836388078297649,Android,77,5.3,2250,73
ASUS,ZenFone Max M2 ,Blue,3 GB,32 GB,Yes,4.3,12999,12999,ASUS ZenFone Max M2 ,0,0.0,Android,188,6.5,3745,184
GIONEE,A1 ,Gold,4 GB,64 GB,Yes,4.0,7675,8999,GIONEE A1 ,1324,14.712745860651182,Android,627,6.9,3677,486
OPPO,K3,Jade Black,8 GB,128 GB,Yes,4.2,30994,30994,OPPO K3,0,0.0,Android,134,6.6,3903,97
POCO,C31,Royal Blue,4 GB,64 GB,Yes,4.4,8999,11999,POCO C31,3000,25.00208350695891,Android,872,6.7,5011,197
Nokia,225,Black,,Expandable Upto 32 GB,Yes,3.6,3499,3499,Nokia 225,0,0.0,Android,757,5.3,5729,78
SAMSUNG,Galaxy A32 ,Awesome Violet,6 GB,128 GB,Yes,4.1,21999,24999,SAMSUNG Galaxy A32 ,3000,12.000480019200769,Android,124,4.9,3595,63
vivo,Y21T,Midnight Blue,4 GB,128 GB,Yes,4.1,16490,19990,vivo Y21T,3500,17.508754377188595,Android,252,5.4,5028,24
realme,6 Pro ,Lightning Red,6 GB,128 GB,Yes,4.4,18999,18999,realme 6 Pro ,0,0.0,Android,626,5.8,3829,256
Infinix,S5 Pro,Violet,4 GB,64 GB,Yes,4.4,12999,12999,Infinix S5 Pro,0,0.0,Android,440,5.9,3445,178
ASUS,Zenfone Selfie ,White,3 GB,16 GB,Yes,4.0,13999,13999,ASUS Zenfone Selfie ,0,0.0,Android,896,4.7,3988,854
OPPO,A9,Fluorite Purple,4 GB,128 GB,Yes,4.4,12990,16990,OPPO A9,4000,23.543260741612716,Android,374,4.7,5707,133
realme,Narzo 30 Pro 5G ,Blade Silver,6 GB,64 GB,Yes,4.3,16999,18999,realme Narzo 30 Pro 5G ,2000,10.526869835254487,Android,876,6.9,5210,779
Infinix,S5 ,Violet,4 GB,64 GB,Yes,4.3,10999,10999,Infinix S5 ,0,0.0,Android,430,6.2,4219,232
Motorola,One Action ,Pearl White,4 GB,128 GB,Yes,4.2,10999,16999,Motorola One Action ,6000,35.296193893758456,Android,351,5.2,5236,173
Xiaomi,11 Lite NE,Vinyl Black,6 GB,128 GB,Yes,4.3,25990,25990,Xiaomi 11 Lite NE,0,0.0,Android,998,6.0,3455,838
ASUS,ROG Phone 5 ,White,8 GB,128 GB,Yes,4.3,49999,55999,ASUS ROG Phone 5 ,6000,10.714477044232932,Android,631,4.6,3449,35
Motorola,One Power ,Black,4 GB,64 GB,Yes,4.3,18999,18999,Motorola One Power ,0,0.0,Android,757,6.6,4864,437
realme,1,Diamond Black,6 GB,128 GB,Yes,4.3,10999,14990,realme 1,3991,26.62441627751835,Android,256,5.5,3887,13
ASUS,ROG Phone II ,Black,12 GB,512 GB,Yes,4.6,62999,62999,ASUS ROG Phone II ,0,0.0,Android,447,5.6,5832,206
Apple,iPhone 12 Pro ,Graphite,6 GB,256 GB,Yes,4.6,119900,119900,Apple iPhone 12 Pro ,0,0.0,IOS,666,6.5,5493,641
GIONEE,P2S ,Black,512 MB,4 GB,Yes,3.6,2450,2450,GIONEE P2S ,0,0.0,Android,73,6.0,3692,2
Lenovo,Vibe K5 Note ,Gold,3 GB,32 GB,Yes,4.1,10999,10999,Lenovo Vibe K5 Note ,0,0.0,Android,11,6.7,4006,8
Apple,iPhone XS ,Space Grey,4 GB,512 GB,Yes,4.7,134900,134900,Apple iPhone XS ,0,0.0,IOS,376,4.5,4059,168
Nokia,8.1,Blue,4 GB,64 GB,Yes,4.3,28831,28831,Nokia 8.1,0,0.0,Android,212,5.0,4624,12
OPPO,A52,Stream White,4 GB,128 GB,Yes,4.4,14990,17990,OPPO A52,3000,16.67593107281823,Android,376,5.4,4976,11
SAMSUNG,Galaxy A32 ,Awesome White,6 GB,128 GB,Yes,4.1,21999,24999,SAMSUNG Galaxy A32 ,3000,12.000480019200769,Android,974,5.6,4844,653
Infinix,Hot 10 Play,Morandi Green,4 GB,64 GB,Yes,4.3,9299,10999,Infinix Hot 10 Play,1700,15.455950540958268,Android,31,5.8,5993,24
Xiaomi,Mi 11X ,Lunar White,6 GB,128 GB,Yes,4.3,24338,25989,Xiaomi Mi 11X ,1651,6.3526876755550425,Android,402,6.8,2603,152
Xiaomi,Mi 11X Pro 5G ,Lunar White,8 GB,256 GB,Yes,4.4,38999,38999,Xiaomi Mi 11X Pro 5G ,0,0.0,Android,156,5.2,2141,141
SAMSUNG,Galaxy A21s ,Blue,4 GB,64 GB,Yes,4.2,14999,17999,SAMSUNG Galaxy A21s ,3000,16.667592644035782,Android,649,6.0,5119,216
Apple,iPhone 8 Plus ,Space Grey,3 GB,64 GB,Yes,4.6,49900,49900,Apple iPhone 8 Plus ,0,0.0,IOS,888,6.5,4673,687
SAMSUNG,Galaxy M20 ,Charcoal Black,4 GB,64 GB,Yes,4.3,11990,12250,SAMSUNG Galaxy M20 ,260,2.122448979591837,Android,658,4.9,4590,76
realme,9 5G SE,Azure Glow,8 GB,128 GB,Yes,4.5,22999,26999,realme 9 5G SE,4000,14.815363531982667,Android,915,5.1,5186,557
SAMSUNG,Galaxy S20 ,Cloud Pink,8 GB,128 GB,Yes,4.3,74000,74000,SAMSUNG Galaxy S20 ,0,0.0,Android,467,6.9,5326,86
OPPO,A54,Moonlight Gold,6 GB,128 GB,Yes,4.3,16990,17990,OPPO A54,1000,5.558643690939411,Android,703,6.9,2128,285
SAMSUNG,M02s ,Blue,3 GB,32 GB,Yes,4.2,9539,10389,SAMSUNG M02s ,850,8.181730676677255,Android,967,6.0,4580,620
realme,C25s ,Watery Blue,4 GB,64 GB,Yes,4.4,10999,10999,realme C25s ,0,0.0,Android,234,5.2,5513,106
Nokia,5310ds,Black,8 MB,16 MB,Yes,4.1,3429,3445,Nokia 5310ds,16,0.4644412191582002,Android,153,5.4,2304,64
Apple,iPhone XS Max ,Silver,4 GB,256 GB,Yes,4.6,78999,124900,Apple iPhone XS Max ,45901,36.7502001601281,IOS,71,5.8,2631,56
OPPO,A71k,Gold,3 GB,16 GB,Yes,4.4,10990,10990,OPPO A71k,0,0.0,Android,738,6.5,4626,264
SAMSUNG,Galaxy S Duos 2 ,Pure White,512 MB,4 GB,Yes,4.0,5999,5999,SAMSUNG Galaxy S Duos 2 ,0,0.0,Android,578,5.6,4994,146
LG,W10 Alpha ,Black,3 GB,32 GB,Yes,3.7,7299,7299,LG W10 Alpha ,0,0.0,Android,417,6.8,4236,180
LG,Optimus L5 II ,Black,512 MB,4 GB,Yes,4.5,10199,10199,LG Optimus L5 II ,0,0.0,Android,678,5.6,3101,383
Apple,iPhone 11 Pro ,Space Grey,4GB,256 GB,Yes,4.6,79999,106600,Apple iPhone 11 Pro ,26601,24.954033771106943,IOS,339,6.7,5373,264
ASUS,ZenFone Max Pro M2 ,Titanium,4 GB,64 GB,Yes,4.3,17999,17999,ASUS ZenFone Max Pro M2 ,0,0.0,Android,462,6.7,2642,31
Nokia,6.1,Gold,3 GB,32 GB,Yes,4.2,17979,17979,Nokia 6.1,0,0.0,Android,498,6.6,2460,227
realme,3i ,Diamond Blue,4 GB,64 GB,Yes,4.4,10499,10999,realme 3i ,500,4.545867806164196,Android,871,6.3,4072,782
GIONEE,M7 Power ,Blue,4 GB,64 GB,Yes,4.1,7999,7999,GIONEE M7 Power ,0,0.0,Android,761,5.9,3379,484
Apple,iPhone 6s ,Space Grey,2 GB,32 GB,Yes,4.5,25299,29900,Apple iPhone 6s ,4601,15.387959866220736,IOS,618,4.8,4154,438
Apple,iPhone 11 ,Black,4GB,128 GB,Yes,4.6,54900,54900,Apple iPhone 11 ,0,0.0,IOS,89,6.2,2654,47
Apple,iPhone XR ,Blue,3 GB,64 GB,Yes,4.6,42999,47900,Apple iPhone XR ,4901,10.231732776617951,IOS,641,4.9,5264,64
Nokia,7.1,Steel,4 GB,64 GB,Yes,4.1,12998,12998,Nokia 7.1,0,0.0,Android,880,6.9,3125,835
ASUS,Zenfone Selfie ,White,2 GB,16 GB,Yes,3.9,15999,15999,ASUS Zenfone Selfie ,0,0.0,Android,573,6.3,5731,134
POCO,F1,Steel Blue,8 GB,256 GB,Yes,4.5,30999,30999,POCO F1,0,0.0,Android,633,4.8,3009,321
realme,C11 2021 ,Cool Blue,4 GB,64 GB,Yes,4.2,8799,9999,realme C11 2021 ,1200,12.001200120012,Android,536,5.9,3404,149
Infinix,Smart 4,Violet,2 GB,32 GB,Yes,4.4,8999,8999,Infinix Smart 4,0,0.0,Android,968,5.3,4548,429
Apple,iPhone 12 Pro ,Gold,6 GB,512 GB,Yes,4.6,139900,139900,Apple iPhone 12 Pro ,0,0.0,IOS,365,6.3,2823,63
OPPO,F5,Red,6 GB,64 GB,Yes,4.4,24990,24990,OPPO F5,0,0.0,Android,313,5.1,5543,183
realme,Narzo 30 ,Racing Blue,4 GB,64 GB,Yes,4.3,13499,14999,realme Narzo 30 ,1500,10.000666711114077,Android,144,6.5,2851,96
OPPO,Reno6 Pro 5G,Stellar Black,12 GB,256 GB,Yes,4.4,39990,46990,OPPO Reno6 Pro 5G,7000,14.896786550329857,Android,971,6.7,5193,78
Apple,iPhone 12 Pro ,Graphite,6 GB,128 GB,Yes,4.6,109900,109900,Apple iPhone 12 Pro ,0,0.0,IOS,932,6.5,2632,830
SAMSUNG,Galaxy S21 ,Phantom White,8 GB,256 GB,Yes,4.3,73999,87999,SAMSUNG Galaxy S21 ,14000,15.909271696269276,Android,898,5.4,2659,476
Xiaomi,Redmi 8A Dual ,Sea Blue,3 GB,64 GB,Yes,4.4,9499,9499,Xiaomi Redmi 8A Dual ,0,0.0,Android,703,6.0,2494,674
SAMSUNG,Galaxy S4 Mini ,White Frost,1.5 GB,8 GB,Yes,3.8,20400,20400,SAMSUNG Galaxy S4 Mini ,0,0.0,Android,940,5.3,3517,840
Infinix,Hot 4 Pro,Magic Gold,3 GB,16 GB,Yes,4.0,7499,7499,Infinix Hot 4 Pro,0,0.0,Android,917,6.5,5767,287
Apple,iPhone 6s Plus ,Rose Gold,2 GB,16 GB,Yes,4.4,49999,49999,Apple iPhone 6s Plus ,0,0.0,IOS,12,6.9,2171,6
SAMSUNG,Galaxy A6 ,Blue,4 GB,64 GB,Yes,4.3,16990,16990,SAMSUNG Galaxy A6 ,0,0.0,Android,155,4.6,4143,88
SAMSUNG,Galaxy A22 ,Black,6 GB,128 GB,Yes,4.3,17578,19499,SAMSUNG Galaxy A22 ,1921,9.85178727114211,Android,812,5.9,5277,307
SAMSUNG,Galaxy Note 5 ,Silver Titanium,4 GB,32 GB,Yes,3.9,38900,38900,SAMSUNG Galaxy Note 5 ,0,0.0,Android,576,7.0,2750,195
SAMSUNG,Galaxy A50 ,White,6 GB,64 GB,Yes,4.4,24000,24000,SAMSUNG Galaxy A50 ,0,0.0,Android,450,6.7,5242,171
Nokia,5.1,Black,3 GB,32 GB,Yes,4.0,7899,7899,Nokia 5.1,0,0.0,Android,79,5.5,2328,71
SAMSUNG,Galaxy M31 ,Space Black,6 GB,64 GB,Yes,4.3,16299,16299,SAMSUNG Galaxy M31 ,0,0.0,Android,40,5.2,2919,18
SAMSUNG,Galaxy S Duos 3 ,Ceramic White,512 MB,4 GB,Yes,4.0,6048,6048,SAMSUNG Galaxy S Duos 3 ,0,0.0,Android,260,5.3,4600,44
Xiaomi,Redmi 9 ,Carbon Black,4 GB,64 GB,Yes,4.2,10070,10129,Xiaomi Redmi 9 ,59,0.5824859314838582,Android,676,6.4,4874,219
SAMSUNG,Galaxy S10 Lite ,Prism Blue,8 GB,128 GB,Yes,4.5,40999,43999,SAMSUNG Galaxy S10 Lite ,3000,6.818336780381372,Android,91,6.0,3638,6
Infinix,Hot 7 Pro,Mocha Brown,6 GB,64 GB,Yes,4.2,10999,10999,Infinix Hot 7 Pro,0,0.0,Android,22,5.2,2211,1
POCO,X3 Pro ,Steel Blue,6 GB,128 GB,Yes,4.4,18999,23999,POCO X3 Pro ,5000,20.83420142505938,Android,25,5.9,3905,11
HTC,U11,Sapphire Blue,6 GB,128 GB,Yes,4.6,53990,53990,HTC U11,0,0.0,Android,684,5.9,4438,194
POCO,M4 Pro 5G,Yellow,6 GB,128 GB,Yes,4.4,16999,19999,POCO M4 Pro 5G,3000,15.000750037501875,Android,250,6.7,5307,54
Xiaomi,11 Lite NE,Diamond Dazzle,8 GB,128 GB,Yes,4.4,27999,27999,Xiaomi 11 Lite NE,0,0.0,Android,316,6.7,3278,19
Apple,iPhone 13 Mini ,Midnight,6 GB,512 GB,Yes,,99900,99900,Apple iPhone 13 Mini ,0,0.0,IOS,975,6.4,5906,650
GIONEE,Elife S7 ,Black,2 GB,16 GB,Yes,4.1,15999,15999,GIONEE Elife S7 ,0,0.0,Android,726,5.3,4274,71
SAMSUNG,Galaxy S21 ,Phantom Gray,8 GB,128 GB,Yes,4.3,69999,83999,SAMSUNG Galaxy S21 ,14000,16.666865081727163,Android,730,5.0,2350,135
LG,G Pro 2 ,Titan,3 GB,16 GB,Yes,4.5,42021,42021,LG G Pro 2 ,0,0.0,Android,610,6.7,4741,247
SAMSUNG,Galaxy M31 ,Space Black,8 GB,128 GB,Yes,4.3,19990,19990,SAMSUNG Galaxy M31 ,0,0.0,Android,247,5.7,4317,154
Apple,iPhone 12 ,Blue,4GB,64 GB,Yes,4.6,63999,65900,Apple iPhone 12 ,1901,2.8846737481031868,IOS,749,5.3,5714,607
SAMSUNG,Guru FM Plus,Black,,2 MB,Yes,4.2,1435,1435,SAMSUNG Guru FM Plus,0,0.0,Android,926,6.8,2771,610
GIONEE,L700,Black,8 MB,16 MB,Yes,3.9,1890,1890,GIONEE L700,0,0.0,Android,719,6.4,5217,414
Lenovo,A7000 Turbo ,Black,2 GB,16 GB,Yes,3.8,5999,5999,Lenovo A7000 Turbo ,0,0.0,Android,620,5.0,3641,1
Lenovo,P2 ,Grey,3 GB,32 GB,Yes,4.3,16999,16999,Lenovo P2 ,0,0.0,Android,569,5.2,4481,254
Lenovo,K3 Note ,Yellow,2 GB,16 GB,Yes,4.0,7999,7999,Lenovo K3 Note ,0,0.0,Android,742,5.7,2506,354
realme,Narzo 20 Pro ,White Knight,8 GB,128 GB,Yes,4.3,16999,18999,realme Narzo 20 Pro ,2000,10.526869835254487,Android,183,4.5,2027,164
vivo,Y11 ,Agate Red,4 GB,64 GB,Yes,4.4,16990,20990,vivo Y11 ,4000,19.05669366364936,Android,243,5.3,2061,69
SAMSUNG,Galaxy A50s ,Prism Crush Violet,4 GB,128 GB,Yes,4.3,14999,24900,SAMSUNG Galaxy A50s ,9901,39.76305220883534,Android,100,6.9,4753,86
SAMSUNG,Galaxy J7 Prime 2 ,Black,3 GB,32 GB,Yes,4.3,14990,14990,SAMSUNG Galaxy J7 Prime 2 ,0,0.0,Android,956,5.3,3367,836
OPPO,Reno 10x Zoom,Ocean Green,8 GB,256 GB,Yes,4.4,41990,55990,OPPO Reno 10x Zoom,14000,25.00446508305054,Android,633,6.2,5340,146
HTC,10,Topaz Gold,4 GB,32 GB,Yes,4.2,56690,56690,HTC 10,0,0.0,Android,468,6.9,2081,80
Apple,iPhone 6s ,Silver,2 GB,64 GB,Yes,4.5,49999,49999,Apple iPhone 6s ,0,0.0,IOS,842,5.0,2643,523
SAMSUNG,Galaxy A5 ,Black,2 GB,16 GB,Yes,4.1,14490,14490,SAMSUNG Galaxy A5 ,0,0.0,Android,30,4.5,3945,18
Apple,iPhone 6s ,Gold,2 GB,32 GB,Yes,4.5,25299,29900,Apple iPhone 6s ,4601,15.387959866220736,IOS,944,4.5,3428,827
Apple,iPhone SE ,Black,2 GB,128 GB,Yes,4.5,44900,44900,Apple iPhone SE ,0,0.0,IOS,482,6.5,5247,129
Apple,iPhone 12 Pro Max ,Silver,,128 GB,Yes,4.6,119900,119900,Apple iPhone 12 Pro Max ,0,0.0,IOS,11,6.1,2995,9
Lenovo,A5 ,Gold,2 GB,16 GB,Yes,4.1,6999,6999,Lenovo A5 ,0,0.0,Android,549,5.2,5637,386
Apple,iPhone 13 Pro Max ,Graphite,6 GB,256 GB,Yes,,139900,139900,Apple iPhone 13 Pro Max ,0,0.0,IOS,879,5.6,4748,406
Infinix,Hot 6 Pro,City Blue,3 GB,32 GB,Yes,4.3,8999,8999,Infinix Hot 6 Pro,0,0.0,Android,938,6.6,2822,714
Nokia,6310,Black,16 MB,8 MB,Yes,,4400,4400,Nokia 6310,0,0.0,Android,598,4.8,3403,405
GIONEE,P5_W ,Blue,1 GB,16 GB,Yes,3.8,4190,7238,GIONEE P5_W ,3048,42.11108040895275,Android,865,6.2,3197,721
POCO,C3 ,Lime Green,3 GB,32 GB,Yes,4.3,7999,9999,POCO C3 ,2000,20.00200020002,Android,3,5.8,5385,3
SAMSUNG,Galaxy S10 ,Prism White,8 GB,128 GB,Yes,4.6,39999,71000,SAMSUNG Galaxy S10 ,31001,43.66338028169014,Android,245,6.7,5706,226
Apple,iPhone 13 Mini ,Red,4 GB,128 GB,Yes,,69900,69900,Apple iPhone 13 Mini ,0,0.0,IOS,552,6.9,4488,43
Nokia,215 4G DS,Black,64 MB,128 MB,Yes,3.6,3220,3220,Nokia 215 4G DS,0,0.0,Android,375,6.1,2969,102
realme,8i ,Space Black,4 GB,64 GB,Yes,,13999,15999,realme 8i ,2000,12.500781298831177,Android,722,4.5,2569,157
SAMSUNG,Galaxy S7 ,Black Onyx,4 GB,32 GB,Yes,4.4,24999,24999,SAMSUNG Galaxy S7 ,0,0.0,Android,18,6.8,5916,15
Nokia,TA-1174 / TA-1299,Black,4 MB,4 MB,Yes,4.2,1149,1149,Nokia TA-1174 / TA-1299,0,0.0,Android,565,4.7,3934,486
POCO,F1,Steel Blue,6 GB,128 GB,Yes,,24999,24999,POCO F1,0,0.0,Android,962,5.6,4742,566
Apple,iPhone XR ,Coral,3 GB,128 GB,Yes,4.6,47999,52900,Apple iPhone XR ,4901,9.264650283553877,IOS,874,6.6,2675,490
realme,C12 ,Power Silver,4 GB,64 GB,Yes,4.4,10999,10999,realme C12 ,0,0.0,Android,189,6.2,4203,185
Nokia,C3 ,Nordic Blue,2 GB,16 GB,Yes,3.7,7290,7290,Nokia C3 ,0,0.0,Android,96,4.7,4357,79
SAMSUNG,Galaxy J5 Prime ,Black,2 GB,16 GB,Yes,4.0,14500,14500,SAMSUNG Galaxy J5 Prime ,0,0.0,Android,372,6.1,3147,49
Nokia,C20 Plus ,Blue,3 GB,32 GB,Yes,3.8,9999,11099,Nokia C20 Plus ,1100,9.910802775024775,Android,434,6.7,5200,235
Xiaomi,Redmi 8A ,Sunset Red,2 GB,32 GB,Yes,4.2,7999,7999,Xiaomi Redmi 8A ,0,0.0,Android,271,5.3,3567,262
Infinix,Hot 10,Moonlight Jade,6 GB,128 GB,Yes,4.3,13999,13999,Infinix Hot 10,0,0.0,Android,560,5.6,2983,430
Infinix,Hot 10 Play,Aegean Blue,3 GB,32 GB,Yes,4.3,8299,9999,Infinix Hot 10 Play,1700,17.001700170017,Android,436,5.1,3269,357
SAMSUNG,Galaxy M12 ,White,6 GB,128 GB,Yes,4.2,14490,14999,SAMSUNG Galaxy M12 ,509,3.3935595706380424,Android,178,6.3,5925,99
ASUS,Zenfone Go 5.0 LTE 2nd Gen ,Gold,2 GB,16 GB,Yes,3.6,5840,5840,ASUS Zenfone Go 5.0 LTE 2nd Gen ,0,0.0,Android,733,6.1,3197,682
POCO,M2 Pro,Two shades of black,4 GB,64 GB,Yes,4.4,13999,17999,POCO M2 Pro,4000,22.22345685871437,Android,764,6.3,5826,488
ASUS,Zenfone Selfie ,Red,3 GB,32 GB,Yes,4.0,11999,11999,ASUS Zenfone Selfie ,0,0.0,Android,713,6.3,5823,511
vivo,Y75 5G,Glowing Galaxy,8 GB,128 GB,Yes,4.3,22490,22490,vivo Y75 5G,0,0.0,Android,361,6.9,5613,126
Xiaomi,11i 5G,Pacific Pearl,6 GB,128 GB,Yes,4.3,24999,29999,Xiaomi 11i 5G,5000,16.66722224074136,Android,513,6.9,4967,27
Xiaomi,Redmi Y2 ,Rose Gold,3 GB,32 GB,Yes,4.3,9999,9999,Xiaomi Redmi Y2 ,0,0.0,Android,480,4.8,4255,87
OPPO,A5s,Black,3 GB,32 GB,Yes,4.4,9490,12990,OPPO A5s,3500,26.943802925327176,Android,22,6.9,5789,7
Nokia,7.2,Charcoal,4 GB,64 GB,Yes,4.1,19999,19999,Nokia 7.2,0,0.0,Android,802,5.2,5058,216
SAMSUNG,Galaxy S20 FE ,Cloud Mint,8 GB,128 GB,Yes,4.0,49999,65999,SAMSUNG Galaxy S20 FE ,16000,24.24279155744784,Android,258,5.8,3784,147
SAMSUNG,Galaxy Ace NXT ,Black,512 MB,4 GB,Yes,3.8,5795,5795,SAMSUNG Galaxy Ace NXT ,0,0.0,Android,896,4.7,4278,344
GIONEE,S6 ,Silver,3 GB,32 GB,Yes,3.8,7999,7999,GIONEE S6 ,0,0.0,Android,305,6.8,4279,291
LG,Wing ,Aurora Gray,8 GB,128 GB,Yes,4.2,29999,80000,LG Wing ,50001,62.50125,Android,101,6.6,2976,31
Lenovo,Sisley S60 ,Grey,2 GB,8 GB,Yes,3.5,6980,6980,Lenovo Sisley S60 ,0,0.0,Android,177,6.4,2880,137
ASUS,Zenfone 4 Selfie ,Black,3 GB,32 GB,Yes,4.1,10999,10999,ASUS Zenfone 4 Selfie ,0,0.0,Android,949,5.4,2005,384
Infinix,Hot 10,Moonlight Jade,4 GB,64 GB,Yes,4.4,11999,11999,Infinix Hot 10,0,0.0,Android,690,6.1,3573,335
realme,9 5G SE,Starry Glow,6 GB,128 GB,Yes,4.5,19999,24999,realme 9 5G SE,5000,20.00080003200128,Android,175,6.7,2559,16
Nokia,6.1 Plus ,White,4 GB,64 GB,Yes,4.3,18599,18599,Nokia 6.1 Plus ,0,0.0,Android,412,6.2,4109,165
SAMSUNG,Galaxy J7 Prime ,Black,3 GB,32 GB,Yes,4.2,15300,15300,SAMSUNG Galaxy J7 Prime ,0,0.0,Android,126,5.6,3017,37
Motorola,G30 ,Pastel Sky,4 GB,64 GB,Yes,4.1,10999,14999,Motorola G30 ,4000,26.668444562970866,Android,873,5.6,2534,19
Nokia,G10 ,Night | Dark Blue,4 GB,64 GB,Yes,,12149,12149,Nokia G10 ,0,0.0,Android,996,4.7,2824,69
Apple,iPhone XR ,Red,3 GB,64 GB,Yes,4.6,42999,47900,Apple iPhone XR ,4901,10.231732776617951,IOS,848,6.7,2095,759
Xiaomi,Y11T Pro,Celestial Magic,8 GB,256 GB,Yes,4.3,42999,42999,Xiaomi Y11T Pro,0,0.0,Android,603,6.0,3875,216
realme,X ,Super Polar White,8 GB,128 GB,Yes,4.5,21999,21999,realme X ,0,0.0,Android,638,5.0,2830,603
SAMSUNG,Galaxy F02s ,Diamond Black,4 GB,64 GB,Yes,4.2,10499,11499,SAMSUNG Galaxy F02s ,1000,8.696408383337682,Android,907,5.8,5855,852
HTC,One M8 ,Silver,2 GB,16 GB,Yes,4.4,59900,59900,HTC One M8 ,0,0.0,Android,488,6.5,5618,321
vivo,V21 5G ,Arctic White,8 GB,256 GB,Yes,4.3,14990,14990,vivo V21 5G ,0,0.0,Android,136,5.0,5945,135
GIONEE,S11 Lite ,Gold,4 GB,32 GB,Yes,4.0,15490,15490,GIONEE S11 Lite ,0,0.0,Android,239,6.4,4723,42
OPPO,Reno3 Pro,Auroral Blue,8 GB,256 GB,Yes,4.4,27990,35990,OPPO Reno3 Pro,8000,22.228396776882462,Android,696,5.1,2075,235
SAMSUNG,Galaxy A8 Plus ,Gold,6 GB,64 GB,Yes,4.2,29990,29990,SAMSUNG Galaxy A8 Plus ,0,0.0,Android,878,4.7,3133,217
SAMSUNG,Guru Music 2,Black,,Expandable Upto 16 GB,Yes,4.3,1625,1625,SAMSUNG Guru Music 2,0,0.0,Android,496,5.0,5429,19
SAMSUNG,Galaxy S7 ,Gold Platinum,4 GB,32 GB,Yes,4.4,22222,52000,SAMSUNG Galaxy S7 ,29778,57.26538461538462,Android,205,4.6,3388,193
realme,X7 5G ,Space Silver,8 GB,128 GB,Yes,4.3,21999,23999,realme X7 5G ,2000,8.33368057002375,Android,204,5.4,3132,14
Xiaomi,Redmi 9A ,SeaBlue,2 GB,32 GB,Yes,4.5,7619,7619,Xiaomi Redmi 9A ,0,0.0,Android,335,4.6,5739,168
SAMSUNG,Galaxy A70 ,Blue,6 GB,128 GB,Yes,4.3,30900,30900,SAMSUNG Galaxy A70 ,0,0.0,Android,282,6.3,3284,45
realme,6 Pro ,Lightning Blue,6 GB,64 GB,Yes,4.4,17999,17999,realme 6 Pro ,0,0.0,Android,593,6.4,5247,243
Infinix,Note 11S Free Fire Edition,Mithril Grey,8 GB,128 GB,Yes,4.3,15999,18999,Infinix Note 11S Free Fire Edition,3000,15.790304752881733,Android,515,5.5,2243,170
SAMSUNG,Galaxy J4 ,Black,2 GB,16 GB,Yes,4.3,8990,8990,SAMSUNG Galaxy J4 ,0,0.0,Android,548,6.7,2464,441
GIONEE,X1s ,Gold,3 GB,16 GB,Yes,4.0,6450,6450,GIONEE X1s ,0,0.0,Android,349,4.9,4573,141
Motorola,XT502,Black,512 MB,16 GB,Yes,3.8,15990,15990,Motorola XT502,0,0.0,Android,482,6.5,5680,446
Nokia,5,Tempered Blue,3 GB,16 GB,Yes,4.1,16199,16199,Nokia 5,0,0.0,Android,506,5.9,5254,488
Nokia,6310,Black,8 MB,16 MB,Yes,,4189,4189,Nokia 6310,0,0.0,Android,771,5.5,4966,687
HTC,Desire 828,Pearl White,2 GB,16 GB,Yes,3.7,16990,16990,HTC Desire 828,0,0.0,Android,481,6.1,4188,221
POCO,X2,Matrix Purple,6 GB,128 GB,Yes,4.5,15999,19999,POCO X2,4000,20.001000050002503,Android,926,5.3,4468,322
SAMSUNG,Galaxy Note 9 ,Ocean Blue,8 GB,512 GB,Yes,4.6,59999,59999,SAMSUNG Galaxy Note 9 ,0,0.0,Android,129,4.6,2030,38
ASUS,Zenfone Go 5.0 ,Black,2 GB,16 GB,Yes,4.0,4499,4499,ASUS Zenfone Go 5.0 ,0,0.0,Android,184,4.6,5209,166
SAMSUNG,Galaxy Mega 5.8 ,Black,1.5 GB,8 GB,Yes,3.8,26000,26000,SAMSUNG Galaxy Mega 5.8 ,0,0.0,Android,647,5.2,4938,125
SAMSUNG,Galaxy M42 5G ,Prism Dot Black,6 GB,128 GB,Yes,4.3,21450,21450,SAMSUNG Galaxy M42 5G ,0,0.0,Android,148,5.6,4211,113
Apple,iPhone XR ,Yellow,3 GB,128 GB,Yes,4.6,47999,52900,Apple iPhone XR ,4901,9.264650283553877,IOS,901,4.7,3013,858
SAMSUNG,Galaxy M10 ,Charcoal Black,2 GB,16 GB,Yes,4.3,8170,8170,SAMSUNG Galaxy M10 ,0,0.0,Android,30,4.9,3405,2
LG,Q6+ ,Platinum,4 GB,64 GB,Yes,3.9,19990,19990,LG Q6+ ,0,0.0,Android,972,5.0,2090,814
OPPO,F11 Pro,Thunder Black,6 GB,128 GB,Yes,4.5,17990,29990,OPPO F11 Pro,12000,40.01333777925976,Android,872,6.1,3400,169
Nokia,105 DS 2020,Black,4 MB,4 MB,Yes,4.2,1399,1599,Nokia 105 DS 2020,200,12.507817385866163,Android,608,6.5,5150,567
Motorola,E7 Plus ,Misty Blue,4 GB,64 GB,Yes,4.2,8999,12999,Motorola E7 Plus ,4000,30.771597815216555,Android,664,5.5,2224,267
Lenovo,K6 Note ,Silver,3 GB,32 GB,Yes,4.1,7490,14890,Lenovo K6 Note ,7400,49.69778374748153,Android,940,6.8,4524,480
OPPO,A52,Twilight Black,6 GB,128 GB,Yes,4.3,17999,17999,OPPO A52,0,0.0,Android,536,5.3,5453,85
Xiaomi,Redmi 9 ,Sky Blue,4 GB,128 GB,Yes,4.4,11199,11990,Xiaomi Redmi 9 ,791,6.5971643035863226,Android,942,4.8,4304,22
realme,1,Silver,4 GB,64 GB,Yes,4.4,11490,12990,realme 1,1500,11.547344110854503,Android,929,5.8,3606,879
SAMSUNG,Galaxy Grand I9082 ,Metallic Blue,1 GB,8 GB,Yes,4.0,8999,8999,SAMSUNG Galaxy Grand I9082 ,0,0.0,Android,585,4.7,2135,147
vivo,Y72 5G ,Slate Gray,8 GB,128 GB,Yes,4.4,21990,21990,vivo Y72 5G ,0,0.0,Android,554,6.5,2862,414
Xiaomi,Redmi K20 Pro ,Carbon Black,6 GB,128 GB,Yes,4.5,28999,28999,Xiaomi Redmi K20 Pro ,0,0.0,Android,231,4.7,4177,78
ASUS,Zenfone Max ZC550KL ,Black,3 GB,32 GB,Yes,4.1,7990,7990,ASUS Zenfone Max ZC550KL ,0,0.0,Android,664,6.4,2923,480
Infinix,Smart 8,Aegean Blue,2 GB,32 GB,Yes,4.3,7499,8999,Infinix Smart 8,1500,16.6685187243027,Android,608,6.3,3714,139
SAMSUNG,Galaxy A12 ,White,6 GB,128 GB,Yes,3.9,15989,16489,SAMSUNG Galaxy A12 ,500,3.0323245800230456,Android,117,5.7,2717,74
realme,C25 ,Watery Blue,4 GB,128 GB,Yes,4.4,10999,11999,realme C25 ,1000,8.334027835652972,Android,824,4.7,5559,99
Apple,iPhone 7 ,Rose Gold,2 GB,32 GB,Yes,4.5,24999,31500,Apple iPhone 7 ,6501,20.63809523809524,IOS,145,5.2,4527,9
Lenovo,A6 Note ,Black,3 GB,32 GB,Yes,4.2,9999,9999,Lenovo A6 Note ,0,0.0,Android,32,5.7,3938,4
vivo,Y83 Pro,Black,4 GB,64 GB,Yes,4.4,15900,15900,vivo Y83 Pro,0,0.0,Android,166,4.7,2311,129
SAMSUNG,Galaxy A52 ,Awesome Violet,8 GB,128 GB,Yes,4.4,28999,31999,SAMSUNG Galaxy A52 ,3000,9.37529297790556,Android,697,6.4,3273,18
SAMSUNG,Galaxy F22 ,Denim Black,4 GB,64 GB,Yes,4.3,12999,14999,SAMSUNG Galaxy F22 ,2000,13.334222281485433,Android,918,6.5,3277,439
Apple,iPhone 6 ,Gold,1 GB,64 GB,Yes,4.4,62500,62500,Apple iPhone 6 ,0,0.0,IOS,165,6.8,3678,122
LG,Optimus L7 II Dual ,White,768 MB,4 GB,Yes,4.0,13299,13299,LG Optimus L7 II Dual ,0,0.0,Android,98,6.3,3422,97
OPPO,F9 Pro,Twilight Blue,6 GB,64 GB,Yes,4.5,21150,21150,OPPO F9 Pro,0,0.0,Android,536,4.5,4080,180
Apple,iPhone 11 Pro ,Space Grey,4GB,512 GB,Yes,4.6,140300,140300,Apple iPhone 11 Pro ,0,0.0,IOS,664,5.2,4186,451
Lenovo,P2 ,Gold,4 GB,32 GB,Yes,4.3,17999,17999,Lenovo P2 ,0,0.0,Android,253,5.3,4485,11
SAMSUNG,Galaxy A03s ,Blue,3 GB,32 GB,Yes,4.0,11499,13499,SAMSUNG Galaxy A03s ,2000,14.815912289799243,Android,474,5.4,3962,149
Motorola,One Macro ,Ultra Violet,4 GB,64 GB,Yes,4.3,9499,11999,Motorola One Macro ,2500,20.835069589132427,Android,440,6.7,4951,203
Google Pixel,Nexus 5X ,Black,2 GB,16 GB,Yes,4.5,12000,29990,Google Pixel Nexus 5X ,17990,59.98666222074025,Android,990,5.7,2262,791
SAMSUNG,Galaxy M30s ,Black,6 GB,128 GB,Yes,4.1,16999,16999,SAMSUNG Galaxy M30s ,0,0.0,Android,675,5.0,2546,290
OPPO,A54,Starry Blue,4 GB,128 GB,Yes,4.3,15990,15990,OPPO A54,0,0.0,Android,484,5.9,2156,317
Xiaomi,Redmi Note 7 ,Onyx Black,3 GB,32 GB,Yes,,11900,12999,Xiaomi Redmi Note 7 ,1099,8.454496499730748,Android,721,5.0,5852,169
OPPO,F17 Pro,Matte Black,8 GB,128 GB,Yes,4.3,19990,25990,OPPO F17 Pro,6000,23.08580223162755,Android,259,6.9,4838,209
Xiaomi,Mi A2 ,Red,4 GB,64 GB,Yes,4.4,11948,11948,Xiaomi Mi A2 ,0,0.0,Android,367,6.8,3073,289
SAMSUNG,Metro 313,Black,4 MB,2 MB,Yes,4.2,2050,2050,SAMSUNG Metro 313,0,0.0,Android,207,4.7,3855,146
Motorola,G8 Plus,Cosmic Blue,4 GB,64 GB,Yes,4.3,12999,15999,Motorola G8 Plus,3000,18.751171948246764,Android,17,6.9,5435,13
ASUS,Zenfone Go 5.0 ,Black,2 GB,8 GB,Yes,4.0,4990,4990,ASUS Zenfone Go 5.0 ,0,0.0,Android,661,6.8,4175,279
Infinix,Hot 10 Play,Purple  ,3 GB,32 GB,Yes,4.3,8299,9999,Infinix Hot 10 Play,1700,17.001700170017,Android,683,6.4,3925,645
ASUS,Zenfone 4 Selfie ,Gold,3 GB,32 GB,Yes,4.1,10999,10999,ASUS Zenfone 4 Selfie ,0,0.0,Android,263,5.0,4073,213
OPPO,F17,Dynamic Orange,6 GB,128 GB,Yes,4.2,16990,20990,OPPO F17,4000,19.05669366364936,Android,504,5.8,5001,390
OPPO,Reno4 Pro Special Edition,Galactic Blue,8 GB,128 GB,Yes,4.4,34990,37990,OPPO Reno4 Pro Special Edition,3000,7.896814951302974,Android,996,5.8,2146,203
SAMSUNG,Galaxy J7 Duo ,Gold,4 GB,32 GB,Yes,4.3,17889,17889,SAMSUNG Galaxy J7 Duo ,0,0.0,Android,861,6.5,2959,530
Xiaomi,Redmi Note 6 Pro ,Red,6 GB,64 GB,Yes,4.5,17999,17999,Xiaomi Redmi Note 6 Pro ,0,0.0,Android,204,6.3,2195,10
SAMSUNG,Galaxy A72 ,Awesome Blue,8 GB,256 GB,Yes,4.3,37999,43999,SAMSUNG Galaxy A72 ,6000,13.636673560762745,Android,442,6.4,2993,121
LG,W31 ,Midnight Blue,4 GB,64 GB,Yes,4.0,9999,9999,LG W31 ,0,0.0,Android,836,5.0,5310,700
Motorola,Razr ,Gold,6 GB,128 GB,Yes,3.8,74999,149999,Motorola Razr ,75000,50.00033333555557,Android,438,6.6,2962,54
SAMSUNG,Galaxy Note 10 ,Aura Glow,8 GB,256 GB,Yes,4.5,73600,75000,SAMSUNG Galaxy Note 10 ,1400,1.866666666666667,Android,409,5.2,3523,137
SAMSUNG,Galaxy S10 Plus ,Ceramic White,12 GB,1 TB,Yes,4.5,117990,117990,SAMSUNG Galaxy S10 Plus ,0,0.0,Android,915,5.2,2221,641
Infinix,Note 10,Black,6 GB,128 GB,Yes,4.2,12499,14999,Infinix Note 10,2500,16.66777785185679,Android,332,5.3,5014,127
Nokia,Lumia 625 ,White,512 MB,8 GB,Yes,4.1,17599,17599,Nokia Lumia 625 ,0,0.0,Android,855,6.1,2731,834
realme,8 5G ,Supersonic Blue,4 GB,64 GB,Yes,4.3,15499,15999,realme 8 5G ,500,3.125195324707794,Android,559,6.0,3351,200
Apple,iPhone 12 Pro ,Silver,6 GB,128 GB,Yes,4.6,109900,109900,Apple iPhone 12 Pro ,0,0.0,IOS,158,5.5,3880,152
Xiaomi,Redmi 8A Dual ,Sky White,3 GB,64 GB,Yes,4.4,8561,8561,Xiaomi Redmi 8A Dual ,0,0.0,Android,352,6.6,2259,325
SAMSUNG,Galaxy A9 ,Lemonade Blue,6 GB,128 GB,Yes,4.4,36000,36000,SAMSUNG Galaxy A9 ,0,0.0,Android,185,7.0,2279,21
Infinix,Smart 5,Morandi Green,2 GB,32 GB,Yes,4.3,7499,8999,Infinix Smart 5,1500,16.6685187243027,Android,902,5.6,4175,72
Xiaomi,Mi 10i ,Atlantic Blue,8 GB,128 GB,Yes,4.3,24890,24988,Xiaomi Mi 10i ,98,0.3921882503601728,Android,496,5.5,3029,188
POCO,F1,Steel Blue,6 GB,64 GB,Yes,4.5,21999,21999,POCO F1,0,0.0,Android,123,6.1,3719,33
GIONEE,P2S ,White,512 MB,4 GB,Yes,3.6,2650,2650,GIONEE P2S ,0,0.0,Android,357,6.1,3949,314
realme,C35,Glowing Green,4 GB,64 GB,Yes,4.5,11999,13999,realme C35,2000,14.286734766769056,Android,687,5.9,3235,335
Apple,iPhone 6 ,Grey,1 GB,128 GB,Yes,4.4,71500,71500,Apple iPhone 6 ,0,0.0,IOS,154,5.2,2262,105
Xiaomi,Redmi 5 ,Gold,3 GB,32 GB,Yes,4.4,9399,9399,Xiaomi Redmi 5 ,0,0.0,Android,141,4.9,4301,137
Infinix,Hot 7,Aqua Blue,4 GB,64 GB,Yes,4.2,9999,9999,Infinix Hot 7,0,0.0,Android,756,5.6,5990,390
Lenovo,K3 Note ,Black,2 GB,16 GB,Yes,4.0,9900,9900,Lenovo K3 Note ,0,0.0,Android,309,5.3,4625,203
Lenovo,B ,White,1 GB,8 GB,Yes,3.8,6799,6799,Lenovo B ,0,0.0,Android,775,6.1,4659,292
SAMSUNG,Metro 350,Black,32 MB,Expandable Upto 16 GB,Yes,4.1,3013,3013,SAMSUNG Metro 350,0,0.0,Android,588,6.1,3143,457
Apple,iPhone XS Max ,Space Grey,4 GB,512 GB,Yes,4.6,144900,144900,Apple iPhone XS Max ,0,0.0,IOS,614,5.9,5092,229
OPPO,Neo 5,White,1 GB,16 GB,Yes,3.8,4999,7490,OPPO Neo 5,2491,33.25767690253672,Android,489,4.8,5082,380
realme,8,Cyber Black,6 GB,128 GB,Yes,4.3,16999,17999,realme 8,1000,5.555864214678594,Android,427,4.6,3342,207
Apple,iPhone 11 Pro Max ,Silver,4GB,256 GB,Yes,4.7,131900,131900,Apple iPhone 11 Pro Max ,0,0.0,IOS,472,5.6,5735,66
Lenovo,Vibe K5 Note ,Silver,3 GB,32 GB,Yes,4.1,10999,10999,Lenovo Vibe K5 Note ,0,0.0,Android,649,5.3,5626,196
realme,5 Pro ,Crystal Green,6 GB,64 GB,Yes,4.5,14999,15999,realme 5 Pro ,1000,6.250390649415588,Android,168,6.4,4964,39
Nokia,110 TA-1302 DS,Black,4 MB,4 MB,Yes,4.1,1680,1680,Nokia 110 TA-1302 DS,0,0.0,Android,421,5.7,5098,383
Infinix,Hot 8,Cosmic Purple,4 GB,64 GB,Yes,4.5,9999,9999,Infinix Hot 8,0,0.0,Android,995,5.4,4892,483
SAMSUNG,M32 5G ,Sky blue,6 GB,128 GB,Yes,,21499,23999,SAMSUNG M32 5G ,2500,10.41710071252969,Android,652,5.4,4949,332
HTC,U11,Amazing Silver,6 GB,128 GB,Yes,4.6,53990,53990,HTC U11,0,0.0,Android,178,7.0,3573,114
SAMSUNG,Galaxy S5 ,Charcoal Black,2 GB,16 GB,Yes,3.9,21999,21999,SAMSUNG Galaxy S5 ,0,0.0,Android,854,5.0,2612,745
Infinix,Hot 11S,Silver Wave,4 GB,128 GB,Yes,4.3,11999,14999,Infinix Hot 11S,3000,20.00133342222815,Android,245,4.5,4062,231
SAMSUNG,Galaxy S20 ,Cosmic Gray,8 GB,128 GB,Yes,4.3,52905,52905,SAMSUNG Galaxy S20 ,0,0.0,Android,416,6.6,3109,39
Google Pixel,3 XL ,Not Pink,4 GB,128 GB,Yes,4.6,92000,92000,Google Pixel 3 XL ,0,0.0,Android,405,5.6,2049,31
realme,C21 ,Cross Black,3 GB,32 GB,Yes,4.4,8999,9999,realme C21 ,1000,10.00100010001,Android,748,4.6,5912,511
realme,C21 ,Cross Blue,3 GB,32 GB,Yes,4.4,8999,9999,realme C21 ,1000,10.00100010001,Android,748,5.7,3936,175
SAMSUNG,M01 core ,Blue,1 GB,16 GB,Yes,3.9,4999,4999,SAMSUNG M01 core ,0,0.0,Android,236,5.6,5915,17
SAMSUNG,Galaxy A20s ,Blue,4 GB,64 GB,Yes,4.3,13695,14900,SAMSUNG Galaxy A20s ,1205,8.087248322147651,Android,428,5.5,5975,222
Nokia,2.3,Sand,2 GB,32 GB,Yes,4.0,9999,9999,Nokia 2.3,0,0.0,Android,554,6.3,3497,545
LG,Q6+ ,Blue,4 GB,64 GB,Yes,3.9,19990,19990,LG Q6+ ,0,0.0,Android,299,4.6,3470,180
Infinix,Hot 11S,Green Wave,4 GB,64 GB,Yes,4.3,10999,13999,Infinix Hot 11S,3000,21.430102150153584,Android,258,4.8,3221,231
SAMSUNG,Galaxy Note10 Lite ,Aura Glow,8 GB,128 GB,Yes,4.3,39999,45000,SAMSUNG Galaxy Note10 Lite ,5001,11.113333333333332,Android,592,4.7,3596,211
POCO,X3 Pro ,Graphite Black,6 GB,128 GB,Yes,4.4,18999,23999,POCO X3 Pro ,5000,20.83420142505938,Android,420,5.3,4334,371
SAMSUNG,Galaxy Trend ,Ceramic White,512 MB,4 GB,Yes,3.6,4999,4999,SAMSUNG Galaxy Trend ,0,0.0,Android,930,5.3,3917,667
Infinix,Hot 9,Quetzal Cyan,4 GB,64 GB,Yes,4.4,11999,11999,Infinix Hot 9,0,0.0,Android,996,5.0,4709,603
GIONEE,S11 Lite ,Black,4 GB,32 GB,Yes,4.0,8690,8690,GIONEE S11 Lite ,0,0.0,Android,330,5.1,5970,161
Apple,iPhone 13 ,Red,4GB,512 GB,Yes,,109900,109900,Apple iPhone 13 ,0,0.0,IOS,33,5.3,3879,24
Apple,iPhone 7 ,Silver,,256 GB,Yes,4.5,74400,74400,Apple iPhone 7 ,0,0.0,IOS,523,5.5,2388,450
Apple,iPhone XS ,Space Grey,4 GB,64 GB,Yes,4.7,62999,89900,Apple iPhone XS ,26901,29.92324805339266,IOS,11,6.2,2007,4
OPPO,A7,Glaze Blue,3 GB,64 GB,Yes,4.3,10990,16990,OPPO A7,6000,35.31489111241907,Android,342,6.0,5153,310
Xiaomi,Redmi Note 7 ,Sapphire Blue,3 GB,32 GB,Yes,4.4,11946,11946,Xiaomi Redmi Note 7 ,0,0.0,Android,610,5.2,3061,100
SAMSUNG,M31 Prime ,Ocean Blue,6 GB,64 GB,Yes,4.3,16000,16000,SAMSUNG M31 Prime ,0,0.0,Android,362,4.6,2087,280
SAMSUNG,Galaxy A8 Plus ,Black,6 GB,64 GB,Yes,4.2,16860,34000,SAMSUNG Galaxy A8 Plus ,17140,50.41176470588236,Android,610,6.2,2084,283
vivo,Y95,Nebula Purple,4 GB,64 GB,Yes,4.4,20000,20000,vivo Y95,0,0.0,Android,900,6.1,4886,290
Apple,iPhone 11 Pro Max ,Space Grey,4GB,512 GB,Yes,4.7,150800,150800,Apple iPhone 11 Pro Max ,0,0.0,IOS,458,6.1,3478,382
Xiaomi,Redmi Note 5 Pro ,Gold,6 GB,64 GB,Yes,4.2,16999,16999,Xiaomi Redmi Note 5 Pro ,0,0.0,Android,624,6.0,2674,300
SAMSUNG,Galaxy A5 2016 Edition ,Gold,2 GB,16 GB,Yes,4.1,14490,14490,SAMSUNG Galaxy A5 2016 Edition ,0,0.0,Android,544,5.4,5909,538
Infinix,Note 4,Champagne Gold,3 GB,32 GB,Yes,4.2,8999,8999,Infinix Note 4,0,0.0,Android,855,6.1,4230,490
Motorola,G6,Indigo Black,4 GB,64 GB,Yes,4.2,20000,20000,Motorola G6,0,0.0,Android,838,4.7,4165,42
OPPO,Reno2,Luminous Black,8 GB,256 GB,Yes,4.4,38990,39990,OPPO Reno2,1000,2.500625156289072,Android,261,4.5,5384,220
LG,G4 ,Metallic Gray,3 GB,32 GB,Yes,4.0,25999,25999,LG G4 ,0,0.0,Android,790,6.1,3557,301
Lenovo,A269i ,Black,512 MB,512 MB,Yes,3.7,5499,5499,Lenovo A269i ,0,0.0,Android,849,6.3,4621,541
Lenovo,A6000 Plus ,Red,2 GB,16 GB,Yes,4.1,7499,7499,Lenovo A6000 Plus ,0,0.0,Android,448,6.4,3925,338
Motorola,One Vision ,Bronze Gradient,4 GB,128 GB,Yes,4.2,14999,22999,Motorola One Vision ,8000,34.78412104874125,Android,857,6.2,3082,206
Lenovo,Vibe K5 Plus ,Dark Grey,3 GB,16 GB,Yes,4.0,7999,7999,Lenovo Vibe K5 Plus ,0,0.0,Android,430,6.2,2148,213
Apple,iPhone 6s Plus ,Rose Gold,2 GB,64 GB,Yes,4.4,59999,59999,Apple iPhone 6s Plus ,0,0.0,IOS,515,6.6,5510,168
LG,G4 ,Red,3 GB,32 GB,Yes,4.0,35990,35990,LG G4 ,0,0.0,Android,208,5.4,4914,133
Nokia,5.3,CYAN,4 GB,64 GB,Yes,3.5,11989,11989,Nokia 5.3,0,0.0,Android,924,6.4,5178,327
Apple,iPhone 12 Pro Max ,Pacific Blue,,128 GB,Yes,4.6,119900,119900,Apple iPhone 12 Pro Max ,0,0.0,IOS,67,5.6,4569,18
Nokia,X2 Dual SIM ,Bright Green,1 GB,4 GB,Yes,4.2,9999,9999,Nokia X2 Dual SIM ,0,0.0,Android,355,6.8,2343,93
SAMSUNG,Grand Prime 4G ,Gold,1 GB,8 GB,Yes,4.0,9833,9833,SAMSUNG Grand Prime 4G ,0,0.0,Android,319,6.5,5452,3
vivo,U11,Electric Blue,3 GB,64 GB,Yes,4.4,11990,11990,vivo U11,0,0.0,Android,578,6.6,2362,34
vivo,Y12G ,Glacier Blue,4 GB,64 GB,Yes,4.5,15990,15990,vivo Y12G ,0,0.0,Android,674,5.4,2498,391
realme,Narzo 30 5G ,Racing Blue,4 GB,64 GB,Yes,4.4,14999,15999,realme Narzo 30 5G ,1000,6.250390649415588,Android,669,4.9,3909,246
SAMSUNG,Galaxy A20s ,Blue,3 GB,32 GB,Yes,4.3,11599,12900,SAMSUNG Galaxy A20s ,1301,10.085271317829458,Android,305,5.0,2308,181
OPPO,F5 Youth,Gold,3 GB,32 GB,Yes,4.3,17990,17990,OPPO F5 Youth,0,0.0,Android,267,6.4,5760,149
Apple,iPhone SE ,Black,2 GB,256 GB,Yes,4.5,54900,54900,Apple iPhone SE ,0,0.0,IOS,549,4.6,3938,229
vivo,V23 5G,Sunshine Gold,12 GB,256 GB,Yes,4.4,34990,37990,vivo V23 5G,3000,7.896814951302974,Android,450,5.0,5243,347
realme,Narzo 50A ,Oxygen Blue,4 GB,128 GB,Yes,4.3,12499,13999,realme Narzo 50A ,1500,10.715051075076792,Android,644,6.3,2265,568
OPPO,F11,Marble Green,4 GB,128 GB,Yes,4.4,13990,21990,OPPO F11,8000,36.38017280582083,Android,989,5.4,2673,425
LG,W30 ,Platinum Grey,3 GB,32 GB,Yes,3.9,8199,10999,LG W30 ,2800,25.456859714519503,Android,281,4.9,4674,50
Infinix,Note 11S Free Fire Edition,Symphony Cyan,8 GB,128 GB,Yes,4.3,15999,18999,Infinix Note 11S Free Fire Edition,3000,15.790304752881733,Android,495,6.9,4327,344
Google Pixel,2,Just Black,4 GB,128 GB,Yes,4.6,70000,70000,Google Pixel 2,0,0.0,Android,111,5.2,4355,71
SAMSUNG,Galaxy Note 5 ,Silver Titanium,4 GB,64 GB,Yes,3.9,49990,49990,SAMSUNG Galaxy Note 5 ,0,0.0,Android,366,6.1,5673,333
SAMSUNG,M31 Prime ,IceBerg Blue,6 GB,64 GB,Yes,4.3,18699,18699,SAMSUNG M31 Prime ,0,0.0,Android,624,6.8,4760,420
HTC,Desire 616,Dark Grey,1 GB,4 GB,Yes,3.8,17200,17200,HTC Desire 616,0,0.0,Android,676,5.2,2879,363
vivo,Y33T,Mirror Black,8 GB,128 GB,Yes,4.9,22990,22990,vivo Y33T,0,0.0,Android,618,4.9,3157,332
realme,X2 Pro ,Neptune Blue,12 GB,256 GB,Yes,4.6,35999,35999,realme X2 Pro ,0,0.0,Android,122,5.8,3906,48
ASUS,Zenfone GO ,Black,2 GB,16 GB,Yes,3.8,8499,8499,ASUS Zenfone GO ,0,0.0,Android,330,5.0,4608,49
Xiaomi,11 Lite NE,Jazz Blue,8 GB,129 GB,Yes,4.3,25999,25999,Xiaomi 11 Lite NE,0,0.0,Android,435,7.0,2657,315
Xiaomi,Redmi 8A Dual ,Midnight Grey,3 GB,32 GB,Yes,4.4,8299,8499,Xiaomi Redmi 8A Dual ,200,2.3532180256500763,Android,961,7.0,4993,455
vivo,Y21 ,Midnight Blue,,64 GB,Yes,3.8,69990,74990,vivo Y21 ,5000,6.667555674089878,Android,646,6.9,3255,540
Infinix,Smart 3 Plus,Sapphire Cyan,2 GB,32 GB,Yes,4.2,7999,7999,Infinix Smart 3 Plus,0,0.0,Android,637,5.1,4530,593
Infinix,S4,Space Grey,4 GB,64 GB,Yes,4.3,10999,10999,Infinix S4,0,0.0,Android,197,6.6,5143,167
Xiaomi,Mi 11X ,Cosmic Black,8 GB,128 GB,Yes,4.2,26828,26828,Xiaomi Mi 11X ,0,0.0,Android,178,6.1,4955,17
Infinix,Hot 11,Emerald Green,4 GB,64 GB,Yes,4.4,9999,11999,Infinix Hot 11,2000,16.668055671305943,Android,490,4.6,3152,97
OPPO,A12,Black,3 GB,32 GB,Yes,4.4,9490,10990,OPPO A12,1500,13.64877161055505,Android,132,5.8,4372,82
Infinix,S4,Space Grey,3 GB,32 GB,Yes,4.2,9999,9999,Infinix S4,0,0.0,Android,150,6.8,3366,16
Apple,iPhone 8 ,Red,2 GB,256 GB,Yes,4.7,81500,81500,Apple iPhone 8 ,0,0.0,IOS,593,5.7,5047,136
Nokia,6,Matte Black,3 GB,32 GB,Yes,3.9,13999,13999,Nokia 6,0,0.0,Android,82,7.0,5614,42
ASUS,ROG Phone 3 ,Black,12 GB,256 GB,Yes,4.4,57999,65999,ASUS ROG Phone 3 ,8000,12.12139577872392,Android,360,6.3,3715,42
Nokia,RM-1172 / Nokia 230 DS,Black,16 MB,256 MB,Yes,4.0,4196,4196,Nokia RM-1172 / Nokia 230 DS,0,0.0,Android,763,5.2,2147,707
SAMSUNG,Galaxy A70s ,Prism Crush White,8 GB,128 GB,Yes,4.3,30500,33100,SAMSUNG Galaxy A70s ,2600,7.854984894259818,Android,288,6.5,5893,160
HTC,Desire 210,White,512 MB,4 GB,Yes,3.6,9990,9990,HTC Desire 210,0,0.0,Android,943,5.7,2755,41
GIONEE,Pioneer P3S ,Gold,1 GB,16 GB,Yes,3.8,4999,4999,GIONEE Pioneer P3S ,0,0.0,Android,237,5.4,3630,82
OPPO,F11,Fluorite Purple,4 GB,128 GB,Yes,4.4,13990,21990,OPPO F11,8000,36.38017280582083,Android,693,7.0,3106,159
LG,W31 Plus ,Midnight Blue,4 GB,128 GB,Yes,4.1,10999,10999,LG W31 Plus ,0,0.0,Android,189,6.1,3590,180
OPPO,F1 Plus,Rose Gold,4 GB,64 GB,Yes,4.0,24900,24900,OPPO F1 Plus,0,0.0,Android,375,5.8,5512,323
realme,3,Dynamic Black,3 GB,32 GB,Yes,4.5,8499,10999,realme 3,2500,22.729339030820984,Android,455,4.9,4247,36
SAMSUNG,Grand Prime ,White,1 GB,8 GB,Yes,4.0,7992,7992,SAMSUNG Grand Prime ,0,0.0,Android,665,6.2,2482,77
OPPO,A5 2020,Dazzling White,3 GB,64 GB,Yes,4.4,12990,14990,OPPO A5 2020,2000,13.342228152101402,Android,776,6.0,5973,135
HTC,Desire 326G DS,Black Onyx,1 GB,8 GB,Yes,3.7,9590,9590,HTC Desire 326G DS,0,0.0,Android,255,4.7,4088,226
HTC,826,White Birch,2 GB,16 GB,Yes,3.7,27990,27990,HTC 826,0,0.0,Android,333,5.2,2689,164
SAMSUNG,Galaxy F12 ,Sea Green,4 GB,128 GB,Yes,4.2,12499,13999,SAMSUNG Galaxy F12 ,1500,10.715051075076792,Android,517,5.9,5130,222
GIONEE,F9 ,Black,3 GB,32 GB,Yes,4.2,7900,7900,GIONEE F9 ,0,0.0,Android,131,6.1,4434,53
Apple,iPhone 12 ,Green,4GB,256 GB,Yes,4.6,78999,80900,Apple iPhone 12 ,1901,2.349814585908529,IOS,176,6.3,4389,173
ASUS,ROG 5s,Phantom Black,8 GB,128 GB,Yes,,49999,55999,ASUS ROG 5s,6000,10.714477044232932,Android,369,4.7,4465,320
Infinix,Hot 4 Pro,Quartz Black,3 GB,16 GB,Yes,4.0,7499,7499,Infinix Hot 4 Pro,0,0.0,Android,240,5.0,3053,74
HTC,One M8 ,Amber Gold,2 GB,16 GB,Yes,4.4,59900,59900,HTC One M8 ,0,0.0,Android,723,6.7,2877,282
SAMSUNG,Galaxy M10S ,Stainless Black,3 GB,32 GB,Yes,4.4,9100,10000,SAMSUNG Galaxy M10S ,900,9.0,Android,83,5.1,3428,66
Lenovo,S560 ,Deep Black,1 GB,8 GB,Yes,4.1,19999,19999,Lenovo S560 ,0,0.0,Android,206,4.5,5301,136
OPPO,A83,Champagne,2 GB,16 GB,Yes,4.2,11000,11000,OPPO A83,0,0.0,Android,250,4.7,4340,111
Motorola,Razr ,Black,6 GB,128 GB,Yes,3.8,74999,149999,Motorola Razr ,75000,50.00033333555557,Android,573,6.1,3419,17
vivo,Y33s ,Mirror Black,3 GB,64 GB,Yes,4.4,39990,46990,vivo Y33s ,7000,14.896786550329857,Android,914,4.6,3360,352
SAMSUNG,Galaxy A12 ,Blue,6 GB,128 GB,Yes,3.9,15271,15271,SAMSUNG Galaxy A12 ,0,0.0,Android,70,6.4,2130,6
SAMSUNG,Galaxy A72 ,Awesome White,8 GB,128 GB,Yes,4.3,34999,41999,SAMSUNG Galaxy A72 ,7000,16.66706350151194,Android,776,6.5,2366,3
Nokia,2.3,Cyan Green,2 GB,32 GB,Yes,4.0,9999,9999,Nokia 2.3,0,0.0,Android,836,5.9,5167,248
Infinix,Hot S3X,Tradew Grey,3 GB,32 GB,Yes,4.2,10999,10999,Infinix Hot S3X,0,0.0,Android,394,6.1,5752,177
Apple,iPhone 12 Mini ,Green,4GB,128 GB,Yes,4.5,61999,64900,Apple iPhone 12 Mini ,2901,4.469953775038521,IOS,751,6.3,5439,139
OPPO,Reno 10x Zoom,Jet Black,6 GB,128 GB,Yes,4.5,38990,41990,OPPO Reno 10x Zoom,3000,7.14455822814956,Android,998,6.1,5500,725
GIONEE,V4S ,Black,1 GB,8 GB,Yes,3.5,3499,3499,GIONEE V4S ,0,0.0,Android,340,6.5,4830,81
Motorola,Z2 Force,Super Black,6 GB,64 GB,Yes,4.1,14999,44999,Motorola Z2 Force,30000,66.66814818107069,Android,443,7.0,4665,248
SAMSUNG,Galaxy J7 Prime ,Gold,3 GB,32 GB,Yes,4.2,16879,16879,SAMSUNG Galaxy J7 Prime ,0,0.0,Android,998,5.9,5525,707
SAMSUNG,Galaxy J2 2018 ,Pink,2 GB,16 GB,Yes,4.3,6799,6799,SAMSUNG Galaxy J2 2018 ,0,0.0,Android,374,6.4,3347,121
SAMSUNG,Galaxy J8 ,Gold,4 GB,64 GB,Yes,4.4,19500,19500,SAMSUNG Galaxy J8 ,0,0.0,Android,862,5.0,2011,275
realme,3,Dynamic Black,3 GB,64 GB,Yes,4.5,9499,11999,realme 3,2500,20.835069589132427,Android,319,5.0,4667,232
POCO,M2 Pro,Out of Blue,6 GB,64 GB,Yes,4.4,14999,19999,POCO M2 Pro,5000,25.00125006250313,Android,590,4.8,5098,251
realme,3,Black,4 GB,64 GB,Yes,4.4,10499,12999,realme 3,2500,19.232248634510345,Android,22,6.1,3179,6
SAMSUNG,Galaxy J8 ,Black,4 GB,64 GB,Yes,4.4,19500,19500,SAMSUNG Galaxy J8 ,0,0.0,Android,690,5.7,5135,173
SAMSUNG,Galaxy S9 Plus ,Coral Blue,6 GB,128 GB,Yes,4.5,68900,68900,SAMSUNG Galaxy S9 Plus ,0,0.0,Android,533,7.0,3347,155
Apple,iPhone 13 Pro ,Graphite,6 GB,1 TB,Yes,,169900,169900,Apple iPhone 13 Pro ,0,0.0,IOS,840,6.5,3492,156
Nokia,2.2,Black,2 GB,16 GB,Yes,4.0,8599,8599,Nokia 2.2,0,0.0,Android,714,6.5,3381,325
SAMSUNG,Galaxy S10 Lite ,Prism Blue,8 GB,512 GB,Yes,4.5,45999,51000,SAMSUNG Galaxy S10 Lite ,5001,9.805882352941175,Android,263,6.3,3037,190
ASUS,ZenFone 5Z ,Midnight Blue,8 GB,256 GB,Yes,4.5,43999,43999,ASUS ZenFone 5Z ,0,0.0,Android,433,6.5,4168,139
Lenovo,P770 ,Grey,1 GB,4 GB,Yes,4.3,12899,12899,Lenovo P770 ,0,0.0,Android,179,5.4,3968,104
Nokia,5.1 Plus ,Blue,6 GB,64 GB,Yes,3.7,9900,15990,Nokia 5.1 Plus ,6090,38.08630393996248,Android,353,5.1,3797,210
Nokia,XR 20,Grey ,6 GB,128 GB,Yes,4.3,46988,46988,Nokia XR 20,0,0.0,Android,399,5.3,3815,347
SAMSUNG,Galaxy S5 ,Copper Gold,2 GB,16 GB,Yes,3.9,21999,21999,SAMSUNG Galaxy S5 ,0,0.0,Android,956,5.3,2464,471
Apple,iPhone 11 Pro Max ,Gold,4GB,64 GB,Yes,4.7,117100,117100,Apple iPhone 11 Pro Max ,0,0.0,IOS,825,5.9,5724,165
SAMSUNG,M02s ,Black,4 GB,64 GB,Yes,4.1,11499,11499,SAMSUNG M02s ,0,0.0,Android,859,6.7,5891,725
Motorola,G5s,Lunar Gray,4 GB,32 GB,Yes,4.1,7350,7350,Motorola G5s,0,0.0,Android,20,5.5,5200,11
Apple,iPhone 13 Mini ,Pink,4 GB,128 GB,Yes,,69900,69900,Apple iPhone 13 Mini ,0,0.0,IOS,914,5.7,3965,185
OPPO,F7,Black,4 GB,64 GB,Yes,4.4,22990,22990,OPPO F7,0,0.0,Android,382,6.6,5802,208
OPPO,A53s 5G,Crystal Blue,6 GB,128 GB,Yes,4.3,15990,16990,OPPO A53s 5G,1000,5.885815185403178,Android,203,6.7,2870,31
POCO,C31,Royal Blue,3 GB,32 GB,Yes,4.4,7999,10999,POCO C31,3000,27.275206836985184,Android,316,5.9,5115,13
ASUS,Zenfone C ,Black,1 GB,8 GB,Yes,3.8,6299,6299,ASUS Zenfone C ,0,0.0,Android,564,4.7,3721,146
Nokia,5.4,Dusk,4 GB,64 GB,Yes,3.9,12999,16799,Nokia 5.4,3800,22.62039407107566,Android,875,6.3,3552,119
Nokia,3.2,Steel,3 GB,32 GB,Yes,4.1,12399,12399,Nokia 3.2,0,0.0,Android,839,5.1,4941,636
Nokia,3,Tempered Blue,2 GB,16 GB,Yes,3.9,10899,10899,Nokia 3,0,0.0,Android,553,4.8,3866,514
SAMSUNG,Galaxy S21 Ultra ,Phantom Black,12 GB,256 GB,Yes,4.5,105999,128999,SAMSUNG Galaxy S21 Ultra ,23000,17.829595578260296,Android,414,6.3,3374,189
realme,6 Pro ,Lightning Blue,6 GB,128 GB,Yes,4.4,18999,18999,realme 6 Pro ,0,0.0,Android,232,4.8,4726,11
realme,9i,Prism Blue,4 GB,64 GB,Yes,4.5,13999,15999,realme 9i,2000,12.500781298831177,Android,213,5.7,2444,187
SAMSUNG,M52 5G,Sky Blue,8 GB,128 GB,Yes,4.2,20350,22595,SAMSUNG M52 5G,2245,9.935826510289887,Android,773,5.7,3953,370
SAMSUNG,Galaxy M02 ,Blue,2 GB,32 GB,Yes,4.0,8299,8499,SAMSUNG Galaxy M02 ,200,2.3532180256500763,Android,22,5.9,2981,15
Infinix,Note 11S,Symphony Cyan,6 GB,64 GB,Yes,4.3,13999,16999,Infinix Note 11S,3000,17.648096946879228,Android,553,6.1,2277,185
vivo,Y30 ,Emerald Black,8 GB,128 GB,Yes,4.4,13990,18990,vivo Y30 ,5000,26.32964718272775,Android,463,6.3,3471,278
Lenovo,A6 Note ,Blue,3 GB,32 GB,Yes,4.2,9999,9999,Lenovo A6 Note ,0,0.0,Android,179,6.8,4469,68
realme,C25s ,Watery Grey,4 GB,64 GB,Yes,4.4,10999,10999,realme C25s ,0,0.0,Android,398,6.1,2656,228
realme,1,Moonlight Silver,6 GB,128 GB,Yes,4.3,10990,14990,realme 1,4000,26.684456304202804,Android,327,5.2,4568,326
realme,Narzo 30A ,Laser Black,4 GB,,Yes,4.3,10499,10999,realme Narzo 30A ,500,4.545867806164196,Android,381,4.9,4051,321
Nokia,8,Polished Blue,4 GB,64 GB,Yes,4.0,36999,36999,Nokia 8,0,0.0,Android,835,6.1,3602,504
SAMSUNG,Galaxy Z Fold3 5G ,Phantom Silver,12 GB,256 GB,Yes,4.4,149999,171999,SAMSUNG Galaxy Z Fold3 5G ,22000,12.790772039372325,Android,324,5.2,4228,142
Infinix,Smart 2,Serene Gold,3 GB,32 GB,Yes,4.1,7946,7999,Infinix Smart 2,53,0.6625828228528566,Android,914,6.7,5724,681
SAMSUNG,Galaxy A8 Star ,Black,6 GB,64 GB,Yes,4.3,16989,37990,SAMSUNG Galaxy A8 Star ,21001,55.280336930771256,Android,137,7.0,3242,126
realme,C25Y ,Metal Grey,4 GB,64 GB,Yes,4.5,10999,12999,realme C25Y ,2000,15.385798907608278,Android,949,6.7,4697,573
realme,8s 5G ,Universe Purple,6 GB,128 GB,Yes,4.5,17999,20999,realme 8s 5G ,3000,14.28639459021858,Android,721,4.5,5297,413
SAMSUNG,Guru Music 2,Black,,2 MB,Yes,4.3,1625,1625,SAMSUNG Guru Music 2,0,0.0,Android,184,6.8,5944,97
realme,1,Diamond Black,6 GB,,Yes,4.3,10999,14990,realme 1,3991,26.62441627751835,Android,487,5.1,4273,332
Apple,iPhone 13 Pro Max,Alpine Green,4GB,512 GB,Yes,4.7,159900,159900,Apple iPhone 13 Pro Max,0,0.0,IOS,301,5.2,2810,191
Xiaomi,11i 5G,Stealth Black,8 GB,128 GB,Yes,4.3,28999,33999,Xiaomi 11i 5G,5000,14.706314891614458,Android,550,6.7,3233,9
SAMSUNG,Metro 313,Black,2 MB,2 MB,Yes,4.1,2200,2200,SAMSUNG Metro 313,0,0.0,Android,446,4.8,4552,172
SAMSUNG,Galaxy A30s ,Prism Crush Black,4 GB,64 GB,Yes,4.3,18900,18900,SAMSUNG Galaxy A30s ,0,0.0,Android,324,6.2,2936,178
Apple,iPhone 12 Mini ,Blue,4GB,256 GB,Yes,4.5,71999,84900,Apple iPhone 12 Mini ,12901,15.19552414605418,IOS,525,6.4,2253,396
SAMSUNG,Galaxy M02 ,Grey,3 GB,32 GB,Yes,4.0,8850,9998,SAMSUNG Galaxy M02 ,1148,11.48229645929186,Android,1,5.1,3936,1
SAMSUNG,Galaxy S10 Lite ,Prism Black,8 GB,512 GB,Yes,4.5,49999,49999,SAMSUNG Galaxy S10 Lite ,0,0.0,Android,490,6.3,4928,391
OPPO,A31,Mystery Black,6 GB,128 GB,Yes,4.3,13799,13799,OPPO A31,0,0.0,Android,81,7.0,4659,41
Apple,iPhone 7 ,Gold,2 GB,32 GB,Yes,4.5,24999,31500,Apple iPhone 7 ,6501,20.63809523809524,IOS,213,4.5,2432,177
OPPO,F7,Black,6 GB,128 GB,Yes,4.5,27990,27990,OPPO F7,0,0.0,Android,593,6.2,2350,199
vivo,T1 5G,Rainbow Fantasy,8 GB,128 GB,Yes,,19990,23990,vivo T1 5G,4000,16.673614005835766,Android,777,6.2,2100,616
LG,G4 Stylus 4G LTE ,Titan,1 GB,16 GB,Yes,3.6,7000,14990,LG G4 Stylus 4G LTE ,7990,53.30220146764509,Android,78,6.3,5429,61
SAMSUNG,Galaxy J5 ,White,1.5 GB,8 GB,Yes,4.3,11390,11390,SAMSUNG Galaxy J5 ,0,0.0,Android,99,4.6,4879,87
SAMSUNG,Galaxy S3 Neo ,Marble White,1.5 GB,16 GB,Yes,4.3,13499,13500,SAMSUNG Galaxy S3 Neo ,1,0.0074074074074074,Android,897,6.3,3801,151
SAMSUNG,Galaxy A31 ,Prism Crush Blue,6 GB,128 GB,Yes,4.3,16999,23999,SAMSUNG Galaxy A31 ,7000,29.16788199508313,Android,574,4.6,2200,208
SAMSUNG,Galaxy A3 ,Midnight Black,1 GB,16 GB,Yes,4.0,9999,9999,SAMSUNG Galaxy A3 ,0,0.0,Android,667,6.8,2301,231
Google Pixel,3,Not Pink,4 GB,64 GB,Yes,4.5,71000,71000,Google Pixel 3,0,0.0,Android,809,4.8,4838,533
Infinix,Smart HD 2021,Quartz Green,2 GB,32 GB,Yes,4.3,7990,7990,Infinix Smart HD 2021,0,0.0,Android,449,6.4,2679,97
Motorola,C Plus,Fine Gold,2 GB,16 GB,Yes,4.2,6999,6999,Motorola C Plus,0,0.0,Android,332,5.8,5287,85
SAMSUNG,Galaxy J6 ,Blue,4 GB,64 GB,Yes,4.5,9490,17108,SAMSUNG Galaxy J6 ,7618,44.52887537993921,Android,186,5.2,4270,151
vivo,U10,Thunder Black,3 GB,32 GB,Yes,4.4,10990,10990,vivo U10,0,0.0,Android,601,4.6,3110,194
Nokia,225,Black,8 MB,Expandable Upto 32 GB,Yes,4.0,3499,3499,Nokia 225,0,0.0,Android,374,4.6,5119,293
Nokia,Asha 206,Black,32 MB,64 MB,Yes,3.8,4300,4300,Nokia Asha 206,0,0.0,Android,309,6.2,5061,17
Xiaomi,Mi 11X ,Cosmic Black,6 GB,128 GB,Yes,4.4,24283,28700,Xiaomi Mi 11X ,4417,15.390243902439025,Android,660,5.2,2079,278
Xiaomi,Mi 11X ,Celestial Silver,6 GB,128 GB,Yes,4.2,24744,25990,Xiaomi Mi 11X ,1246,4.794151596767988,Android,490,6.7,3177,94
SAMSUNG,Guru FM Plus,Black,128 MB,2 MB,Yes,4.2,1450,1450,SAMSUNG Guru FM Plus,0,0.0,Android,371,6.9,2269,242
vivo,Y20G ,Purist Blue,2 GB,32 GB,Yes,4.2,49990,54990,vivo Y20G ,5000,9.092562284051644,Android,632,6.1,5438,480
vivo,Y71i,Gold,2 GB,16 GB,Yes,4.3,8990,8990,vivo Y71i,0,0.0,Android,481,5.1,2202,59
POCO,M3 ,Power Black,4 GB,64 GB,Yes,4.3,10999,11999,POCO M3 ,1000,8.334027835652972,Android,976,6.7,5516,498
ASUS,Zenfone Selfie ,Red,2 GB,16 GB,Yes,3.9,15999,15999,ASUS Zenfone Selfie ,0,0.0,Android,243,6.7,5845,220
ASUS,6Z ,Black,8 GB,256 GB,Yes,4.3,43999,43999,ASUS 6Z ,0,0.0,Android,250,4.7,5248,56
Motorola,G8 Power Lite ,Royal Blue,4 GB,64 GB,Yes,4.3,9999,9999,Motorola G8 Power Lite ,0,0.0,Android,49,4.6,2496,22
Apple,iPhone 13 Pro Max,Sierra Blue,4GB,1 TB,Yes,4.7,179900,179900,Apple iPhone 13 Pro Max,0,0.0,IOS,155,6.8,4595,25
SAMSUNG,Galaxy On7 ,Gold,1.5 GB,8 GB,Yes,4.2,8490,8490,SAMSUNG Galaxy On7 ,0,0.0,Android,14,6.8,4950,10
SAMSUNG,Galaxy On Nxt ,Black,3 GB,16 GB,Yes,4.3,11200,11200,SAMSUNG Galaxy On Nxt ,0,0.0,Android,708,4.9,4475,576
LG,G4 ,Genuine Leather Brown,3 GB,32 GB,Yes,4.0,30600,30600,LG G4 ,0,0.0,Android,690,5.5,3123,674
Nokia,3.2,Black,2 GB,16 GB,Yes,3.8,9999,9999,Nokia 3.2,0,0.0,Android,455,4.9,2466,381
Lenovo,K6 Note ,Gold,3 GB,32 GB,Yes,4.1,6250,6250,Lenovo K6 Note ,0,0.0,Android,682,5.0,3065,152
Motorola,E7 Power ,Tahiti Blue,4 GB,64 GB,Yes,4.1,8799,11999,Motorola E7 Power ,3200,26.668889074089503,Android,491,5.5,4947,217
GIONEE,P5 Mini ,Red,1 GB,8 GB,Yes,3.8,3990,3990,GIONEE P5 Mini ,0,0.0,Android,864,5.5,2939,477
Nokia,3.4,Fjord,4 GB,64 GB,Yes,3.9,11999,13999,Nokia 3.4,2000,14.286734766769056,Android,533,6.2,3210,466
Xiaomi,Redmi Note 7 Pro ,Space Black,4 GB,64 GB,Yes,4.5,13499,14500,Xiaomi Redmi Note 7 Pro ,1001,6.903448275862069,Android,299,4.7,5905,247
SAMSUNG,Galaxy Note 8 ,Maple Gold,6 GB,64 GB,Yes,4.6,35990,74000,SAMSUNG Galaxy Note 8 ,38010,51.36486486486487,Android,723,6.4,5493,293
POCO,M3 Pro 5G ,Yellow,6 GB,128 GB,Yes,4.2,16499,17999,POCO M3 Pro 5G ,1500,8.333796322017891,Android,899,5.3,4092,848
OPPO,F19 Pro+ 5G,Space Silver,8 GB,128 GB,Yes,4.3,25990,29990,OPPO F19 Pro+ 5G,4000,13.337779259753251,Android,182,5.8,5431,98
GIONEE,Pioneer P4S ,Black,1 GB,8 GB,Yes,3.5,3999,3999,GIONEE Pioneer P4S ,0,0.0,Android,653,5.3,5667,509
Apple,iPhone 13 Pro Max,Graphite,4GB,1 TB,Yes,4.7,179900,179900,Apple iPhone 13 Pro Max,0,0.0,IOS,480,4.8,2213,106
Apple,iPhone 7 Plus ,Black,3 GB,128 GB,Yes,4.5,42900,42900,Apple iPhone 7 Plus ,0,0.0,IOS,889,6.7,5609,763
SAMSUNG,Galaxy A12 ,Black,6 GB,128 GB,Yes,3.9,15843,17480,SAMSUNG Galaxy A12 ,1637,9.364988558352405,Android,730,4.8,2392,608
vivo,Y72 5G ,Prism Magic,4 GB,64 GB,Yes,4.4,19990,24990,vivo Y72 5G ,5000,20.00800320128051,Android,1,5.7,3470,0
Motorola,E7 Plus ,Twilight Orange,4 GB,64 GB,Yes,4.2,8999,12999,Motorola E7 Plus ,4000,30.771597815216555,Android,164,6.0,5919,20
realme,Narzo 50A ,Oxygen Green,4 GB,128 GB,Yes,4.3,12499,13999,realme Narzo 50A ,1500,10.715051075076792,Android,549,5.7,2255,435
Apple,iPhone 13 Pro ,Silver,6 GB,256 GB,Yes,,129900,129900,Apple iPhone 13 Pro ,0,0.0,IOS,988,5.6,3780,753
realme,8,Cyber Silver,6 GB,128 GB,Yes,4.3,16999,17999,realme 8,1000,5.555864214678594,Android,72,6.5,3831,57
HTC,One E9+,Gold and Silver,3 GB,32 GB,Yes,4.1,53900,53900,HTC One E9+,0,0.0,Android,236,4.9,3790,79
HTC,Desire 816G,Blue,1 GB,16 GB,Yes,4.0,21999,21999,HTC Desire 816G,0,0.0,Android,407,5.4,3454,69
SAMSUNG,Galaxy S10 Lite ,Prism Black,8 GB,128 GB,Yes,4.5,40999,43999,SAMSUNG Galaxy S10 Lite ,3000,6.818336780381372,Android,730,5.2,3414,195
SAMSUNG,Galaxy On8 ,Blue,4 GB,64 GB,Yes,4.4,19990,19990,SAMSUNG Galaxy On8 ,0,0.0,Android,853,5.9,5438,368
Apple,iPhone 6s Plus ,Rose Gold,2 GB,32 GB,Yes,4.4,34900,34900,Apple iPhone 6s Plus ,0,0.0,IOS,3,6.6,5515,1
GIONEE,Marathon M5 Plus ,Polar Gold,3 GB,64 GB,Yes,4.1,8499,28099,GIONEE Marathon M5 Plus ,19600,69.75337200612121,Android,385,6.6,3732,329
Xiaomi,Mi A2 ,Gold,4 GB,64 GB,Yes,4.4,12499,12499,Xiaomi Mi A2 ,0,0.0,Android,25,6.9,2422,7
Apple,iPhone 7 ,Red,2 GB,128 GB,Yes,4.5,34900,34900,Apple iPhone 7 ,0,0.0,IOS,897,6.9,5941,735
SAMSUNG,Galaxy F02s ,Diamond Blue,4 GB,64 GB,Yes,4.2,10499,11499,SAMSUNG Galaxy F02s ,1000,8.696408383337682,Android,876,5.9,2306,514
Xiaomi,Redmi Note 9 Pro ,Champagne Gold,6 GB,128 GB,Yes,4.3,18499,18999,Xiaomi Redmi Note 9 Pro ,500,2.631717458813622,Android,992,5.8,2933,589
Apple,iPhone 13 Pro Max,Gold,4GB,1 TB,Yes,4.7,179900,179900,Apple iPhone 13 Pro Max,0,0.0,IOS,618,5.3,2396,191
SAMSUNG,Z1 ,White,768 MB,4 GB,Yes,3.5,3990,3990,SAMSUNG Z1 ,0,0.0,Android,739,5.6,3870,329
Apple,iPhone 13 Pro ,Silver,6 GB,1 TB,Yes,,169900,169900,Apple iPhone 13 Pro ,0,0.0,IOS,441,6.8,2882,110
Xiaomi,Mi A2 ,Gold,6 GB,128 GB,Yes,4.3,14398,14398,Xiaomi Mi A2 ,0,0.0,Android,578,5.4,4591,368
SAMSUNG,Galaxy A7 2016 Edition ,Gold,3 GB,16 GB,Yes,4.1,17490,17490,SAMSUNG Galaxy A7 2016 Edition ,0,0.0,Android,118,6.1,4220,80
Xiaomi,Redmi 7A ,Matte Gold,2 GB,16 GB,Yes,4.5,6499,6499,Xiaomi Redmi 7A ,0,0.0,Android,869,5.6,3196,601
ASUS,Zenfone Go 4.5 LTE ,Silver Blue,1 GB,8 GB,Yes,3.6,4890,4890,ASUS Zenfone Go 4.5 LTE ,0,0.0,Android,569,6.1,4268,137
SAMSUNG,Galaxy S6 ,Black Sapphire,3 GB,32 GB,Yes,4.0,33900,33900,SAMSUNG Galaxy S6 ,0,0.0,Android,37,5.2,3416,26
OPPO,Reno 10x Zoom,Ocean Green,6 GB,128 GB,Yes,4.5,38990,41990,OPPO Reno 10x Zoom,3000,7.14455822814956,Android,657,5.6,2828,308
Xiaomi,Redmi 7 ,Eclipse Black,2 GB,32 GB,Yes,4.3,9490,9490,Xiaomi Redmi 7 ,0,0.0,Android,760,6.5,4932,299
Nokia,Asha 502 ,Yellow,64 MB,Expandable Upto 32 GB,Yes,3.6,3799,3799,Nokia Asha 502 ,0,0.0,Android,157,6.6,5387,100
OPPO,A83,Red,4 GB,64 GB,Yes,4.3,13990,13990,OPPO A83,0,0.0,Android,771,6.7,2093,424
SAMSUNG,Galaxy A50 ,Black,4 GB,64 GB,Yes,4.3,21000,21000,SAMSUNG Galaxy A50 ,0,0.0,Android,570,6.6,3144,542
GIONEE,Max ,Red,2 GB,32 GB,Yes,4.1,6299,7990,GIONEE Max ,1691,21.1639549436796,Android,103,4.5,4593,100
SAMSUNG,Galaxy S6 Edge+ ,Silver Titanium,4 GB,32 GB,Yes,4.2,34999,34999,SAMSUNG Galaxy S6 Edge+ ,0,0.0,Android,47,6.7,3442,4
OPPO,A5s,Blue,4 GB,64 GB,Yes,4.4,10990,15990,OPPO A5s,5000,31.269543464665414,Android,160,6.0,2469,152
LG,W30 Pro ,Midnight Blue,4 GB,64 GB,Yes,3.8,13775,14500,LG W30 Pro ,725,5.0,Android,132,6.0,5135,21
Motorola,Razr 5G ,Polished Graphite,8 GB,256 GB,Yes,4.0,89999,149999,Motorola Razr 5G ,60000,40.00026666844445,Android,220,5.3,3402,32
IQOO,3,Tornado Black,8 GB,256 GB,Yes,4.4,37990,40990,IQOO 3,3000,7.318858258111735,Android,424,6.7,2433,162
SAMSUNG,M52 5G,Icy Blue,6 GB,128 GB,Yes,4.3,25489,28449,SAMSUNG M52 5G,2960,10.404583640901262,Android,858,5.8,2828,719
SAMSUNG,Galaxy A8 Star ,White,6 GB,64 GB,Yes,4.3,18990,18990,SAMSUNG Galaxy A8 Star ,0,0.0,Android,889,5.3,3174,374
SAMSUNG,Galaxy Note 20 Ultra 5G ,Mystic Black,12 GB,256 GB,Yes,4.5,91999,116000,SAMSUNG Galaxy Note 20 Ultra 5G ,24001,20.69051724137931,Android,481,6.7,5656,65
realme,Narzo 50i ,Mint Green,4 GB,64 GB,Yes,4.3,8999,9999,realme Narzo 50i ,1000,10.00100010001,Android,652,4.9,4510,381
GIONEE,F205 Pro ,Champagne,2 GB,16 GB,Yes,4.1,6990,6990,GIONEE F205 Pro ,0,0.0,Android,709,5.6,3401,625
Apple,iPhone 6s Plus ,Gold,2 GB,64 GB,Yes,4.4,59999,59999,Apple iPhone 6s Plus ,0,0.0,IOS,185,6.3,2953,172
SAMSUNG,Galaxy S9 ,Midnight Black,4 GB,128 GB,Yes,4.4,61900,61900,SAMSUNG Galaxy S9 ,0,0.0,Android,3,6.3,4733,1
SAMSUNG,Galaxy Note 20 ,Mystic Bronze,8 GB,256 GB,Yes,4.3,77999,86000,SAMSUNG Galaxy Note 20 ,8001,9.303488372093025,Android,956,7.0,5078,150
GIONEE,S6 ,Gold,3 GB,32 GB,Yes,3.8,7999,20924,GIONEE S6 ,12925,61.771171860065,Android,71,4.8,5076,25
Xiaomi,REDMI Note 10S ,Deep Sea Blue,6 GB,128 GB,Yes,4.3,17995,18950,Xiaomi REDMI Note 10S ,955,5.03957783641161,Android,631,6.7,5677,30
vivo,Y20G ,Obsidian Black,6 GB,128 GB,Yes,4.3,13400,13400,vivo Y20G ,0,0.0,Android,937,5.3,5987,842
SAMSUNG,Galaxy J6 ,Blue,3 GB,32 GB,Yes,4.4,12990,12990,SAMSUNG Galaxy J6 ,0,0.0,Android,469,4.9,3868,88
POCO,F1,Rosso Red,6 GB,128 GB,Yes,4.5,24999,24999,POCO F1,0,0.0,Android,532,6.6,3172,179
SAMSUNG,Galaxy F23 5G,Forest Green,6 GB,128 GB,Yes,4.0,16999,23999,SAMSUNG Galaxy F23 5G,7000,29.16788199508313,Android,227,5.3,2059,172
vivo,V20 2021 ,Sunset Melody,12 GB,256 GB,Yes,4.4,15490,19490,vivo V20 2021 ,4000,20.523345305284764,Android,243,4.7,5252,59
GIONEE,M7 Power ,Gold,4 GB,64 GB,Yes,4.1,15399,15399,GIONEE M7 Power ,0,0.0,Android,350,5.7,3102,26
Nokia,G20 ,Night,4 GB,64 GB,Yes,,14490,14490,Nokia G20 ,0,0.0,Android,365,5.3,5060,212
HTC,U11,Brilliant Black,6 GB,128 GB,Yes,4.6,53990,53990,HTC U11,0,0.0,Android,294,6.2,3167,93
ASUS,ZenFone Max Pro M2 ,Titanium,6 GB,64 GB,Yes,4.3,19999,19999,ASUS ZenFone Max Pro M2 ,0,0.0,Android,522,6.1,4043,500
Apple,iPhone X ,Silver,3 GB,256 GB,Yes,4.6,106900,106900,Apple iPhone X ,0,0.0,IOS,408,6.8,5805,378
SAMSUNG,Galaxy A03s ,Black,3 GB,32 GB,Yes,4.0,11499,13499,SAMSUNG Galaxy A03s ,2000,14.815912289799243,Android,630,5.9,2951,140
OPPO,Reno3 Pro,Sky White,8 GB,256 GB,Yes,4.4,27990,35990,OPPO Reno3 Pro,8000,22.228396776882462,Android,676,5.1,2449,243
Lenovo,Vibe S1 ,Dark Blue,3 GB,32 GB,Yes,,13490,13490,Lenovo Vibe S1 ,0,0.0,Android,527,5.3,4635,390
Lenovo,K8 Note ,Venom Black,3 GB,32 GB,Yes,4.1,7819,7819,Lenovo K8 Note ,0,0.0,Android,743,5.3,5540,114
SAMSUNG,Galaxy F41 ,Fusion Blue,6 GB,64 GB,Yes,4.3,15999,19999,SAMSUNG Galaxy F41 ,4000,20.001000050002503,Android,897,6.2,2680,432
realme,C25 ,Watery Grey,4 GB,128 GB,Yes,4.4,10999,11999,realme C25 ,1000,8.334027835652972,Android,660,6.6,3316,460
Xiaomi,Redmi 9A ,Sea Blue,3 GB,32 GB,Yes,4.1,8498,8525,Xiaomi Redmi 9A ,27,0.3167155425219941,Android,820,6.2,4063,431
Nokia,6.1,Gold,4 GB,32 GB,Yes,4.0,9500,9500,Nokia 6.1,0,0.0,Android,376,5.5,4311,70
OPPO,Reno 10x Zoom,Jet Black,8 GB,256 GB,Yes,4.4,41990,55990,OPPO Reno 10x Zoom,14000,25.00446508305054,Android,543,6.0,4041,296
Infinix,Hot 10S,Morandi Green,6 GB,64 GB,Yes,4.3,10999,13999,Infinix Hot 10S,3000,21.430102150153584,Android,641,6.4,5336,568
SAMSUNG,Galaxy J6 Plus ,Red,4 GB,64 GB,Yes,4.3,13600,13600,SAMSUNG Galaxy J6 Plus ,0,0.0,Android,300,5.8,2418,120
OPPO,F9 Pro,Starry purple,6 GB,128 GB,Yes,4.5,21990,27990,OPPO F9 Pro,6000,21.436227224008576,Android,744,4.8,5344,182
OPPO,A83 2018 Edition,Blue,4 GB,64 GB,Yes,4.3,15000,15000,OPPO A83 2018 Edition,0,0.0,Android,635,5.8,2882,431
LG,Velvet ,AURORA SILVER,6 GB,128 GB,Yes,4.2,29999,29999,LG Velvet ,0,0.0,Android,24,5.8,4275,1
Apple,iPhone 6s ,Rose Gold,2 GB,32 GB,Yes,4.5,25299,29900,Apple iPhone 6s ,4601,15.387959866220736,IOS,871,6.3,3809,868
Apple,iPhone 12 ,White,4GB,256 GB,Yes,4.6,78999,80900,Apple iPhone 12 ,1901,2.349814585908529,IOS,592,4.6,2303,449
Nokia,6.1,Iron,3 GB,32 GB,Yes,4.2,17979,17979,Nokia 6.1,0,0.0,Android,95,6.6,5291,13
Nokia,5.1 Plus ,White,3 GB,32 GB,Yes,4.3,13199,13199,Nokia 5.1 Plus ,0,0.0,Android,805,4.5,3570,438
Google Pixel,3 XL ,Not Pink,4 GB,64 GB,Yes,4.6,83000,83000,Google Pixel 3 XL ,0,0.0,Android,94,6.1,3384,90
SAMSUNG,Galaxy J4 Plus ,Black,2 GB,32 GB,Yes,4.3,9000,9000,SAMSUNG Galaxy J4 Plus ,0,0.0,Android,811,6.5,3498,708
SAMSUNG,Galaxy A51 ,Prism Crush Black,6 GB,128 GB,Yes,4.3,20999,25999,SAMSUNG Galaxy A51 ,5000,19.231508904188622,Android,220,5.9,5749,198
OPPO,F11 Pro,Waterfall Grey,6 GB,128 GB,Yes,4.5,14990,29990,OPPO F11 Pro,15000,50.01667222407469,Android,391,4.9,2960,351
SAMSUNG,Galaxy S21 Plus ,Phantom Black,8 GB,256 GB,Yes,4.4,75999,104999,SAMSUNG Galaxy S21 Plus ,29000,27.61931066010153,Android,157,6.3,4081,40
Nokia,6.1,White,4 GB,64 GB,Yes,4.0,12499,16990,Nokia 6.1,4491,26.43319599764568,Android,916,4.5,4580,46
SAMSUNG,Galaxy Star Advance ,White,512 MB,4 GB,Yes,3.8,5499,5499,SAMSUNG Galaxy Star Advance ,0,0.0,Android,271,6.8,2951,111
OPPO,F9,Stellar Purple,4 GB,64 GB,Yes,4.5,17890,21990,OPPO F9,4100,18.64483856298317,Android,895,5.1,4332,776
GIONEE,F205 ,Black and Gold,2 GB,16 GB,Yes,4.0,8479,8479,GIONEE F205 ,0,0.0,Android,468,4.8,4529,450
GIONEE,P5L ,Yellow,1 GB,16 GB,Yes,3.7,3990,7999,GIONEE P5L ,4009,50.1187648456057,Android,672,4.5,3083,595
POCO,M3 Pro 5G ,Cool Blue,6 GB,128 GB,Yes,4.2,16499,17999,POCO M3 Pro 5G ,1500,8.333796322017891,Android,598,5.4,5124,412
Lenovo,A6000 Plus ,Black,2 GB,16 GB,Yes,4.1,7499,7499,Lenovo A6000 Plus ,0,0.0,Android,87,6.9,4405,56
Nokia,C3 ,Nordic Blue,3 GB,32 GB,Yes,3.8,7499,9999,Nokia C3 ,2500,25.002500250025,Android,64,4.6,4975,39
LG,Q6 ,Gold,3 GB,32 GB,Yes,4.0,16990,16990,LG Q6 ,0,0.0,Android,293,6.1,2734,49
Apple,iPhone 12 ,Black,4GB,128 GB,Yes,4.6,68999,70900,Apple iPhone 12 ,1901,2.681241184767278,IOS,449,4.7,4064,97
Apple,iPhone 13 Pro Max,Silver,4GB,1 TB,Yes,4.7,179900,179900,Apple iPhone 13 Pro Max,0,0.0,IOS,755,5.6,4712,644
realme,X2 ,Pearl Blue,8 GB,256 GB,Yes,4.5,24999,24999,realme X2 ,0,0.0,Android,415,6.2,5198,297
SAMSUNG,Galaxy Note 5 ,Silver Titanium,4 GB,32 GB,Yes,4.1,46300,46300,SAMSUNG Galaxy Note 5 ,0,0.0,Android,326,6.8,4579,275
realme,Narzo 30A ,Laser Blue,3 GB,32 GB,Yes,4.3,8999,9999,realme Narzo 30A ,1000,10.00100010001,Android,412,4.6,2107,311
ASUS,Zenfone Live ,Pink,2 GB,16 GB,Yes,4.0,7999,7999,ASUS Zenfone Live ,0,0.0,Android,159,6.4,5490,119
GIONEE,Pioneer P3 ,White,512 MB,4 GB,Yes,3.6,2350,7996,GIONEE Pioneer P3 ,5646,70.61030515257629,Android,945,5.2,3323,472
Lenovo,Vibe K5 Plus ,Silver,3 GB,16 GB,Yes,4.0,8499,8499,Lenovo Vibe K5 Plus ,0,0.0,Android,887,5.2,5907,752
Nokia,2.2,Steel,3 GB,32 GB,Yes,4.0,9599,9599,Nokia 2.2,0,0.0,Android,648,5.6,2889,493
Apple,iPhone XS Max ,Space Grey,4 GB,256 GB,Yes,4.6,78999,124900,Apple iPhone XS Max ,45901,36.7502001601281,IOS,131,4.8,3918,93
Xiaomi,Redmi 6 Pro ,Red,3 GB,32 GB,Yes,4.5,9990,9990,Xiaomi Redmi 6 Pro ,0,0.0,Android,307,4.8,5255,229
realme,C11 ,Rich Grey,2 GB,32 GB,Yes,4.4,7499,8999,realme C11 ,1500,16.6685187243027,Android,397,6.5,4205,178
Apple,iPhone 12 Pro ,Graphite,6 GB,512 GB,Yes,4.6,139900,139900,Apple iPhone 12 Pro ,0,0.0,IOS,184,5.6,4663,74
GIONEE,Max Pro ,Red,3 GB,32 GB,Yes,3.8,7299,9999,GIONEE Max Pro ,2700,27.002700270027,Android,795,4.9,2121,260
vivo,V9 Youth,Black,4 GB,32 GB,Yes,4.4,19899,19990,vivo V9 Youth,91,0.4552276138069034,Android,904,4.9,2425,767
SAMSUNG,Galaxy M30 ,Gradation Black,4 GB,64 GB,Yes,4.4,13589,16490,SAMSUNG Galaxy M30 ,2901,17.592480291085508,Android,756,6.9,3386,371
realme,3,Radiant Blue,3 GB,64 GB,Yes,4.5,9499,11999,realme 3,2500,20.835069589132427,Android,541,5.5,2427,389
Xiaomi,Mi 11X Pro 5G ,Cosmic Black,8 GB,128 GB,Yes,4.4,39999,39999,Xiaomi Mi 11X Pro 5G ,0,0.0,Android,536,5.1,2017,533
SAMSUNG,Galaxy A70s ,Prism Crush Black,8 GB,128 GB,Yes,4.3,30500,33100,SAMSUNG Galaxy A70s ,2600,7.854984894259818,Android,908,6.5,2690,236
Xiaomi,11 Lite NE,Jazz Blue,8 GB,128 GB,Yes,4.3,25684,25684,Xiaomi 11 Lite NE,0,0.0,Android,152,4.8,5966,22
Apple,iPhone 7 Plus ,Rose Gold,3 GB,256 GB,Yes,4.5,85400,85400,Apple iPhone 7 Plus ,0,0.0,IOS,246,6.8,2213,191
SAMSUNG,Fold 2 5G ,Black,12 GB,256 GB,Yes,,169999,169999,SAMSUNG Fold 2 5G ,0,0.0,Android,491,4.9,3398,291
Apple,iPhone XS ,Silver,4 GB,64 GB,Yes,4.7,62999,89900,Apple iPhone XS ,26901,29.92324805339266,IOS,207,5.5,2347,162
Infinix,Note 10 Pro,Nordic Secret,8 GB,256 GB,Yes,4.2,16999,19999,Infinix Note 10 Pro,3000,15.000750037501875,Android,244,6.5,2766,189
Nokia,6.2,Black,4 GB,64 GB,Yes,4.2,12849,18999,Nokia 6.2,6150,32.370124743407544,Android,986,6.6,3324,854
HTC,Wildfire X ,Blue,4 GB,128 GB,Yes,3.9,17999,17999,HTC Wildfire X ,0,0.0,Android,583,4.9,3649,161
GIONEE,F103 ,Pearl White,2 GB,16 GB,Yes,4.0,4489,9999,GIONEE F103 ,5510,55.105510551055104,Android,575,5.3,3623,56
Apple,iPhone 6s Plus ,Silver,2 GB,32 GB,Yes,4.4,34900,34900,Apple iPhone 6s Plus ,0,0.0,IOS,368,4.8,4389,116
Motorola,One Action ,Denim Blue,4 GB,128 GB,Yes,4.2,10999,16999,Motorola One Action ,6000,35.296193893758456,Android,944,6.1,3279,246
vivo,V7  ,Energetic Blue,4 GB,32 GB,Yes,4.4,15990,15990,vivo V7  ,0,0.0,Android,115,6.0,3165,63
realme,X3 SuperZoom ,Arctic White,8 GB,256 GB,Yes,4.3,29999,31999,realme X3 SuperZoom ,2000,6.250195318603706,Android,938,4.5,5501,852
LG,K-7 ,Titan,1.5 GB,8 GB,Yes,4.1,6590,6590,LG K-7 ,0,0.0,Android,113,5.4,3697,103
LG,W11 ,Black,3 GB,32 GB,Yes,4.0,7690,7799,LG W11 ,109,1.3976150788562636,Android,119,4.5,5978,72
SAMSUNG,Galaxy A7 ,Black,6 GB,128 GB,Yes,4.4,24600,24600,SAMSUNG Galaxy A7 ,0,0.0,Android,783,6.0,2971,421
Motorola,G7 Power,Ceramic Black,4 GB,64 GB,Yes,4.3,15999,15999,Motorola G7 Power,0,0.0,Android,666,6.3,2046,600
realme,X2 ,Pearl Green,8 GB,128 GB,Yes,4.5,20999,20999,realme X2 ,0,0.0,Android,60,5.7,3671,59
SAMSUNG,Galaxy J2 Core ,Blue,1 GB,8 GB,Yes,4.2,6500,6500,SAMSUNG Galaxy J2 Core ,0,0.0,Android,929,5.3,5912,657
Nokia,6.1,Gold,4 GB,64 GB,Yes,4.0,18300,18300,Nokia 6.1,0,0.0,Android,451,5.9,3617,215
GIONEE,S6 ,Rose Gold,3 GB,32 GB,Yes,3.8,6600,6600,GIONEE S6 ,0,0.0,Android,384,4.9,3503,24
POCO,M2  ,Brick Red,6 GB,64 GB,Yes,4.4,10499,12999,POCO M2  ,2500,19.232248634510345,Android,460,6.7,4994,396
HTC,Desire 816  ,White  ,1.5 GB,8 GB,Yes,4.1,27390,27390,HTC Desire 816  ,0,0.0,Android,930,5.7,4190,726
Nokia,6310,Black,8 MB,16 MB,Yes,,4189,4189,Nokia 6310,0,0.0,Android,118,5.7,2166,100
Nokia,105,Black,32 MB,2 MB,Yes,4.1,1344,1344,Nokia 105,0,0.0,Android,530,6.2,4930,518
Xiaomi,Mi 10T ,Cosmic Black,6 GB,128 GB,Yes,4.2,32999,39999,Xiaomi Mi 10T ,7000,17.500437510937775,Android,552,6.8,4939,392
realme,X3 SuperZoom ,Arctic White,12 GB,256 GB,Yes,4.2,32999,34999,realme X3 SuperZoom ,2000,5.714448984256693,Android,110,4.7,5961,53
Nokia,7 Plus ,White & Copper,4 GB,64 GB,Yes,4.3,15999,15999,Nokia 7 Plus ,0,0.0,Android,49,6.5,2055,44
ASUS,Zenfone Selfie ,Grey,3 GB,32 GB,Yes,4.0,17999,17999,ASUS Zenfone Selfie ,0,0.0,Android,93,6.6,5613,30
realme,5 Pro ,Sparkling Blue,8 GB,128 GB,Yes,4.5,16999,17999,realme 5 Pro ,1000,5.555864214678594,Android,171,4.8,3431,128
Apple,iPhone 6 ,Space Grey,1 GB,64 GB,Yes,4.4,44999,44999,Apple iPhone 6 ,0,0.0,IOS,112,5.4,5799,33
Xiaomi,Mi 10i ,Midnight Black,6 GB,128 GB,Yes,4.3,22950,24198,Xiaomi Mi 10i ,1248,5.157451029010662,Android,666,6.7,4839,298
realme,C35,Glowing Black,4 GB,128 GB,Yes,4.5,12999,14999,realme C35,2000,13.334222281485433,Android,782,5.1,2491,30
SAMSUNG,Galaxy A8 ,White,2 GB,32 GB,Yes,4.2,33500,33500,SAMSUNG Galaxy A8 ,0,0.0,Android,150,5.7,4903,100
Xiaomi,Mi 10 ,Coral Green,8 GB,256 GB,Yes,4.2,54999,59999,Xiaomi Mi 10 ,5000,8.333472224537076,Android,202,6.6,3705,72
GIONEE,Marathon M5 lite CDMA ,Gold,3 GB,32 GB,Yes,3.9,13649,13649,GIONEE Marathon M5 lite CDMA ,0,0.0,Android,351,5.9,4071,5
HTC,Desire 630,Sprinkle White,2 GB,16 GB,Yes,3.8,12570,12570,HTC Desire 630,0,0.0,Android,53,6.5,2547,26
realme,C12 ,Power Silver,3 GB,32 GB,Yes,4.4,8999,10999,realme C12 ,2000,18.183471224656785,Android,32,6.5,4814,9
Infinix,Smart 3 Plus,Mocha Brown,2 GB,32 GB,Yes,4.2,7999,7999,Infinix Smart 3 Plus,0,0.0,Android,330,5.2,3417,184
Nokia,C3 ,Sand,2 GB,16 GB,Yes,3.7,7299,7299,Nokia C3 ,0,0.0,Android,739,6.2,2815,444
Nokia,6.1,White,4 GB,32 GB,Yes,4.0,17000,17000,Nokia 6.1,0,0.0,Android,605,6.1,2417,116
Google Pixel,3 XL ,Clearly White,4 GB,128 GB,Yes,4.6,92000,92000,Google Pixel 3 XL ,0,0.0,Android,918,4.8,3236,310
Apple,iPhone 7 Plus ,Gold,3 GB,32 GB,Yes,4.5,36999,37900,Apple iPhone 7 Plus ,901,2.3773087071240107,IOS,304,4.9,2531,258
Xiaomi,REDMI 9 Power ,Blazing Blue,6 GB,128 GB,Yes,4.2,13499,16999,Xiaomi REDMI 9 Power ,3500,20.589446438025767,Android,23,5.4,2036,3
SAMSUNG,Galaxy Core ,Chic White,1 GB,8 GB,Yes,4.0,14700,14700,SAMSUNG Galaxy Core ,0,0.0,Android,932,5.3,5400,215
LG,Stylus 2 ,Brown,2 GB,16 GB,Yes,4.1,9999,9999,LG Stylus 2 ,0,0.0,Android,923,4.7,2334,905
GIONEE,P5L ,Gold,1 GB,16 GB,Yes,3.7,4290,4290,GIONEE P5L ,0,0.0,Android,177,4.6,3377,35
OPPO,A71k,Blue,3 GB,16 GB,Yes,4.4,10990,10990,OPPO A71k,0,0.0,Android,308,6.8,3444,62
realme,GT 5G ,Dashing Blue,8 GB,128 GB,Yes,4.3,37999,40999,realme GT 5G ,3000,7.317251640283909,Android,480,6.2,2120,395
Motorola,G5,Lunar Grey,3 GB,16 GB,Yes,4.2,5450,5450,Motorola G5,0,0.0,Android,524,5.3,5164,275
SAMSUNG,Galaxy Star 2 ,White,512 MB,4 GB,Yes,3.9,4890,4890,SAMSUNG Galaxy Star 2 ,0,0.0,Android,796,6.7,5030,100
Infinix,Note 5,Milan Black,4 GB,64 GB,Yes,4.2,12999,12999,Infinix Note 5,0,0.0,Android,167,6.4,4674,77
Infinix,Smart 5A,Quetzal Cyan,2 GB,32 GB,Yes,4.4,7199,7999,Infinix Smart 5A,800,10.001250156269531,Android,223,5.9,4817,45
Apple,iPhone 11 Pro Max ,Gold,4GB,256 GB,Yes,4.7,131900,131900,Apple iPhone 11 Pro Max ,0,0.0,IOS,9,6.7,2338,8
SAMSUNG,Galaxy S21 ,Phantom White,8 GB,128 GB,Yes,4.3,69999,83999,SAMSUNG Galaxy S21 ,14000,16.666865081727163,Android,733,4.9,5209,71
Infinix,Note 10,Emerald Green,6 GB,128 GB,Yes,4.2,12499,14999,Infinix Note 10,2500,16.66777785185679,Android,360,6.0,2939,232
OPPO,F19 Pro,Crystal Silver,8 GB,128 GB,Yes,4.3,21990,23990,OPPO F19 Pro,2000,8.336807002917883,Android,4,5.1,4182,4
SAMSUNG,Galaxy Core 2 ,Black,768 MB,4 GB,Yes,3.9,5920,5920,SAMSUNG Galaxy Core 2 ,0,0.0,Android,121,6.9,5504,22
GIONEE,L700,Black,8 MB,16 MB,Yes,3.9,1099,1099,GIONEE L700,0,0.0,Android,64,6.8,2255,2
Infinix,Hot S3,Sandstone Black,4 GB,64 GB,Yes,4.1,11999,11999,Infinix Hot S3,0,0.0,Android,149,6.8,5943,3
realme,C15 Qualcomm Edition ,Power Silver,4 GB,64 GB,Yes,4.4,12999,12999,realme C15 Qualcomm Edition ,0,0.0,Android,244,4.5,5958,104
Motorola,G6 Plus ,Indigo Black,6 GB,64 GB,Yes,4.3,11829,11829,Motorola G6 Plus ,0,0.0,Android,761,6.4,3328,250
OPPO,A37f,Black,2 GB,16 GB,Yes,4.2,9990,9990,OPPO A37f,0,0.0,Android,674,6.9,2518,597
Xiaomi,Redmi Note 7 Pro ,Nebula Red,4 GB,64 GB,Yes,4.3,14999,14999,Xiaomi Redmi Note 7 Pro ,0,0.0,Android,159,5.0,4704,54
SAMSUNG,Galaxy E5 ,White,1.5 GB,16 GB,Yes,4.2,8490,8490,SAMSUNG Galaxy E5 ,0,0.0,Android,635,6.6,5209,525
vivo,V21e ,Dark Pearl,6 GB,64 GB,Yes,4.5,19990,24990,vivo V21e ,5000,20.00800320128051,Android,367,6.3,5160,29
realme,8 5G ,Supersonic Blue,4 GB,128 GB,Yes,4.3,16499,16999,realme 8 5G ,500,2.941349491146538,Android,429,6.5,4457,415
Xiaomi,Redmi Y2 ,Blue,4 GB,64 GB,Yes,4.3,10999,10999,Xiaomi Redmi Y2 ,0,0.0,Android,17,5.3,2578,5
Apple,iPhone 12 ,Green,4GB,64 GB,Yes,4.6,63999,65900,Apple iPhone 12 ,1901,2.8846737481031868,IOS,234,6.3,4895,95
Infinix,Hot 10S,Purple,6 GB,64 GB,Yes,4.3,10999,13999,Infinix Hot 10S,3000,21.430102150153584,Android,480,4.7,2021,235
Infinix,Note 5 Stylus,Bordeaux Red ,4 GB,64 GB,Yes,3.9,16999,16999,Infinix Note 5 Stylus,0,0.0,Android,536,6.3,2325,55
SAMSUNG,Galaxy Note 3 ,Classic White,3 GB,32 GB,Yes,4.2,50650,50650,SAMSUNG Galaxy Note 3 ,0,0.0,Android,122,4.7,4906,26
realme,C15 Qualcomm Edition ,Power Blue,4 GB,64 GB,Yes,4.4,12999,12999,realme C15 Qualcomm Edition ,0,0.0,Android,434,5.4,2402,374
Apple,iPhone SE ,Red,2 GB,256 GB,Yes,4.5,54900,54900,Apple iPhone SE ,0,0.0,IOS,564,6.3,5226,506
realme,Narzo 10A ,So Blue,3 GB,32 GB,Yes,4.5,8999,9999,realme Narzo 10A ,1000,10.00100010001,Android,180,6.0,2200,178
ASUS,Zenfone Go ,Gold,1 GB,8 GB,Yes,3.8,4649,4649,ASUS Zenfone Go ,0,0.0,Android,916,6.7,3660,179
OPPO,Reno3 Pro,Auroral Blue,8 GB,128 GB,Yes,4.4,24989,24989,OPPO Reno3 Pro,0,0.0,Android,739,5.0,3813,697
Nokia,7.1,Blue,4 GB,64 GB,Yes,4.1,11199,11199,Nokia 7.1,0,0.0,Android,488,4.6,3680,202
Nokia,2.1,Blue & Silver,1 GB,8 GB,Yes,4.0,7712,7712,Nokia 2.1,0,0.0,Android,120,6.4,5061,12
realme,X ,Space Blue,4 GB,128 GB,Yes,4.5,17999,17999,realme X ,0,0.0,Android,739,6.2,2725,203
Lenovo,Vibe K5 Plus ,Silver,2 GB,16 GB,Yes,4.0,8499,8499,Lenovo Vibe K5 Plus ,0,0.0,Android,951,5.4,2250,112
Apple,iPhone XS Max ,Gold,4 GB,512 GB,Yes,4.6,144900,144900,Apple iPhone XS Max ,0,0.0,IOS,123,5.4,2934,16
SAMSUNG,Galaxy J7 Duo ,Blue,4 GB,32 GB,Yes,4.3,17990,17990,SAMSUNG Galaxy J7 Duo ,0,0.0,Android,622,6.9,5529,2
SAMSUNG,Galaxy M20 ,Ocean Blue,3 GB,32 GB,Yes,4.3,10990,11290,SAMSUNG Galaxy M20 ,300,2.657218777679362,Android,97,4.8,4391,17
HTC,Desire 820,Santorini White,2 GB,16 GB,Yes,4.0,25999,25999,HTC Desire 820,0,0.0,Android,640,5.3,4714,434
vivo,X60 ,Midnight Black,8 GB,128 GB,Yes,4.3,13990,16990,vivo X60 ,3000,17.657445556209534,Android,708,6.6,3872,502
Xiaomi,Redmi Note 7S ,Sapphire Blue,4 GB,64 GB,Yes,4.3,13500,13500,Xiaomi Redmi Note 7S ,0,0.0,Android,858,6.5,3068,620
Nokia,3.1,Black,2 GB,16 GB,Yes,3.9,10000,10000,Nokia 3.1,0,0.0,Android,737,6.5,2181,653
realme,C2 ,Diamond Blue,2 GB,16 GB,Yes,4.4,6499,6999,realme C2 ,500,7.1438776968138304,Android,14,5.6,2744,10
Nokia,Asha 503 ,White,512 MB,Expandable Upto 32 GB,Yes,3.8,7399,7399,Nokia Asha 503 ,0,0.0,Android,700,6.1,3378,412
Apple,iPhone XR ,Blue,3 GB,64 GB,Yes,4.6,42999,47900,Apple iPhone XR ,4901,10.231732776617951,IOS,634,4.6,2122,160
realme,X7 5G ,Space Silver,6 GB,128 GB,Yes,4.3,19999,21999,realme X7 5G ,2000,9.091322332833313,Android,701,6.5,2676,559
Apple,iPhone 13 Pro ,Sierra Blue,6 GB,256 GB,Yes,,129900,129900,Apple iPhone 13 Pro ,0,0.0,IOS,792,6.8,4256,383
SAMSUNG,Galaxy A7 2016 Edition ,Gold,3 GB,16 GB,Yes,4.1,17490,17490,SAMSUNG Galaxy A7 2016 Edition ,0,0.0,Android,485,6.6,3125,350
SAMSUNG,Guru Music 2,Black,,2 MB,Yes,4.3,1450,1450,SAMSUNG Guru Music 2,0,0.0,Android,319,4.8,5293,296
Nokia,3.1,Black,3 GB,32 GB,Yes,4.0,6990,6990,Nokia 3.1,0,0.0,Android,424,5.3,3753,297
SAMSUNG,Galaxy F42 5G ,Matte Aqua,6 GB,128 GB,Yes,4.1,20999,23999,SAMSUNG Galaxy F42 5G ,3000,12.500520855035626,Android,135,5.8,4526,52
SAMSUNG,Galaxy M10 ,Ocean Blue,2 GB,16 GB,Yes,4.3,8190,8190,SAMSUNG Galaxy M10 ,0,0.0,Android,709,6.5,5505,703
LG,Velvet Dual Screen ,Aurora Silver,6 GB,128 GB,Yes,4.4,44990,55000,LG Velvet Dual Screen ,10010,18.2,Android,145,4.7,2861,2
Nokia,1,Warm Red,1 GB,8 GB,Yes,3.9,4672,4672,Nokia 1,0,0.0,Android,380,5.1,4771,284
Apple,iPhone 6s Plus ,Space Grey,2 GB,32 GB,Yes,4.4,34900,34900,Apple iPhone 6s Plus ,0,0.0,IOS,521,6.9,3869,443
SAMSUNG,Galaxy M11 ,Metallic Blue,4 GB,64 GB,Yes,4.3,12499,12800,SAMSUNG Galaxy M11 ,301,2.3515625,Android,98,6.3,5398,6
SAMSUNG,M52 5G,Blazing Black,8 GB,128 GB,Yes,4.3,27839,31889,SAMSUNG M52 5G,4050,12.700304180124808,Android,157,5.4,2692,48
OPPO,A83,Red,2 GB,16 GB,Yes,4.2,9990,9990,OPPO A83,0,0.0,Android,360,6.7,4084,104
Apple,iPhone 7 ,Black,2 GB,128 GB,Yes,4.5,34900,34900,Apple iPhone 7 ,0,0.0,IOS,725,6.9,5808,375
Xiaomi,11 Lite NE,Jazz Blue,6 GB,128 GB,Yes,4.3,23990,23990,Xiaomi 11 Lite NE,0,0.0,Android,870,6.5,3176,623
SAMSUNG,Galaxy S21 SE 5G,Graphite,8 GB,128 GB,Yes,4.3,54990,54990,SAMSUNG Galaxy S21 SE 5G,0,0.0,Android,442,5.7,2945,95
SAMSUNG,Guru GT,Black,153 MB,153 MB,Yes,4.1,1549,1549,SAMSUNG Guru GT,0,0.0,Android,698,6.8,2234,385
ASUS,ZenFone Max M1 ,Black,4 GB,64 GB,Yes,4.0,9599,9599,ASUS ZenFone Max M1 ,0,0.0,Android,330,6.4,3219,244
realme,C25s ,Watery Grey,4 GB,128 GB,Yes,4.4,11999,11999,realme C25s ,0,0.0,Android,67,6.3,4043,44
realme,2,Diamond Black,3 GB,,Yes,4.5,9990,9990,realme 2,0,0.0,Android,669,5.8,5184,357
Apple,iPhone 8 Plus ,Silver,3 GB,64 GB,Yes,4.6,49900,49900,Apple iPhone 8 Plus ,0,0.0,IOS,117,5.1,5087,98
realme,Narzo 50i ,Carbon Black,2 GB,32 GB,Yes,4.3,7499,7999,realme Narzo 50i ,500,6.250781347668459,Android,314,4.9,2941,98
vivo,Y33T,Midday Dream,8 GB,128 GB,Yes,3.9,18990,22990,vivo Y33T,4000,17.398869073510223,Android,21,5.2,2944,19
SAMSUNG,Galaxy M12 ,Black,6 GB,128 GB,Yes,4.2,13984,15499,SAMSUNG Galaxy M12 ,1515,9.774824182205304,Android,130,4.6,5893,6
Apple,iPhone SE ,White,2 GB,128 GB,Yes,4.5,44900,44900,Apple iPhone SE ,0,0.0,IOS,468,5.7,5571,138
Motorola,E6s,Rich Cranberry,4 GB,64 GB,Yes,4.1,7999,9999,Motorola E6s,2000,20.00200020002,Android,138,4.9,3718,62
realme,X7 Max,Milkyway Grey,12 GB,256 GB,Yes,4.3,29999,32999,realme X7 Max,3000,9.09118458135095,Android,813,5.5,5311,270
realme,C2 ,Diamond Black,2 GB,32 GB,Yes,4.4,6999,7999,realme C2 ,1000,12.50156269533692,Android,778,5.8,4322,242
SAMSUNG,Galaxy A52 ,Awesome Black,6 GB,128 GB,Yes,4.3,27499,30499,SAMSUNG Galaxy A52 ,3000,9.836388078297649,Android,183,5.8,3340,176
ASUS,Zenfone Zoom ,White,4 GB,64 GB,Yes,3.6,37999,37999,ASUS Zenfone Zoom ,0,0.0,Android,82,5.3,3471,24
Xiaomi,Redmi 8 ,Onyx Black,4 GB,64 GB,Yes,4.3,10999,10999,Xiaomi Redmi 8 ,0,0.0,Android,793,6.1,4440,322
HTC,Desire 326G DS,White Birch,1 GB,8 GB,Yes,3.7,9590,9590,HTC Desire 326G DS,0,0.0,Android,204,4.9,3259,32
SAMSUNG,Galaxy A22 ,Mint,6 GB,128 GB,Yes,4.3,18499,20499,SAMSUNG Galaxy A22 ,2000,9.756573491389824,Android,167,4.9,4681,95
SAMSUNG,Galaxy A32 ,Awesome Black,8 GB,128 GB,Yes,4.4,22930,26990,SAMSUNG Galaxy A32 ,4060,15.042608373471657,Android,245,6.4,4696,184
POCO,M2 Pro,Green and Greener,6 GB,64 GB,Yes,4.3,14999,16999,POCO M2 Pro,2000,11.765397964586152,Android,147,6.1,5133,36
SAMSUNG,Galaxy A20s ,Green,3 GB,32 GB,Yes,4.3,11599,12900,SAMSUNG Galaxy A20s ,1301,10.085271317829458,Android,501,6.1,2471,55
GIONEE,M7 Power ,Black,4 GB,64 GB,Yes,4.1,7899,7899,GIONEE M7 Power ,0,0.0,Android,635,5.9,2738,363
realme,Narzo 30 ,Racing Blue,6 GB,128 GB,Yes,4.3,15499,16999,realme Narzo 30 ,1500,8.824048473439614,Android,281,6.7,3299,141
SAMSUNG,Galaxy A20 ,Red,3 GB,32 GB,Yes,4.3,12900,12900,SAMSUNG Galaxy A20 ,0,0.0,Android,415,4.7,4106,177
OPPO,A54,Crystal Black,6 GB,128 GB,Yes,4.3,16990,17990,OPPO A54,1000,5.558643690939411,Android,144,5.6,4485,95
GIONEE,Marathon M5 Lite ,Gold,3 GB,32 GB,Yes,3.8,5990,5990,GIONEE Marathon M5 Lite ,0,0.0,Android,771,6.7,3796,59
realme,1,Solar Red,6 GB,128 GB,Yes,4.3,12799,12799,realme 1,0,0.0,Android,820,4.8,4954,628
Lenovo,ZUK Z1 ,Space Grey,3 GB,64 GB,Yes,3.4,7499,13499,Lenovo ZUK Z1 ,6000,44.44773686939774,Android,941,6.0,3994,568
SAMSUNG,Galaxy J7 - 6 New 2016 Edition) ,Gold,2 GB,16 GB,Yes,4.3,13800,13800,SAMSUNG Galaxy J7 - 6 New 2016 Edition) ,0,0.0,Android,134,6.2,2087,75
Motorola,E 2nd Gen 3G ,White,1 GB,8 GB,Yes,4.1,5999,5999,Motorola E 2nd Gen 3G ,0,0.0,Android,362,4.9,5927,143
Apple,iPhone X ,Silver,3 GB,64 GB,Yes,4.6,91900,91900,Apple iPhone X ,0,0.0,IOS,878,5.9,5859,81
SAMSUNG,Galaxy A12 ,Black,4 GB,64 GB,Yes,4.2,15999,15999,SAMSUNG Galaxy A12 ,0,0.0,Android,736,5.3,5753,392
Lenovo,A5000 ,White,1 GB,8 GB,Yes,4.0,9999,9999,Lenovo A5000 ,0,0.0,Android,304,5.8,2628,154
vivo,Y73 ,Diamond Flare,3 GB,64 GB,Yes,4.4,28990,28990,vivo Y73 ,0,0.0,Android,568,4.8,5188,88
Motorola,C Plus,Pearl White,2 GB,16 GB,Yes,4.2,6900,6900,Motorola C Plus,0,0.0,Android,280,6.6,4593,59
Infinix,Hot 10,Obsidian Black,4 GB,64 GB,Yes,4.4,11999,11999,Infinix Hot 10,0,0.0,Android,579,4.8,3572,216
SAMSUNG,Galaxy J5 ,Black,1.5 GB,8 GB,Yes,4.3,7990,7990,SAMSUNG Galaxy J5 ,0,0.0,Android,373,6.2,5337,292
Nokia,8,Steel,4 GB,64 GB,Yes,4.0,36999,36999,Nokia 8,0,0.0,Android,617,5.3,3542,484
SAMSUNG,Galaxy On8 ,Black,4 GB,64 GB,Yes,4.4,19990,19990,SAMSUNG Galaxy On8 ,0,0.0,Android,900,6.6,3318,194
Lenovo,K6 Note ,Grey,4 GB,32 GB,Yes,4.0,9150,9150,Lenovo K6 Note ,0,0.0,Android,922,5.8,2320,557
POCO,X2,Pheonix Red,6 GB,64 GB,Yes,4.5,14999,18999,POCO X2,4000,21.05373967050897,Android,619,5.6,2383,276
SAMSUNG,Galaxy M32 ,Blue,4 GB,64 GB,Yes,4.2,15399,15499,SAMSUNG Galaxy M32 ,100,0.6452029163171817,Android,262,5.5,5219,53
LG,W30 ,Thunder Blue,3 GB,32 GB,Yes,3.9,8399,8399,LG W30 ,0,0.0,Android,994,5.4,2561,494
Apple,iPhone 7 Plus ,Red,3 GB,128 GB,Yes,4.5,42900,42900,Apple iPhone 7 Plus ,0,0.0,IOS,281,4.6,4994,229
Apple,iPhone 13 Pro ,Silver,6 GB,128 GB,Yes,,119900,119900,Apple iPhone 13 Pro ,0,0.0,IOS,989,5.4,3554,554
Nokia,216 DS 2020,Black,16 MB,16 MB,Yes,4.2,2450,2450,Nokia 216 DS 2020,0,0.0,Android,684,5.8,3818,377
SAMSUNG,Galaxy M11 ,Metallic Blue,3 GB,32 GB,Yes,4.2,11745,11745,SAMSUNG Galaxy M11 ,0,0.0,Android,69,6.7,4160,47
SAMSUNG,Galaxy A70s ,Prism Crush Black,6 GB,128 GB,Yes,4.3,17999,31000,SAMSUNG Galaxy A70s ,13001,41.93870967741936,Android,110,7.0,4005,89
Apple,iPhone 12 Mini ,Green,4GB,256 GB,Yes,4.5,71999,74900,Apple iPhone 12 Mini ,2901,3.8731642189586113,IOS,260,4.8,5284,207
LG,G8s ThinQ ,Black,6 GB,128 GB,Yes,,29999,29999,LG G8s ThinQ ,0,0.0,Android,102,5.4,3930,59
Infinix,Hot 10,Ocean Wave,6 GB,128 GB,Yes,4.3,13999,13999,Infinix Hot 10,0,0.0,Android,126,4.9,2906,7
realme,1,Black,4 GB,64 GB,Yes,4.4,10990,14990,realme 1,4000,26.684456304202804,Android,535,5.8,5648,408
Apple,iPhone 12 Mini ,Green,4GB,64 GB,Yes,4.5,56999,59900,Apple iPhone 12 Mini ,2901,4.843071786310517,IOS,290,5.8,4177,91
Apple,iPhone 13 Pro Max ,Gold,6 GB,,Yes,,179900,179900,Apple iPhone 13 Pro Max ,0,0.0,IOS,650,5.3,3007,11
realme,8 Pro ,Illuminating Yellow,6 GB,128 GB,Yes,4.3,17999,19999,realme 8 Pro ,2000,10.000500025001251,Android,443,7.0,4174,125
Apple,iPhone 11 Pro ,Gold,4GB,64 GB,Yes,4.6,79999,106600,Apple iPhone 11 Pro ,26601,24.954033771106943,IOS,819,5.5,4129,709
Apple,iPhone XR ,White,3 GB,128 GB,Yes,4.6,47999,52900,Apple iPhone XR ,4901,9.264650283553877,IOS,875,6.5,2292,384
SAMSUNG,Galaxy J2 ,Gold,1 GB,8 GB,Yes,4.1,7400,7400,SAMSUNG Galaxy J2 ,0,0.0,Android,350,6.8,4616,8
vivo,V21 5G ,Sunset Dazzle,8 GB,256 GB,Yes,4.5,15490,19490,vivo V21 5G ,4000,20.523345305284764,Android,852,6.9,2980,392
vivo,V21 5G ,Dusk Blue,12 GB,256 GB,Yes,4.4,14990,14990,vivo V21 5G ,0,0.0,Android,556,5.7,3217,519
POCO,M4 Pro 5G,Yellow,8 GB,128 GB,Yes,4.4,18999,21999,POCO M4 Pro 5G,3000,13.636983499249968,Android,972,4.7,3005,419
SAMSUNG,Galaxy Star Advance ,Black,512 MB,4 GB,Yes,3.8,3500,3500,SAMSUNG Galaxy Star Advance ,0,0.0,Android,116,4.9,5068,17
GIONEE,F103 Pro ,White,3 GB,16 GB,Yes,3.9,8999,8999,GIONEE F103 Pro ,0,0.0,Android,370,5.8,2725,22
vivo,S1,Skyline Blue,4 GB,128 GB,Yes,4.4,19990,19990,vivo S1,0,0.0,Android,154,6.8,2486,4
OPPO,A5s,Red,3 GB,32 GB,Yes,4.4,12990,12990,OPPO A5s,0,0.0,Android,563,6.6,5572,405
GIONEE,A1 ,Grey,4 GB,64 GB,Yes,4.0,21499,21499,GIONEE A1 ,0,0.0,Android,266,5.6,2988,253
OPPO,A55,Starry Black,4 GB,64 GB,Yes,4.3,15490,15490,OPPO A55,0,0.0,Android,287,6.3,5621,185
SAMSUNG,Galaxy S20 ,Cloud Blue,8 GB,128 GB,Yes,4.3,49980,49980,SAMSUNG Galaxy S20 ,0,0.0,Android,83,4.8,3840,64
realme,6,Comet White,8 GB,128 GB,Yes,4.4,16999,17999,realme 6,1000,5.555864214678594,Android,647,6.9,4317,48
SAMSUNG,Galaxy M30 ,Gradation Blue,6 GB,128 GB,Yes,4.3,15890,15990,SAMSUNG Galaxy M30 ,100,0.6253908692933083,Android,358,6.9,3342,81
SAMSUNG,Galaxy M30 ,Gradation Blue,4 GB,64 GB,Yes,4.4,13995,14455,SAMSUNG Galaxy M30 ,460,3.1822898650985816,Android,888,6.5,5320,56
OPPO,A55,Rainbow Blue,6 GB,128 GB,Yes,3.8,17490,20990,OPPO A55,3500,16.674606955693186,Android,647,5.4,2962,22
Lenovo,VIBE P1m ,White,2 GB,16 GB,Yes,4.1,6999,6999,Lenovo VIBE P1m ,0,0.0,Android,187,4.8,2607,132
realme,5 Pro ,Crystal Green,4 GB,64 GB,Yes,4.5,13999,14999,realme 5 Pro ,1000,6.667111140742716,Android,866,5.3,3763,597
ASUS,ROG Phone II ,Black,8 GB,128 GB,Yes,4.6,40999,40999,ASUS ROG Phone II ,0,0.0,Android,357,4.9,3164,224
vivo,Y71i,Matte Black,2 GB,16 GB,Yes,4.3,8990,8990,vivo Y71i,0,0.0,Android,406,4.5,5133,36
Apple,iPhone XS Max ,Silver,4 GB,512 GB,Yes,4.6,144900,144900,Apple iPhone XS Max ,0,0.0,IOS,576,5.9,5300,221
POCO,M4 Pro 5G,Power Black,4 GB,64 GB,Yes,4.5,14999,16999,POCO M4 Pro 5G,2000,11.765397964586152,Android,274,4.9,5688,73
SAMSUNG,Galaxy S21 Plus ,Phantom Silver,8 GB,128 GB,Yes,4.4,71999,100999,SAMSUNG Galaxy S21 Plus ,29000,28.713155575797774,Android,358,6.8,2063,253
SAMSUNG,Galaxy J7 - 6 New 2016 Edition) ,Black,2 GB,16 GB,Yes,4.3,13800,15014,SAMSUNG Galaxy J7 - 6 New 2016 Edition) ,1214,8.085786599174103,Android,579,6.9,5690,156
realme,C11 2021 ,Cool Grey,2 GB,32 GB,Yes,4.3,7299,7999,realme C11 2021 ,700,8.751093886735841,Android,580,6.6,5320,320
LG,X Power ,Black,2 GB,16 GB,Yes,4.0,8499,8499,LG X Power ,0,0.0,Android,930,5.6,2476,700
SAMSUNG,Galaxy M30S ,Quartz Green,4 GB,128 GB,Yes,4.3,15499,15999,SAMSUNG Galaxy M30S ,500,3.125195324707794,Android,403,4.6,4732,155
Motorola,Z2 Play,Fine Gold,4 GB,64 GB,Yes,4.4,27999,27999,Motorola Z2 Play,0,0.0,Android,732,4.8,5649,406
GIONEE,Max Pro ,Blue,3 GB,32 GB,Yes,3.8,7299,9999,GIONEE Max Pro ,2700,27.002700270027,Android,664,4.6,2640,205
SAMSUNG,Galaxy A70s ,Prism Crush Red,8 GB,128 GB,Yes,4.3,30500,33100,SAMSUNG Galaxy A70s ,2600,7.854984894259818,Android,564,4.7,4334,265
LG,W30 Plus ,Aurora Green,4 GB,64 GB,Yes,3.8,12790,12790,LG W30 Plus ,0,0.0,Android,394,6.0,4189,348
SAMSUNG,Galaxy A2 Core ,Dark Gray,1 GB,16 GB,Yes,4.2,5900,5900,SAMSUNG Galaxy A2 Core ,0,0.0,Android,813,6.8,4124,660
realme,C15 ,Power Blue,4 GB,64 GB,Yes,4.4,10999,12999,realme C15 ,2000,15.385798907608278,Android,891,6.3,5749,195
SAMSUNG,Galaxy A72 ,Awesome Blue,8 GB,128 GB,Yes,4.3,34999,41999,SAMSUNG Galaxy A72 ,7000,16.66706350151194,Android,495,6.5,4775,185
SAMSUNG,Galaxy M11 ,Violet,3 GB,32 GB,Yes,4.2,11745,11745,SAMSUNG Galaxy M11 ,0,0.0,Android,452,5.7,3871,44
SAMSUNG,Galaxy J7 ,White,1.5 GB,16 GB,Yes,4.3,11700,11700,SAMSUNG Galaxy J7 ,0,0.0,Android,718,6.7,2361,288
SAMSUNG,Guru FM Plus SM-B110E/D,Black,,2 MB,Yes,4.3,1375,1375,SAMSUNG Guru FM Plus SM-B110E/D,0,0.0,Android,534,6.4,3724,271
OPPO,Reno3 Pro,Midnight Black,8 GB,128 GB,Yes,4.4,24768,24990,OPPO Reno3 Pro,222,0.8883553421368546,Android,610,6.1,2183,358
Xiaomi,Redmi Note 11T 5G,Matte Black,6 GB,130 GB,Yes,4.2,19100,19100,Xiaomi Redmi Note 11T 5G,0,0.0,Android,758,5.1,3422,479
Nokia,2.4,Charcoal Grey,3 GB,64 GB,Yes,4.0,10399,11499,Nokia 2.4,1100,9.566049221671449,Android,987,5.3,4009,543
Nokia,2.3,Charcoal,2 GB,32 GB,Yes,4.0,9999,9999,Nokia 2.3,0,0.0,Android,383,6.5,4682,46
GIONEE,Pioneer P4 ,White,1 GB,8 GB,Yes,3.8,4850,4850,GIONEE Pioneer P4 ,0,0.0,Android,551,6.9,2780,548
Apple,iPhone XS ,Gold,4 GB,64 GB,Yes,4.7,62999,89900,Apple iPhone XS ,26901,29.92324805339266,IOS,936,6.9,2692,124
vivo,Y91i ,Fusion Black,8 GB,128 GB,Yes,4.4,14990,14990,vivo Y91i ,0,0.0,Android,88,6.0,4359,65
Apple,iPhone 6s Plus ,Rose Gold,2 GB,,Yes,4.4,34900,34900,Apple iPhone 6s Plus ,0,0.0,IOS,240,4.9,5694,122
SAMSUNG,Guru FM Plus SM-B110E/D,Black,,2 MB,Yes,4.3,1450,1450,SAMSUNG Guru FM Plus SM-B110E/D,0,0.0,Android,439,5.8,5604,402
LG,K9 4G LTE ,Black,2 GB,16 GB,Yes,4.0,7999,7999,LG K9 4G LTE ,0,0.0,Android,667,6.4,2106,43
SAMSUNG,Galaxy A2 Core ,Blue,1 GB,16 GB,Yes,4.2,5900,5900,SAMSUNG Galaxy A2 Core ,0,0.0,Android,319,5.3,4812,135
Lenovo,A6000 Shot ,White,2 GB,16 GB,Yes,3.7,7990,7990,Lenovo A6000 Shot ,0,0.0,Android,450,6.0,5493,256
realme,8 Pro ,Illuminating Yellow,8 GB,,Yes,4.4,19999,21999,realme 8 Pro ,2000,9.091322332833313,Android,878,5.0,2427,857
SAMSUNG,Galaxy J1 Ace ,White,512 MB,4 GB,Yes,3.9,5110,5110,SAMSUNG Galaxy J1 Ace ,0,0.0,Android,409,4.7,2134,2
Nokia,110 TA-1302 DS,Black,4 MB,4 MB,Yes,4.1,1680,1762,Nokia 110 TA-1302 DS,82,4.653802497162316,Android,209,5.5,4778,192
Apple,iPhone 11 Pro ,Midnight Green,4GB,64 GB,Yes,4.6,79999,106600,Apple iPhone 11 Pro ,26601,24.954033771106943,IOS,449,5.1,5108,320
SAMSUNG,Galaxy Alpha ,Frosted Gold,2 GB,32 GB,Yes,3.6,42000,42000,SAMSUNG Galaxy Alpha ,0,0.0,Android,122,6.7,4210,111
Nokia,5.1 Plus ,Black,6 GB,64 GB,Yes,3.7,14999,14999,Nokia 5.1 Plus ,0,0.0,Android,475,4.7,5724,0
Nokia,4.2,Pink Sand,3 GB,32 GB,Yes,4.0,13699,13699,Nokia 4.2,0,0.0,Android,891,5.3,4407,247
Lenovo,K8 Plus ,Venom Black,3 GB,32 GB,Yes,4.2,10999,10999,Lenovo K8 Plus ,0,0.0,Android,55,4.6,5080,32
Apple,iPhone 13 Pro ,Gold,6 GB,512 GB,Yes,,149900,149900,Apple iPhone 13 Pro ,0,0.0,IOS,743,4.7,2517,499
GIONEE,F103 Pro ,Gold,3 GB,16 GB,Yes,3.9,5290,5290,GIONEE F103 Pro ,0,0.0,Android,896,6.9,5649,296
Xiaomi,Redmi 9A ,Nature Green,2 GB,32 GB,Yes,4.1,7698,7698,Xiaomi Redmi 9A ,0,0.0,Android,867,5.7,5673,264
Nokia,112,Black,16 MB,16 MB,Yes,4.1,3100,3100,Nokia 112,0,0.0,Android,121,4.6,3703,55
Apple,iPhone 7 ,Black,2 GB,256 GB,Yes,4.5,74400,74400,Apple iPhone 7 ,0,0.0,IOS,558,6.8,3141,229
OPPO,A31,Lake Green,4 GB,64 GB,Yes,4.3,11960,12990,OPPO A31,1030,7.929176289453426,Android,238,5.4,4044,22
SAMSUNG,Galaxy Note 5 ,Gold Platinum,4 GB,32 GB,Yes,4.1,46300,46300,SAMSUNG Galaxy Note 5 ,0,0.0,Android,818,5.1,3936,468
Apple,iPhone XR ,Blue,3 GB,128 GB,Yes,4.6,47999,52900,Apple iPhone XR ,4901,9.264650283553877,IOS,893,6.1,5728,371
Apple,iPhone 11 ,Yellow,4GB,128 GB,Yes,4.6,54900,54900,Apple iPhone 11 ,0,0.0,IOS,677,6.4,2379,632
SAMSUNG,Galaxy A12 ,Black,4 GB,128 GB,Yes,4.2,14999,14999,SAMSUNG Galaxy A12 ,0,0.0,Android,289,4.9,2715,58
Apple,iPhone 8 Plus ,Gold,3 GB,256 GB,Yes,4.6,84900,84900,Apple iPhone 8 Plus ,0,0.0,IOS,841,6.7,2181,652
Lenovo,Vibe K5 Note ,Gold,4 GB,64 GB,Yes,4.1,13499,13499,Lenovo Vibe K5 Note ,0,0.0,Android,100,5.0,5298,69
SAMSUNG,Galaxy A22 ,Mint,6 GB,128 GB,Yes,4.3,18499,20499,SAMSUNG Galaxy A22 ,2000,9.756573491389824,Android,80,5.2,2200,58
Lenovo,Z2 Plus ,Black,3 GB,32 GB,Yes,3.9,8250,8250,Lenovo Z2 Plus ,0,0.0,Android,158,6.3,3096,25
SAMSUNG,M01 core ,Blue,2 GB,32 GB,Yes,3.9,5999,5999,SAMSUNG M01 core ,0,0.0,Android,502,5.0,5605,23
SAMSUNG,Galaxy Grand Neo Plus ,Gold,1 GB,8 GB,Yes,4.0,6999,6999,SAMSUNG Galaxy Grand Neo Plus ,0,0.0,Android,569,6.3,3916,180
Apple,iPhone 7 Plus ,Jet Black,3 GB,32 GB,Yes,4.5,36999,37900,Apple iPhone 7 Plus ,901,2.3773087071240107,IOS,4,6.1,4464,4
Nokia,C01 Plus ,Grey,2 GB,16 GB,Yes,,5999,5999,Nokia C01 Plus ,0,0.0,Android,338,6.6,3769,254
LG,Optimus L3 II E425 ,Black,512 MB,4 GB,Yes,3.9,6299,6299,LG Optimus L3 II E425 ,0,0.0,Android,888,6.2,3072,271
HTC,Desire 626,Blue Lagoon,2 GB,16 GB,Yes,3.7,13200,13200,HTC Desire 626,0,0.0,Android,766,6.9,5476,518
SAMSUNG,Galaxy A3 ,Pearl White,1 GB,16 GB,Yes,4.0,10800,10800,SAMSUNG Galaxy A3 ,0,0.0,Android,121,6.7,5352,82
Infinix,S4,Twilight Purple,4 GB,64 GB,Yes,4.3,10999,10999,Infinix S4,0,0.0,Android,543,6.9,5987,441
Apple,iPhone 11 Pro ,Silver,4GB,256 GB,Yes,4.6,121300,121300,Apple iPhone 11 Pro ,0,0.0,IOS,299,5.3,4272,100
SAMSUNG,Galaxy Grand 2 ,Gold,1.5 GB,8 GB,Yes,4.1,15999,16740,SAMSUNG Galaxy Grand 2 ,741,4.426523297491039,Android,764,5.4,5899,482
Google Pixel,Nexus 5X ,Ice,2 GB,32 GB,Yes,4.3,29990,29990,Google Pixel Nexus 5X ,0,0.0,Android,105,6.6,2950,8
Nokia,130,Black,4 MB,8 MB,Yes,4.2,1625,1625,Nokia 130,0,0.0,Android,692,4.9,4973,406
Apple,iPhone 11 Pro Max ,Midnight Green,4GB,256 GB,Yes,4.7,131900,131900,Apple iPhone 11 Pro Max ,0,0.0,IOS,394,5.8,5023,278
Xiaomi,Redmi 6A ,Black,2 GB,32 GB,Yes,4.3,7989,7989,Xiaomi Redmi 6A ,0,0.0,Android,689,4.5,5519,199
Xiaomi,Redmi Note 8 ,Neptune Blue,4 GB,64 GB,Yes,4.4,12999,12999,Xiaomi Redmi Note 8 ,0,0.0,Android,178,4.5,5386,56
Apple,iPhone 13 Pro Max ,Silver,6 GB,,Yes,,129900,129900,Apple iPhone 13 Pro Max ,0,0.0,IOS,120,4.7,4869,62
OPPO,A71 New Edition,Black,3 GB,16 GB,Yes,4.4,9940,9940,OPPO A71 New Edition,0,0.0,Android,681,4.6,3975,616
Apple,iPhone 12 Pro ,Pacific Blue,6 GB,128 GB,Yes,4.6,109900,109900,Apple iPhone 12 Pro ,0,0.0,IOS,439,5.2,2700,123
SAMSUNG,Galaxy A8 ,Black,2 GB,32 GB,Yes,4.2,25990,25990,SAMSUNG Galaxy A8 ,0,0.0,Android,340,5.2,5422,116
SAMSUNG,Galaxy J4 ,Gold,2 GB,16 GB,Yes,4.3,9500,9500,SAMSUNG Galaxy J4 ,0,0.0,Android,601,6.7,5804,130
OPPO,A9 2020,Marine Green,4 GB,128 GB,Yes,4.3,14990,18990,OPPO A9 2020,4000,21.0637177461822,Android,627,5.6,2791,46
Infinix,Note 5 Stylus,Charcoal Blue,4 GB,64 GB,Yes,3.9,16999,16999,Infinix Note 5 Stylus,0,0.0,Android,478,4.8,3369,303
realme,8 Pro ,Illuminating Yellow,8 GB,128 GB,Yes,4.4,19999,21999,realme 8 Pro ,2000,9.091322332833313,Android,317,5.8,2248,208
Nokia,150/150 DS,Black,4 MB,4 MB,Yes,4.2,2540,2540,Nokia 150/150 DS,0,0.0,Android,872,6.8,3748,319
OPPO,A16,Crystal Black,4 GB,64 GB,Yes,,13490,13490,OPPO A16,0,0.0,Android,266,5.3,3956,197
SAMSUNG,Galaxy S20 FE ,Cloud Red,8 GB,128 GB,Yes,4.0,49999,65999,SAMSUNG Galaxy S20 FE ,16000,24.24279155744784,Android,60,6.7,3122,51
SAMSUNG,Galaxy Core 2 ,White,768 MB,4 GB,Yes,3.9,5940,5940,SAMSUNG Galaxy Core 2 ,0,0.0,Android,790,4.7,3287,629
GIONEE,P5_W ,White,1 GB,16 GB,Yes,3.8,2799,2799,GIONEE P5_W ,0,0.0,Android,492,6.1,3285,392
SAMSUNG,Galaxy Note 10 ,Aura Black,8 GB,256 GB,Yes,4.5,73600,75000,SAMSUNG Galaxy Note 10 ,1400,1.866666666666667,Android,842,5.7,3872,367
LG,K7i ,Brown,2 GB,16 GB,Yes,4.0,9990,9990,LG K7i ,0,0.0,Android,603,6.2,5035,269
ASUS,ROG Phone 3 ,Black,12 GB,128 GB,Yes,4.4,49999,57999,ASUS ROG Phone 3 ,8000,13.79334126450456,Android,471,5.7,5194,451
SAMSUNG,Galaxy J2 ,Black,1 GB,8 GB,Yes,4.1,7400,7400,SAMSUNG Galaxy J2 ,0,0.0,Android,451,5.2,3418,450
Apple,iPhone 13 Pro Max ,Sierra Blue,6 GB,1 TB,Yes,,179900,179900,Apple iPhone 13 Pro Max ,0,0.0,IOS,137,5.3,5170,3
ASUS,6Z ,Silver,8 GB,256 GB,Yes,4.3,43999,43999,ASUS 6Z ,0,0.0,Android,909,6.3,5855,604
ASUS,Zenfone Live ,Gold,2 GB,16 GB,Yes,4.0,7668,7668,ASUS Zenfone Live ,0,0.0,Android,409,5.5,2670,251
SAMSUNG,Galaxy A10 ,Red,2 GB,32 GB,Yes,4.3,8700,8700,SAMSUNG Galaxy A10 ,0,0.0,Android,699,4.8,3866,278
Xiaomi,Redmi 6 ,Black,3 GB,64 GB,Yes,4.2,10450,10450,Xiaomi Redmi 6 ,0,0.0,Android,625,4.9,2491,257
Lenovo,A6600 ,White,1 GB,16 GB,Yes,3.8,4499,7499,Lenovo A6600 ,3000,40.00533404453927,Android,822,5.1,4547,621
Xiaomi,Redmi 6 Pro ,Red,4 GB,64 GB,Yes,4.4,11999,12990,Xiaomi Redmi 6 Pro ,991,7.628945342571209,Android,640,5.8,3814,125
SAMSUNG,Galaxy Grand 2 ,Black,1.5 GB,8 GB,Yes,4.1,9999,9999,SAMSUNG Galaxy Grand 2 ,0,0.0,Android,957,6.1,3206,634
Google Pixel,Very Silver,Silver,4 GB,32 GB,Yes,4.4,57000,57000,Google Pixel Very Silver,0,0.0,Android,578,4.5,5586,40
ASUS,Zenfone Go 5.0 LTE 2nd Gen ,Red,2 GB,16 GB,Yes,3.6,5990,5990,ASUS Zenfone Go 5.0 LTE 2nd Gen ,0,0.0,Android,898,4.6,2521,19
Apple,iPhone XR ,Coral,3 GB,256 GB,Yes,4.6,91900,91900,Apple iPhone XR ,0,0.0,IOS,780,6.7,2095,624
realme,Narzo 20 Pro ,White Knight,6 GB,64 GB,Yes,4.3,14999,16999,realme Narzo 20 Pro ,2000,11.765397964586152,Android,238,6.0,4464,149
Apple,iPhone XS Max ,Silver,4 GB,64 GB,Yes,4.6,73999,109900,Apple iPhone XS Max ,35901,32.66696997270246,IOS,99,5.0,5585,66
SAMSUNG,Galaxy M02 ,Red,2 GB,32 GB,Yes,4.0,7900,7900,SAMSUNG Galaxy M02 ,0,0.0,Android,426,4.7,5577,238
SAMSUNG,Sm-B110E/D,Black,,2 MB,Yes,4.1,1497,1497,SAMSUNG Sm-B110E/D,0,0.0,Android,894,6.3,3737,135
vivo,Y83,Gold,4 GB,32 GB,Yes,4.4,15990,15990,vivo Y83,0,0.0,Android,868,4.7,2127,185
Lenovo,K6 POWER ,GREY/BLACK,4 GB,32 GB,Yes,4.0,7999,7999,Lenovo K6 POWER ,0,0.0,Android,71,4.7,2294,66
SAMSUNG,Galaxy Trend ,Wine Red,512 MB,4 GB,Yes,3.6,6999,8740,SAMSUNG Galaxy Trend ,1741,19.919908466819223,Android,328,4.8,4197,197
Nokia,7.2,Ice,4 GB,64 GB,Yes,4.1,19999,19999,Nokia 7.2,0,0.0,Android,387,7.0,4008,300
OPPO,A71,Black,3 GB,16 GB,Yes,4.2,12500,12500,OPPO A71,0,0.0,Android,567,4.5,3880,165
Nokia,110,Black,16 MB,10 MB,Yes,3.6,1599,1599,Nokia 110,0,0.0,Android,840,4.5,4252,728
Apple,iPhone 7 ,Rose Gold,2 GB,256 GB,Yes,4.5,74400,74400,Apple iPhone 7 ,0,0.0,IOS,620,5.8,4856,588
LG,L90 Dual ,White,1 GB,8 GB,Yes,4.2,15532,15532,LG L90 Dual ,0,0.0,Android,264,7.0,3277,75
SAMSUNG,Galaxy M30 ,Blue,3 GB,32 GB,Yes,4.3,10399,11000,SAMSUNG Galaxy M30 ,601,5.463636363636364,Android,300,6.6,3748,155
Xiaomi,REDMI Note 9 ,Shadow Black,4 GB,64 GB,Yes,,11999,14999,Xiaomi REDMI Note 9 ,3000,20.00133342222815,Android,518,5.9,2815,122
Nokia,2.4,Dusk Purple,3 GB,64 GB,Yes,4.0,10399,11499,Nokia 2.4,1100,9.566049221671449,Android,855,4.8,2179,730
SAMSUNG,Galaxy A21s ,Blue,6 GB,64 GB,Yes,4.2,14839,16900,SAMSUNG Galaxy A21s ,2061,12.195266272189349,Android,637,6.2,3906,392
Apple,iPhone SE ,Red,2 GB,256 GB,Yes,4.5,54900,54900,Apple iPhone SE ,0,0.0,IOS,173,6.1,4068,138
SAMSUNG,Galaxy J6 ,Black,3 GB,32 GB,Yes,4.4,13500,13500,SAMSUNG Galaxy J6 ,0,0.0,Android,412,6.8,4418,224
OPPO,A52,Twilight Black,4 GB,128 GB,Yes,4.4,14990,17990,OPPO A52,3000,16.67593107281823,Android,770,5.4,2185,374
LG,V20 ,Silver,4 GB,64 GB,Yes,4.2,29199,29199,LG V20 ,0,0.0,Android,853,6.8,5828,60
Infinix,Zero 8i,Silver Diamond,8 GB,128 GB,Yes,4.2,18999,18999,Infinix Zero 8i,0,0.0,Android,656,5.5,4278,410
Infinix,Hot 11,Purple,4 GB,64 GB,Yes,4.4,9999,11999,Infinix Hot 11,2000,16.668055671305943,Android,436,5.2,5838,364
SAMSUNG,Galaxy A12 ,White,4 GB,64 GB,Yes,4.2,13999,13999,SAMSUNG Galaxy A12 ,0,0.0,Android,50,6.2,5721,43
Motorola,E7 Power ,Tahiti Blue,2 GB,32 GB,Yes,4.1,6999,9999,Motorola E7 Power ,3000,30.003000300030003,Android,7,5.5,3041,3
SAMSUNG,Galaxy F12 ,Sky Blue,4 GB,64 GB,Yes,4.2,11499,12999,SAMSUNG Galaxy F12 ,1500,11.539349180706209,Android,482,5.5,2536,368
realme,6i ,Lunar White,4 GB,,Yes,4.4,12999,14999,realme 6i ,2000,13.334222281485433,Android,261,5.3,5255,214
SAMSUNG,M31 Prime ,Ocean Blue,6 GB,128 GB,Yes,4.3,17194,17194,SAMSUNG M31 Prime ,0,0.0,Android,969,4.6,3330,897
HTC,820S,Milkyway Grey,2 GB,16 GB,Yes,3.9,25500,25500,HTC 820S,0,0.0,Android,300,6.3,3323,248
POCO,M2  ,Pitch Black,6 GB,128 GB,Yes,4.4,11499,14999,POCO M2  ,3500,23.334888992599502,Android,735,5.5,5658,72
Lenovo,Vibe Z2 Pro ,Starry Night Black,3 GB,32 GB,Yes,4.0,29999,29999,Lenovo Vibe Z2 Pro ,0,0.0,Android,868,5.1,2100,104
SAMSUNG,Galaxy Note 5 ,black sapphire,4 GB,32 GB,Yes,4.1,46300,46300,SAMSUNG Galaxy Note 5 ,0,0.0,Android,185,6.1,3987,102
GIONEE,X-1 ,Gold,2 GB,16 GB,Yes,4.0,5149,5149,GIONEE X-1 ,0,0.0,Android,525,5.4,4055,230
SAMSUNG,Galaxy J4 ,Blue,2 GB,16 GB,Yes,4.3,9500,9500,SAMSUNG Galaxy J4 ,0,0.0,Android,22,5.3,2478,16
Google Pixel,XL ,Very Silver,4 GB,128 GB,Yes,4.5,76000,76000,Google Pixel XL ,0,0.0,Android,493,6.7,3251,335
realme,X7 Pro 5G ,Mystic Black,8 GB,128 GB,Yes,4.3,29999,32999,realme X7 Pro 5G ,3000,9.09118458135095,Android,211,4.6,4619,195
Nokia,2,Pewter / White,1 GB,8 GB,Yes,3.8,6295,6295,Nokia 2,0,0.0,Android,624,5.7,2235,305
LG,W31 ,midnight blue,4 GB,64 GB,Yes,4.0,9999,9999,LG W31 ,0,0.0,Android,152,5.0,3081,64
Motorola,Edge 20 Fusion ,Cyber Teal,8 GB,128 GB,Yes,,22999,25999,Motorola Edge 20 Fusion ,3000,11.538905342513177,Android,129,5.4,3257,103
LG,Stylus 2 ,Titan,2 GB,16 GB,Yes,4.1,12999,12999,LG Stylus 2 ,0,0.0,Android,748,4.5,3900,511
Apple,iPhone 6 ,Silver,1 GB,64 GB,Yes,4.4,62000,62000,Apple iPhone 6 ,0,0.0,IOS,383,5.8,2539,172
SAMSUNG,Galaxy Note 9 ,Alpine White,6 GB,128 GB,Yes,4.6,73600,73600,SAMSUNG Galaxy Note 9 ,0,0.0,Android,25,6.5,3362,3
Apple,iPhone 6s Plus ,Gold,2 GB,32 GB,Yes,4.4,34900,34900,Apple iPhone 6s Plus ,0,0.0,IOS,709,6.9,2593,33
OPPO,F19 Pro,Fantastic Purple,8 GB,128 GB,Yes,4.3,21990,23990,OPPO F19 Pro,2000,8.336807002917883,Android,871,5.3,5893,515
Motorola,G40 Fusion ,Frosted Champagne,4 GB,64 GB,Yes,4.3,14499,16999,Motorola G40 Fusion ,2500,14.70674745573269,Android,217,6.2,3998,25
GIONEE,G3 ,Black,1 GB,4 GB,Yes,2.8,10990,10990,GIONEE G3 ,0,0.0,Android,845,5.5,5185,203
SAMSUNG,Galaxy A6 ,Gold,4 GB,64 GB,Yes,4.3,13999,14999,SAMSUNG Galaxy A6 ,1000,6.667111140742716,Android,78,5.1,3150,5
SAMSUNG,Galaxy A10s ,Blue,2 GB,32 GB,Yes,4.4,10000,10000,SAMSUNG Galaxy A10s ,0,0.0,Android,259,5.3,5240,180
SAMSUNG,Galaxy S9 Plus ,Lilac Purple,6 GB,128 GB,Yes,4.5,68900,68900,SAMSUNG Galaxy S9 Plus ,0,0.0,Android,622,6.4,5916,103
Motorola,G8 Plus,Crystal Pink,4 GB,64 GB,Yes,4.3,12999,15999,Motorola G8 Plus,3000,18.751171948246764,Android,231,5.9,3908,211
OPPO,F1S,Grey,3 GB,32 GB,Yes,4.2,12990,12990,OPPO F1S,0,0.0,Android,547,4.7,3092,513
realme,C21Y ,Cross Blue,4 GB,64 GB,Yes,4.4,9999,10999,realme C21Y ,1000,9.091735612328392,Android,738,4.8,3359,358
Apple,iPhone 11 ,Red,4GB,256 GB,Yes,4.6,64900,64900,Apple iPhone 11 ,0,0.0,IOS,928,6.8,3306,68
Motorola,Edge 20 Fusion ,Electric Graphite,6 GB,128 GB,Yes,3.9,21499,24999,Motorola Edge 20 Fusion ,3500,14.000560022400895,Android,8,5.2,3265,2
Infinix,Hot 11S,Polar Black,4 GB,64 GB,Yes,4.3,10999,13999,Infinix Hot 11S,3000,21.430102150153584,Android,378,5.5,4960,131
Apple,iPhone XR ,Coral,3 GB,64 GB,Yes,4.6,42999,47900,Apple iPhone XR ,4901,10.231732776617951,IOS,202,5.4,3483,67
Nokia,3.1,Black,2 GB,16 GB,Yes,3.9,9999,9999,Nokia 3.1,0,0.0,Android,255,6.5,3172,21
GIONEE,A1 Lite ,Black,3 GB,32 GB,Yes,3.9,11499,11499,GIONEE A1 Lite ,0,0.0,Android,770,4.8,3019,481
SAMSUNG,Galaxy J2 2018 ,Black,2 GB,16 GB,Yes,4.3,7999,7999,SAMSUNG Galaxy J2 2018 ,0,0.0,Android,799,5.6,4740,123
LG,Q7 ,Lavender Violet,3 GB,32 GB,Yes,3.3,16996,16996,LG Q7 ,0,0.0,Android,901,5.4,5958,376
Apple,iPhone 7 ,Black,2 GB,128 GB,Yes,4.5,34900,34900,Apple iPhone 7 ,0,0.0,IOS,865,6.0,3238,756
Lenovo,K3 Note ,White,2 GB,16 GB,Yes,4.0,7000,7000,Lenovo K3 Note ,0,0.0,Android,230,6.3,2373,49
SAMSUNG,Galaxy Note 3 Neo ,Black,2 GB,16 GB,Yes,4.2,19900,19900,SAMSUNG Galaxy Note 3 Neo ,0,0.0,Android,198,6.1,5401,164
SAMSUNG,Galaxy F23 5G,Aqua Blue,6 GB,128 GB,Yes,4.0,16999,23999,SAMSUNG Galaxy F23 5G,7000,29.16788199508313,Android,386,5.0,4755,246
SAMSUNG,Galaxy Grand 2 ,White,1.5 GB,8 GB,Yes,4.1,10990,10990,SAMSUNG Galaxy Grand 2 ,0,0.0,Android,821,6.3,5966,404
realme,X2 Pro ,Concrete,12 GB,256 GB,Yes,4.6,36999,36999,realme X2 Pro ,0,0.0,Android,752,5.1,2716,438
OPPO,K1,Piano Black,4 GB,64 GB,Yes,4.4,15000,15000,OPPO K1,0,0.0,Android,415,5.7,2562,64
SAMSUNG,Galaxy M42 5G ,Prism Dot Gray,6 GB,128 GB,Yes,4.3,17000,21540,SAMSUNG Galaxy M42 5G ,4540,21.07706592386258,Android,279,6.5,2413,239
GIONEE,M7 ,Gold,6 GB,64 GB,Yes,2.7,9290,9290,GIONEE M7 ,0,0.0,Android,496,5.8,2458,456
Nokia,TA-1010/105,Black,4 MB,4 MB,Yes,4.2,1332,1332,Nokia TA-1010/105,0,0.0,Android,717,5.4,2135,591
SAMSUNG,Galaxy M21 ,Midnight Blue,6 GB,128 GB,Yes,4.2,15499,15499,SAMSUNG Galaxy M21 ,0,0.0,Android,517,6.5,2547,407
realme,Narzo 30A ,Laser Black,3 GB,32 GB,Yes,4.3,8999,9999,realme Narzo 30A ,1000,10.00100010001,Android,877,6.9,5229,724
Apple,iPhone XS ,Space Grey,4 GB,64 GB,Yes,4.7,62999,89900,Apple iPhone XS ,26901,29.92324805339266,IOS,539,6.6,2746,18
realme,6,Comet White,6 GB,64 GB,Yes,4.4,14999,17999,realme 6,3000,16.667592644035782,Android,654,5.4,5017,411
OPPO,F3 Plus,Gold,6 GB,64 GB,Yes,4.3,22990,22990,OPPO F3 Plus,0,0.0,Android,307,5.3,5590,140
Apple,iPhone 12 Pro Max ,Graphite,,128 GB,Yes,4.6,119900,119900,Apple iPhone 12 Pro Max ,0,0.0,IOS,535,4.8,2983,2
SAMSUNG,Metro 313,Black,,Expandable Upto 16 GB,Yes,4.1,1990,1990,SAMSUNG Metro 313,0,0.0,Android,837,5.3,4693,455
Nokia,150 DS 2020,Black,4 MB,4 MB,Yes,4.1,2533,2643,Nokia 150 DS 2020,110,4.161937192584184,Android,343,4.6,5169,84
vivo,X70 Pro ,Aurora Dawn,8 GB,256 GB,Yes,4.5,49990,54990,vivo X70 Pro ,5000,9.092562284051644,Android,772,5.7,5828,59
Motorola,X 2nd Generation ,Black Leather,2 GB,16 GB,Yes,4.2,23999,23999,Motorola X 2nd Generation ,0,0.0,Android,150,5.9,3613,112
SAMSUNG,Galaxy M32 5G ,Slate Black,8 GB,128 GB,Yes,,24999,24999,SAMSUNG Galaxy M32 5G ,0,0.0,Android,937,5.7,4032,729
Xiaomi,Mi 11 Lite ,Tuscany Coral,6 GB,128 GB,Yes,4.2,21999,24999,Xiaomi Mi 11 Lite ,3000,12.000480019200769,Android,167,5.0,4813,129
Apple,iPhone XS ,Silver,4 GB,256 GB,Yes,4.7,76999,103900,Apple iPhone XS ,26901,25.89124157844081,IOS,811,5.8,4988,93
SAMSUNG,Galaxy E7 ,White,2 GB,16 GB,Yes,4.3,12999,12999,SAMSUNG Galaxy E7 ,0,0.0,Android,889,7.0,3751,724
realme,7i ,Fusion Green,4 GB,128 GB,Yes,4.3,14999,14999,realme 7i ,0,0.0,Android,255,5.9,3554,224
Apple,iPhone 6s ,Rose Gold,2 GB,64 GB,Yes,4.5,72000,72000,Apple iPhone 6s ,0,0.0,IOS,753,5.6,2040,705
OPPO,F17,Dynamic Orange,8 GB,128 GB,Yes,4.3,22990,22990,OPPO F17,0,0.0,Android,569,6.6,2782,449
Xiaomi,REDMI Note 10 Pro ,Dark Night,6 GB,128 GB,Yes,4.3,18887,19618,Xiaomi REDMI Note 10 Pro ,731,3.726169844020797,Android,184,4.6,5116,89
Lenovo,X2-AP ,Gold,2 GB,32 GB,Yes,3.7,17499,17499,Lenovo X2-AP ,0,0.0,Android,481,6.7,4580,6
realme,C2 ,Diamond Blue,3 GB,32 GB,Yes,4.4,7499,8999,realme C2 ,1500,16.6685187243027,Android,332,6.1,3709,234
Apple,iPhone 13 Pro Max ,Silver,6 GB,1 TB,Yes,,179900,179900,Apple iPhone 13 Pro Max ,0,0.0,IOS,65,5.6,2308,49
SAMSUNG,Galaxy J5 Prime ,Black,3 GB,32 GB,Yes,4.3,13500,13500,SAMSUNG Galaxy J5 Prime ,0,0.0,Android,68,6.6,2864,20
Xiaomi,11i Hypercharge 5G,Pacific Pearl,8 GB,128 GB,Yes,4.3,28999,33999,Xiaomi 11i Hypercharge 5G,5000,14.706314891614458,Android,370,5.3,5183,205
OPPO,A54,Moonlight Gold,4 GB,128 GB,Yes,4.3,15990,15990,OPPO A54,0,0.0,Android,683,6.2,4407,283
SAMSUNG,Galaxy A71 ,Prism Crush Silver,8 GB,128 GB,Yes,4.4,27499,34999,SAMSUNG Galaxy A71 ,7500,21.4291836909626,Android,685,5.6,5957,77
OPPO,A7,Glaring Gold,3 GB,64 GB,Yes,4.3,10990,16990,OPPO A7,6000,35.31489111241907,Android,817,5.9,4480,213
GIONEE,P7 Max ,Gold,3 GB,32 GB,Yes,3.9,5999,5999,GIONEE P7 Max ,0,0.0,Android,641,5.6,4430,485
GIONEE,Elife S7 ,White,2 GB,16 GB,Yes,4.1,15999,15999,GIONEE Elife S7 ,0,0.0,Android,887,6.4,5330,56
SAMSUNG,Galaxy A32 ,Awesome Blue,6 GB,128 GB,Yes,4.1,21700,21700,SAMSUNG Galaxy A32 ,0,0.0,Android,43,4.5,4372,36
Apple,iPhone 8 ,Space Grey,2 GB,256 GB,Yes,4.5,77000,77000,Apple iPhone 8 ,0,0.0,IOS,659,6.4,2299,304
Motorola,Edge+ ,Smoky Sangria,12 GB,256 GB,Yes,4.1,64999,89999,Motorola Edge+ ,25000,27.77808642318248,Android,191,6.8,4211,154
ASUS,ZenFone Max M1 ,Black,3 GB,32 GB,Yes,4.2,9599,9599,ASUS ZenFone Max M1 ,0,0.0,Android,329,6.2,2232,97
Apple,iPhone 13 Pro Max,Silver,4GB,512 GB,Yes,4.7,159900,159900,Apple iPhone 13 Pro Max,0,0.0,IOS,185,4.7,2535,77
realme,3,Black,3 GB,32 GB,Yes,4.5,8499,10999,realme 3,2500,22.729339030820984,Android,952,6.7,5608,389
Nokia,6310,Black,16 MB,8 MB,Yes,,4049,4049,Nokia 6310,0,0.0,Android,150,6.2,2666,30
POCO,M4 Pro,Power Black,6 GB,64 GB,Yes,4.4,14999,17999,POCO M4 Pro,3000,16.667592644035782,Android,407,5.9,4077,184
Lenovo,K6 Power ,Grey,4 GB,32 GB,Yes,4.0,8999,8999,Lenovo K6 Power ,0,0.0,Android,315,6.9,2240,4
Google Pixel,Nexus 5X ,Ice,2 GB,16 GB,Yes,4.3,25990,25990,Google Pixel Nexus 5X ,0,0.0,Android,805,6.1,4248,465
realme,C12 ,Power Blue,3 GB,32 GB,Yes,4.4,8999,10999,realme C12 ,2000,18.183471224656785,Android,908,5.4,3207,547
SAMSUNG,Galaxy Grand Neo Plus ,White,1 GB,8 GB,Yes,4.0,5999,5999,SAMSUNG Galaxy Grand Neo Plus ,0,0.0,Android,721,6.2,5612,441
SAMSUNG,Galaxy A71 ,Haze Crush Silver,8 GB,128 GB,Yes,4.4,27499,34999,SAMSUNG Galaxy A71 ,7500,21.4291836909626,Android,449,5.9,2090,389
LG,V40 ThinQ ,Platinum Grey,6 GB,128 GB,Yes,4.4,60000,60000,LG V40 ThinQ ,0,0.0,Android,940,4.9,2130,85
LG,W30 Pro ,Midnight Purple,4 GB,64 GB,Yes,3.8,14999,14999,LG W30 Pro ,0,0.0,Android,822,5.3,2343,33
realme,Narzo 20A ,Glory Silver,3 GB,32 GB,Yes,4.3,8499,10999,realme Narzo 20A ,2500,22.729339030820984,Android,32,5.9,4282,32
LG,Nexus4 E960,White,2 GB,16 GB,Yes,4.5,26299,26299,LG Nexus4 E960,0,0.0,Android,466,4.8,4080,38
POCO,M3 ,Power Black,6 GB,64 GB,Yes,4.3,11999,12999,POCO M3 ,1000,7.692899453804139,Android,278,5.6,2240,120
realme,5i ,Forest Green,4 GB,128 GB,Yes,4.5,11999,11999,realme 5i ,0,0.0,Android,752,6.3,2790,270
SAMSUNG,M02s ,Red,3 GB,32 GB,Yes,4.2,8999,8999,SAMSUNG M02s ,0,0.0,Android,180,4.6,5199,136
Infinix,Hot 10,Obsidian Black,6 GB,128 GB,Yes,4.3,13999,13999,Infinix Hot 10,0,0.0,Android,948,5.7,4033,772
Lenovo,K6 Note ,Silver,4 GB,32 GB,Yes,4.0,7599,7599,Lenovo K6 Note ,0,0.0,Android,252,5.2,4557,93
Nokia,105 DS 2020,Black,4 MB,4 MB,Yes,4.2,1349,1599,Nokia 105 DS 2020,250,15.634771732332707,Android,740,6.2,2333,408
SAMSUNG,Galaxy S10 ,Prism Blue,8 GB,128 GB,Yes,4.6,39999,71000,SAMSUNG Galaxy S10 ,31001,43.66338028169014,Android,682,5.9,5630,468
vivo,Y20 ,Obsidian Black,8 GB,256 GB,Yes,4.3,13995,13995,vivo Y20 ,0,0.0,Android,27,5.2,5127,14
Apple,iPhone 6s ,Gold,2 GB,16 GB,Yes,4.5,41999,41999,Apple iPhone 6s ,0,0.0,IOS,550,6.8,3429,368
Xiaomi,Redmi Note 6 Pro ,Black,6 GB,64 GB,Yes,4.1,14999,14999,Xiaomi Redmi Note 6 Pro ,0,0.0,Android,787,5.3,5152,190
Nokia,150,Black,4 MB,4 MB,Yes,4.2,2000,2000,Nokia 150,0,0.0,Android,861,5.5,4273,192
OPPO,A53s 5G,Ink Black,6 GB,128 GB,Yes,4.3,15990,16990,OPPO A53s 5G,1000,5.885815185403178,Android,407,5.7,2773,71
GIONEE,S11 ,Gold,4 GB,64 GB,Yes,2.8,8389,8389,GIONEE S11 ,0,0.0,Android,85,6.8,4891,80
GIONEE,P5 Mini ,Black,1 GB,8 GB,Yes,3.8,3490,3490,GIONEE P5 Mini ,0,0.0,Android,885,5.0,2909,55
HTC,816G,Blue,1 GB,16 GB,Yes,3.9,21990,21990,HTC 816G,0,0.0,Android,132,6.5,3197,122
realme,C25Y ,Metal Grey,4 GB,128 GB,Yes,,11999,13999,realme C25Y ,2000,14.286734766769056,Android,165,6.9,2288,42
Xiaomi,MI 11X 5G ,LUNAR WHITE,6 GB,128 GB,Yes,4.4,26495,28990,Xiaomi MI 11X 5G ,2495,8.606416005519145,Android,908,6.8,5098,350
ASUS,ROG Phone 5 ,Black,12 GB,256 GB,Yes,4.5,57999,63999,ASUS ROG Phone 5 ,6000,9.375146486663857,Android,395,6.6,2910,242
Apple,iPhone 13 Pro Max,Sierra Blue,4GB,512 GB,Yes,4.7,159900,159900,Apple iPhone 13 Pro Max,0,0.0,IOS,195,4.6,4655,149
Motorola,G7,Black,4 GB,64 GB,Yes,4.3,9999,18999,Motorola G7,9000,47.37091425864519,Android,798,5.5,3883,246
Apple,iPhone 6s ,Space Grey,2 GB,16 GB,Yes,4.5,62000,62000,Apple iPhone 6s ,0,0.0,IOS,347,4.8,5919,8
Apple,iPhone 13 Pro Max ,Silver,6 GB,128 GB,Yes,,129900,129900,Apple iPhone 13 Pro Max ,0,0.0,IOS,421,6.0,4462,359
Lenovo,K4 Note ,Black/Tuxedo Black,3 GB,16 GB,Yes,3.9,7999,7999,Lenovo K4 Note ,0,0.0,Android,286,5.0,2252,151
SAMSUNG,Galaxy A21s ,Silver,6 GB,128 GB,Yes,4.2,17499,18999,SAMSUNG Galaxy A21s ,1500,7.8951523764408655,Android,308,6.2,4969,208
ASUS,ROG Phone 5 ,Black,8 GB,128 GB,Yes,4.3,49999,55999,ASUS ROG Phone 5 ,6000,10.714477044232932,Android,542,4.6,5894,478
SAMSUNG,Galaxy M51 ,Celestial Black,8 GB,128 GB,Yes,4.4,27999,27999,SAMSUNG Galaxy M51 ,0,0.0,Android,265,5.6,5237,12
Lenovo,K9 Note ,Black,4 GB,64 GB,Yes,4.1,11999,11999,Lenovo K9 Note ,0,0.0,Android,152,5.1,5520,114
Apple,iPhone XS ,Gold,4 GB,64 GB,Yes,4.7,62999,89900,Apple iPhone XS ,26901,29.92324805339266,IOS,584,5.7,2399,194
SAMSUNG,GT 1200 R/I/M,Black,,2 MB,Yes,4.1,1099,1099,SAMSUNG GT 1200 R/I/M,0,0.0,Android,370,4.7,5818,180
Apple,iPhone 11 ,Green,4GB,256 GB,Yes,4.6,64900,64900,Apple iPhone 11 ,0,0.0,IOS,5,6.0,3236,2
realme,X7 5G ,Nebula,8 GB,128 GB,Yes,4.3,21999,23999,realme X7 5G ,2000,8.33368057002375,Android,852,6.9,4949,204
OPPO,R17,Neon Purple,8 GB,128 GB,Yes,3.7,38999,38999,OPPO R17,0,0.0,Android,912,6.6,2471,459
Nokia,6.1 Plus ,Blue,4 GB,64 GB,Yes,4.3,18599,18599,Nokia 6.1 Plus ,0,0.0,Android,14,4.9,4666,11
OPPO,A16,Black,3 GB,32 GB,Yes,3.7,10490,10490,OPPO A16,0,0.0,Android,884,4.6,3652,785
OPPO,A12,Blue,3 GB,32 GB,Yes,4.4,9490,10990,OPPO A12,1500,13.64877161055505,Android,784,7.0,2882,10
SAMSUNG,Galaxy M12 ,White,4 GB,64 GB,Yes,4.2,11730,12900,SAMSUNG Galaxy M12 ,1170,9.069767441860463,Android,539,5.7,4341,168
LG,W41 Plus ,Magic Blue,4 GB,128 GB,Yes,3.8,9499,18000,LG W41 Plus ,8501,47.22777777777778,Android,336,5.2,5040,320
Apple,iPhone 12 ,Purple,4GB,256 GB,Yes,4.6,78999,80900,Apple iPhone 12 ,1901,2.349814585908529,IOS,431,6.3,5256,58
ASUS,ZenFone 5Z ,Meteor Silver,8 GB,256 GB,Yes,4.5,43999,43999,ASUS ZenFone 5Z ,0,0.0,Android,905,5.5,4922,768
Apple,iPhone 6s Plus ,Silver,2 GB,64 GB,Yes,4.4,59999,59999,Apple iPhone 6s Plus ,0,0.0,IOS,137,4.6,5283,48
OPPO,K3,Aurora Blue,6 GB,64 GB,Yes,4.3,23990,24667,OPPO K3,677,2.744557505979649,Android,169,5.2,5556,55
SAMSUNG,Galaxy F12 ,Celestial Black,4 GB,128 GB,Yes,4.2,12499,13999,SAMSUNG Galaxy F12 ,1500,10.715051075076792,Android,726,6.1,5298,41
OPPO,A3s,Purple,2 GB,16 GB,Yes,4.4,9500,9500,OPPO A3s,0,0.0,Android,952,5.6,3202,145
OPPO,F15,Blazing Blue,8 GB,128 GB,Yes,4.4,18990,22990,OPPO F15,4000,17.398869073510223,Android,563,5.7,5340,353
vivo,Y12G ,Phantom Black,12 GB,256 GB,Yes,4.4,15900,15900,vivo Y12G ,0,0.0,Android,416,4.9,3608,318
Infinix,S5 Lite,Quetzal Cyan,4 GB,64 GB,Yes,4.3,9999,9999,Infinix S5 Lite,0,0.0,Android,658,6.5,3251,75
Apple,iPhone 13 Mini ,Pink,4 GB,256 GB,Yes,,79900,79900,Apple iPhone 13 Mini ,0,0.0,IOS,44,5.2,5799,15
Motorola,X Play,White,2 GB,16 GB,Yes,4.2,17499,17499,Motorola X Play,0,0.0,Android,36,6.9,2931,11
OPPO,A55,Mint Green,4 GB,64 GB,Yes,4.3,15490,15490,OPPO A55,0,0.0,Android,474,4.9,4079,268
SAMSUNG,Galaxy A51 ,Haze Crush Silver,8 GB,128 GB,Yes,4.3,22499,29999,SAMSUNG Galaxy A51 ,7500,25.00083336111204,Android,799,5.2,2081,633
OPPO,Neo 7 4G,Black,1 GB,16 GB,Yes,3.8,10000,10000,OPPO Neo 7 4G,0,0.0,Android,298,5.7,2906,31
SAMSUNG,Galaxy A20s ,Green,4 GB,64 GB,Yes,4.3,13695,14900,SAMSUNG Galaxy A20s ,1205,8.087248322147651,Android,872,6.5,6000,484
Apple,iPhone XR ,Yellow,3 GB,256 GB,Yes,4.6,91900,91900,Apple iPhone XR ,0,0.0,IOS,710,5.8,5258,93
Lenovo,A2010 ,Grey,1 GB,8 GB,Yes,3.9,5499,5499,Lenovo A2010 ,0,0.0,Android,883,6.9,3560,647
POCO,M4 Pro,Cool Blue,6 GB,128 GB,Yes,4.4,16499,19999,POCO M4 Pro,3500,17.50087504375219,Android,882,6.6,2060,397
vivo,Y75 5G,Starlight Black,8 GB,128 GB,Yes,4.3,21990,21990,vivo Y75 5G,0,0.0,Android,781,6.2,5206,663
SAMSUNG,Galaxy A6+ ,Black,4 GB,64 GB,Yes,4.4,21990,21990,SAMSUNG Galaxy A6+ ,0,0.0,Android,365,6.1,2179,283
SAMSUNG,Galaxy J1 ,Black,1 GB,8 GB,Yes,4.0,7550,7550,SAMSUNG Galaxy J1 ,0,0.0,Android,793,5.5,5590,253
realme,C3 ,Volcano Grey,4 GB,64 GB,Yes,4.4,9999,9999,realme C3 ,0,0.0,Android,545,5.3,5374,534
SAMSUNG,Galaxy A12 ,Black,6 GB,128 GB,Yes,3.9,14999,14999,SAMSUNG Galaxy A12 ,0,0.0,Android,929,6.4,3047,667
SAMSUNG,Galaxy A22 5G ,Violet,6 GB,128 GB,Yes,4.3,19999,22499,SAMSUNG Galaxy A22 5G ,2500,11.111604960220454,Android,851,6.1,4676,361
Xiaomi,Y11T Pro,Meteorite Black,,256 GB,Yes,4.3,41996,41996,Xiaomi Y11T Pro,0,0.0,Android,45,4.6,3821,42
realme,X2 ,Pearl Green,8 GB,,Yes,4.5,20999,20999,realme X2 ,0,0.0,Android,875,4.7,3459,222
vivo,Y95,Starry Black,4 GB,32 GB,Yes,4.4,17000,17000,vivo Y95,0,0.0,Android,419,6.4,4120,258
GIONEE,P5 Mini ,Yellow,1 GB,8 GB,Yes,3.8,3490,5999,GIONEE P5 Mini ,2509,41.82363727287881,Android,868,6.9,3561,94
SAMSUNG,Galaxy E7 ,Black,2 GB,16 GB,Yes,4.3,16200,16200,SAMSUNG Galaxy E7 ,0,0.0,Android,898,7.0,5750,778
Motorola,E6s,Polished Graphite,4 GB,64 GB,Yes,4.1,7999,9999,Motorola E6s,2000,20.00200020002,Android,565,4.7,5190,473
SAMSUNG,Galaxy J5 - 6 New 2016 Edition) ,Gold,2 GB,16 GB,Yes,4.2,10990,10990,SAMSUNG Galaxy J5 - 6 New 2016 Edition) ,0,0.0,Android,77,6.1,4820,6
OPPO,F7,Red,4 GB,64 GB,Yes,4.4,22990,22990,OPPO F7,0,0.0,Android,957,6.9,4409,216
realme,X ,Polar White,8 GB,128 GB,Yes,4.5,20999,20999,realme X ,0,0.0,Android,275,4.8,5580,249
SAMSUNG,M01 core ,Red,2 GB,32 GB,Yes,3.9,5990,5990,SAMSUNG M01 core ,0,0.0,Android,943,6.5,3229,673
GIONEE,S96,Black,64 MB,128 MB,Yes,3.9,3150,3150,GIONEE S96,0,0.0,Android,97,6.3,3026,8
Xiaomi,REDMI Note 10 Pro ,Dark Nebula,6 GB,128 GB,Yes,4.4,19799,19799,Xiaomi REDMI Note 10 Pro ,0,0.0,Android,211,6.1,2726,129
vivo,T1 5G,Starlight Black,6 GB,128 GB,Yes,,16990,20990,vivo T1 5G,4000,19.05669366364936,Android,554,7.0,4149,167
SAMSUNG,Galaxy S20 FE ,Cloud White,8 GB,128 GB,Yes,4.0,49999,65999,SAMSUNG Galaxy S20 FE ,16000,24.24279155744784,Android,114,4.9,3837,63
Motorola,Z Play,Black,3 GB,32 GB,Yes,4.4,24999,24999,Motorola Z Play,0,0.0,Android,351,4.9,2131,271
SAMSUNG,Galaxy F42 5G ,Matte Black,8 GB,128 GB,Yes,4.1,22999,25999,SAMSUNG Galaxy F42 5G ,3000,11.538905342513177,Android,212,5.5,4016,42
vivo,Y69,Gold,3 GB,32 GB,Yes,4.3,11999,11999,vivo Y69,0,0.0,Android,830,6.5,3797,636
Apple,iPhone 8 ,Red,2 GB,64 GB,Yes,4.7,38999,39900,Apple iPhone 8 ,901,2.2581453634085213,IOS,360,5.5,4674,101
Google Pixel,2,Clearly White,4 GB,128 GB,Yes,4.6,70000,70000,Google Pixel 2,0,0.0,Android,313,6.1,4513,203
OPPO,A15,Rainbow Silver,3 GB,32 GB,Yes,4.3,11249,11249,OPPO A15,0,0.0,Android,912,5.2,2056,781
SAMSUNG,Metro B312E Dual Sim - White,Black,10 MB,2 MB,Yes,4.4,1599,1599,SAMSUNG Metro B312E Dual Sim - White,0,0.0,Android,15,4.5,2532,7
Nokia,6.2,Ice,4 GB,64 GB,Yes,4.2,13790,13790,Nokia 6.2,0,0.0,Android,532,6.5,2875,433
ASUS,ZenFone 5Z ,Meteor Silver,6 GB,128 GB,Yes,4.5,36299,36299,ASUS ZenFone 5Z ,0,0.0,Android,887,6.7,2481,759
realme,X ,Space Blue,4 GB,,Yes,4.5,17999,17999,realme X ,0,0.0,Android,611,6.9,4836,364
Motorola,G9 Power ,Metallic Sage,4 GB,64 GB,Yes,4.1,11999,15999,Motorola G9 Power ,4000,25.001562597662357,Android,612,5.7,2319,259
SAMSUNG,Galaxy Note 4 ,Frost White,3 GB,32 GB,Yes,4.1,27990,27990,SAMSUNG Galaxy Note 4 ,0,0.0,Android,434,6.4,3181,258
Xiaomi,11i Hypercharge 5G,Purple Mist,6 GB,128 GB,Yes,4.2,26999,31999,Xiaomi 11i Hypercharge 5G,5000,15.625488296509266,Android,25,5.5,3131,0
realme,C20 ,Cool Blue,2 GB,32 GB,Yes,4.4,7499,7999,realme C20 ,500,6.250781347668459,Android,400,6.4,5758,55
SAMSUNG,Galaxy J2 Ace ,Black,1.5 GB,8 GB,Yes,4.1,8090,8090,SAMSUNG Galaxy J2 Ace ,0,0.0,Android,688,5.6,4828,356
OPPO,A55,Starry Black,6 GB,128 GB,Yes,3.8,17490,20990,OPPO A55,3500,16.674606955693186,Android,675,5.4,3170,671
SAMSUNG,M52 5G,Blazing Black,6 GB,128 GB,Yes,4.3,25990,25990,SAMSUNG M52 5G,0,0.0,Android,97,6.0,4437,75
Xiaomi,Redmi Note 11T 5G,Stardust White,8 GB,129 GB,Yes,4.2,22163,22163,Xiaomi Redmi Note 11T 5G,0,0.0,Android,551,5.6,2453,205
Xiaomi,Redmi Note 7 ,Ruby Red,3 GB,32 GB,Yes,4.2,11900,11900,Xiaomi Redmi Note 7 ,0,0.0,Android,350,6.3,4680,235
Apple,iPhone XS ,Space Grey,4 GB,256 GB,Yes,4.7,76999,103900,Apple iPhone XS ,26901,25.89124157844081,IOS,930,5.4,3948,680
SAMSUNG,Galaxy M51 ,Electric Blue,8 GB,128 GB,Yes,4.4,22999,22999,SAMSUNG Galaxy M51 ,0,0.0,Android,593,6.2,5884,185
Motorola,G 3rd Generation ,White,1 GB,8 GB,Yes,4.2,11999,11999,Motorola G 3rd Generation ,0,0.0,Android,776,6.0,3123,669
OPPO,A9 2020,Space Purple,8 GB,128 GB,Yes,4.3,15990,21990,OPPO A9 2020,6000,27.285129604365626,Android,390,6.0,5014,114
realme,C2 ,Diamond Ruby,3 GB,32 GB,Yes,4.4,7499,8999,realme C2 ,1500,16.6685187243027,Android,471,5.1,2614,267
HTC,820 G+,Milkyway Grey,1 GB,16 GB,Yes,3.9,19695,19695,HTC 820 G+,0,0.0,Android,885,5.4,4146,533
realme,Narzo 30 ,Racing Blue,6 GB,64 GB,Yes,4.3,14499,15999,realme Narzo 30 ,1500,9.375585974123382,Android,699,5.9,3287,695
SAMSUNG,Galaxy A22 5G ,Mint,6 GB,128 GB,Yes,4.3,19818,20969,SAMSUNG Galaxy A22 5G ,1151,5.489055272068291,Android,525,5.4,4977,140
GIONEE,Elife E3 ,Blue,1 GB,16 GB,Yes,4.3,6500,6500,GIONEE Elife E3 ,0,0.0,Android,483,5.5,4842,207
LG,X Screen K500I ,Black,2 GB,16 GB,Yes,4.0,7990,7990,LG X Screen K500I ,0,0.0,Android,49,5.1,3721,36
Lenovo,K9 Note ,Gold,4 GB,64 GB,Yes,4.1,11999,11999,Lenovo K9 Note ,0,0.0,Android,928,5.5,2215,736
vivo,X70 Pro ,Cosmic Black,12 GB,256 GB,Yes,4.5,52990,57990,vivo X70 Pro ,5000,8.622176237282291,Android,193,5.3,2605,39
Xiaomi,9A Sport,Metallic Blue,3 GB,32 GB,Yes,4.3,8599,8999,Xiaomi 9A Sport,400,4.44493832648072,Android,201,6.8,5910,3
ASUS,ROG Phone 3 ,Black,8 GB,128 GB,Yes,4.4,46999,55999,ASUS ROG Phone 3 ,9000,16.071715566349397,Android,700,6.0,3535,45
OPPO,F11,Fluorite Purple,6 GB,128 GB,Yes,4.4,17990,23990,OPPO F11,6000,25.01042100875365,Android,397,6.4,2425,61
Nokia,6.1 Plus ,Blue,6 GB,64 GB,Yes,4.1,11990,16999,Nokia 6.1 Plus ,5009,29.466439202306017,Android,939,6.2,2227,91
realme,2,Diamond Red,3 GB,,Yes,4.5,9990,9990,realme 2,0,0.0,Android,760,4.7,4152,718
realme,C21 ,Cross Black,4 GB,64 GB,Yes,4.4,9999,10999,realme C21 ,1000,9.091735612328392,Android,898,4.5,3796,162
SAMSUNG,Metro XL,Black,64 MB,128 MB,Yes,4.2,3285,3285,SAMSUNG Metro XL,0,0.0,Android,183,6.2,5558,37
SAMSUNG,Galaxy Star Pro ,White,512 MB,4 GB,Yes,3.8,4199,4199,SAMSUNG Galaxy Star Pro ,0,0.0,Android,537,6.9,4510,340
ASUS,Zenfone Max ZC550KL ,Blue,3 GB,32 GB,Yes,4.1,14499,14499,ASUS Zenfone Max ZC550KL ,0,0.0,Android,649,6.5,3247,458
Nokia,5.3,CHARCOAL,6 GB,64 GB,Yes,3.7,12999,12999,Nokia 5.3,0,0.0,Android,829,5.1,5773,223
OPPO,A15s,Rainbow Silver,4 GB,128 GB,Yes,4.3,13489,13489,OPPO A15s,0,0.0,Android,954,4.5,2714,629
ASUS,Zenfone Selfie ,Silver,3 GB,16 GB,Yes,4.0,6749,6749,ASUS Zenfone Selfie ,0,0.0,Android,87,5.9,4759,69
Apple,iPhone XS Max ,Gold,4 GB,256 GB,Yes,4.6,78999,124900,Apple iPhone XS Max ,45901,36.7502001601281,IOS,103,6.6,4827,66
vivo,T1 5G,Starlight Black,4 GB,128 GB,Yes,,15990,19990,vivo T1 5G,4000,20.01000500250125,Android,82,5.8,3685,26
GIONEE,F8 Neo ,Red,2 GB,32 GB,Yes,3.9,5666,5666,GIONEE F8 Neo ,0,0.0,Android,835,4.7,3700,251
Xiaomi,Redmi Note 5 Pro ,Gold,4 GB,64 GB,Yes,4.5,14999,14999,Xiaomi Redmi Note 5 Pro ,0,0.0,Android,428,5.1,2646,413
Apple,iPhone 12 Pro ,Gold,6 GB,128 GB,Yes,4.6,109900,109900,Apple iPhone 12 Pro ,0,0.0,IOS,146,5.6,5349,26
Apple,iPhone XR ,Black,3 GB,64 GB,Yes,4.6,42999,47900,Apple iPhone XR ,4901,10.231732776617951,IOS,405,6.7,3779,81
SAMSUNG,Galaxy J4 Plus ,Blue,2 GB,32 GB,Yes,4.3,9000,9000,SAMSUNG Galaxy J4 Plus ,0,0.0,Android,36,4.8,5702,35
Infinix,Smart 2,Sandstone Black,2 GB,16 GB,Yes,4.1,6999,6999,Infinix Smart 2,0,0.0,Android,437,5.8,4818,65
Motorola,Edge 20 ,Frosted Pearl,8 GB,128 GB,Yes,4.4,29999,34999,Motorola Edge 20 ,5000,14.286122460641732,Android,542,5.3,3804,348
Apple,iPhone 13 Pro Max ,Graphite,6 GB,512 GB,Yes,,159900,159900,Apple iPhone 13 Pro Max ,0,0.0,IOS,906,5.3,4996,839
OPPO,Reno3 Pro,Sky White,8 GB,128 GB,Yes,4.4,24719,25489,OPPO Reno3 Pro,770,3.02091098120758,Android,693,6.5,3233,421
vivo,Y12G ,Glacier Blue,6 GB,128 GB,Yes,4.5,15990,15990,vivo Y12G ,0,0.0,Android,188,6.3,3235,82
Motorola,X4,Super Black,3 GB,32 GB,Yes,4.3,21999,21999,Motorola X4,0,0.0,Android,128,4.7,3233,72
OPPO,A74 5G,Fantastic Purple,6 GB,128 GB,Yes,4.3,18979,18979,OPPO A74 5G,0,0.0,Android,181,4.9,3636,157
Motorola,One Vision ,Bronze Gradient,4 GB,128 GB,Yes,4.2,14999,22999,Motorola One Vision ,8000,34.78412104874125,Android,657,5.5,4683,264
SAMSUNG,Galaxy Note 9 ,Metallic Copper,8 GB,512 GB,Yes,4.6,93000,93000,SAMSUNG Galaxy Note 9 ,0,0.0,Android,553,6.1,4543,550
Apple,iPhone 13 Pro Max ,Sierra Blue,6 GB,512 GB,Yes,,159900,159900,Apple iPhone 13 Pro Max ,0,0.0,IOS,487,4.7,5705,296
Infinix,Smart 2,Bordeaux Red ,3 GB,32 GB,Yes,4.1,7946,7999,Infinix Smart 2,53,0.6625828228528566,Android,625,5.0,4301,93
vivo,Z1x,Phantom Purple,6 GB,64 GB,Yes,5.0,19990,19990,vivo Z1x,0,0.0,Android,943,6.7,4587,836
SAMSUNG,Guru E1207T,Black,,2 MB,Yes,4.1,1560,1560,SAMSUNG Guru E1207T,0,0.0,Android,732,6.3,3635,524
Nokia,130,Black,4 MB,8 MB,Yes,4.2,1600,1600,Nokia 130,0,0.0,Android,472,5.3,4676,177
Infinix,Note 5,Milan Black,3 GB,32 GB,Yes,4.2,10999,10999,Infinix Note 5,0,0.0,Android,893,5.2,3955,388
GIONEE,P5 Mini ,Gold,1 GB,8 GB,Yes,3.8,3599,3599,GIONEE P5 Mini ,0,0.0,Android,805,5.3,3945,230
Nokia,5,Matte Black,2 GB,16 GB,Yes,4.0,6999,6999,Nokia 5,0,0.0,Android,690,6.4,3796,125
OPPO,A74 5G,Fluid Black,4 GB,128 GB,Yes,,18490,18490,OPPO A74 5G,0,0.0,Android,528,6.3,2098,267
Infinix,Smart 4,Ocean Wave,2 GB,32 GB,Yes,4.4,8999,8999,Infinix Smart 4,0,0.0,Android,838,6.0,3726,285
GIONEE,P5L ,Red,1 GB,16 GB,Yes,3.7,9199,9199,GIONEE P5L ,0,0.0,Android,280,5.6,5536,50
SAMSUNG,M52 5G,Slate Black,8 GB,128 GB,Yes,4.2,22989,22989,SAMSUNG M52 5G,0,0.0,Android,967,5.4,4295,53
SAMSUNG,Galaxy J7 Nxt ,Black,2 GB,16 GB,Yes,4.4,11995,11995,SAMSUNG Galaxy J7 Nxt ,0,0.0,Android,870,4.7,2715,387
Xiaomi,Redmi K20 Pro ,Carbon Black,8 GB,256 GB,Yes,4.4,29999,29999,Xiaomi Redmi K20 Pro ,0,0.0,Android,598,5.4,4448,16
SAMSUNG,Galaxy A22 ,Black,6 GB,128 GB,Yes,4.3,17575,19499,SAMSUNG Galaxy A22 ,1924,9.867172675521822,Android,180,4.8,4513,51
Xiaomi,Redmi Y2 ,Blue,3 GB,32 GB,Yes,4.3,9499,9499,Xiaomi Redmi Y2 ,0,0.0,Android,141,5.4,5346,53
SAMSUNG,Galaxy J7 ,Black,1.5 GB,16 GB,Yes,4.3,11700,11700,SAMSUNG Galaxy J7 ,0,0.0,Android,677,5.0,2255,177
SAMSUNG,Galaxy M32 5G ,Slate Black,8 GB,128 GB,Yes,,24999,24999,SAMSUNG Galaxy M32 5G ,0,0.0,Android,917,4.8,3589,447
Apple,iPhone 7 Plus ,Rose Gold,3 GB,128 GB,Yes,4.5,42900,42900,Apple iPhone 7 Plus ,0,0.0,IOS,251,4.6,4070,247
realme,C25Y ,Metal Grey,4 GB,128 GB,Yes,4.5,12049,13999,realme C25Y ,1950,13.92956639759983,Android,33,5.4,5781,12
ASUS,Zenfone 4 Selfie ,Rose Pink,3 GB,32 GB,Yes,4.1,10999,10999,ASUS Zenfone 4 Selfie ,0,0.0,Android,611,5.9,4438,38
SAMSUNG,Galaxy M30 ,Black,3 GB,32 GB,Yes,4.3,10399,11000,SAMSUNG Galaxy M30 ,601,5.463636363636364,Android,362,4.6,2466,138
OPPO,F15,Unicorn White,4 GB,128 GB,Yes,4.4,15990,20990,OPPO F15,5000,23.820867079561697,Android,365,5.1,2532,256
vivo,Y21A,Diamond Glow,4 GB,64 GB,Yes,4.1,14449,14449,vivo Y21A,0,0.0,Android,273,6.9,5004,264
Nokia,7.2,Cyan Green,6 GB,64 GB,Yes,4.1,20999,20999,Nokia 7.2,0,0.0,Android,269,5.5,3694,50
GIONEE,Pioneer P2 ,White,512 MB,4 GB,Yes,3.6,3490,3490,GIONEE Pioneer P2 ,0,0.0,Android,880,5.4,4900,826
Infinix,Note 5,Berlin Gray,4 GB,64 GB,Yes,4.2,12999,12999,Infinix Note 5,0,0.0,Android,824,6.6,4850,597
Motorola,G40 Fusion ,Dynamic Gray,6 GB,128 GB,Yes,4.3,16499,19999,Motorola G40 Fusion ,3500,17.50087504375219,Android,939,5.7,3668,314
vivo,Z1 Pro,Mirror Black,4 GB,64 GB,Yes,4.5,15990,15990,vivo Z1 Pro,0,0.0,Android,560,6.1,3269,135
LG,Spirit ,Black Gold,1 GB,8 GB,Yes,3.8,8000,8000,LG Spirit ,0,0.0,Android,446,6.8,4589,204
Nokia,125 DS 2020,Black,4 MB,4 MB,Yes,3.9,2349,2349,Nokia 125 DS 2020,0,0.0,Android,989,5.5,4462,918
Lenovo,A5 ,Black,2 GB,16 GB,Yes,4.1,6999,6999,Lenovo A5 ,0,0.0,Android,709,5.7,2345,414
SAMSUNG,Rex 60,Black,30 MB,Expandable Upto 16 GB,Yes,3.3,3400,3400,SAMSUNG Rex 60,0,0.0,Android,726,5.1,3664,219
realme,X2 Pro ,Lunar White,8 GB,128 GB,Yes,4.5,31999,31999,realme X2 Pro ,0,0.0,Android,246,6.9,2250,224
SAMSUNG,On5 Pro ,Black,2 GB,16 GB,Yes,4.2,6990,6990,SAMSUNG On5 Pro ,0,0.0,Android,609,6.8,3968,473
realme,C12 ,Power Blue,4 GB,64 GB,Yes,4.4,10999,10999,realme C12 ,0,0.0,Android,58,5.4,5823,35
HTC,One E9+,Meteor Grey,3 GB,32 GB,Yes,3.9,38800,38800,HTC One E9+,0,0.0,Android,892,5.8,3892,348
Apple,iPhone SE ,Red,2 GB,64 GB,Yes,4.5,32999,39900,Apple iPhone SE ,6901,17.29573934837093,IOS,315,5.3,3070,59
LG,G8X ,Black,6 GB,128 GB,Yes,4.4,27990,70000,LG G8X ,42010,60.014285714285705,Android,824,6.4,5315,87
OPPO,F5 Youth,Black,3 GB,32 GB,Yes,4.3,17990,17990,OPPO F5 Youth,0,0.0,Android,212,6.7,5296,139
SAMSUNG,Guru FM Plus,Black,,2 MB,Yes,4.2,1100,1100,SAMSUNG Guru FM Plus,0,0.0,Android,554,6.6,5978,430
Motorola,G10 Power ,Breeze Blue,4 GB,64 GB,Yes,4.1,10499,12999,Motorola G10 Power ,2500,19.232248634510345,Android,353,5.7,3051,224
POCO,M4 Pro,Power Black,6 GB,128 GB,Yes,4.4,16499,19999,POCO M4 Pro,3500,17.50087504375219,Android,773,5.9,5167,473
SAMSUNG,Galaxy J7 Duo ,Black,4 GB,32 GB,Yes,4.3,17962,17962,SAMSUNG Galaxy J7 Duo ,0,0.0,Android,933,6.9,2916,589
GIONEE,M7 ,Blue,6 GB,64 GB,Yes,2.7,9964,9974,GIONEE M7 ,10,0.1002606777621816,Android,882,4.7,3611,406
SAMSUNG,Galaxy M40 ,Midnight Blue,6 GB,128 GB,Yes,4.1,14300,14300,SAMSUNG Galaxy M40 ,0,0.0,Android,107,5.2,5893,66
Nokia,110 4G,Black,128 MB,48 MB,Yes,,2997,2997,Nokia 110 4G,0,0.0,Android,946,6.6,2107,568
SAMSUNG,Galaxy F62 ,Laser Green,8 GB,128 GB,Yes,4.3,25999,31999,SAMSUNG Galaxy F62 ,6000,18.75058595581112,Android,599,6.8,2996,44
SAMSUNG,Galaxy Star 2 ,Iris Charcoal,512 MB,4 GB,Yes,3.9,4890,4890,SAMSUNG Galaxy Star 2 ,0,0.0,Android,441,4.7,5972,27
OPPO,Ravichandran Ashwin Limited Edition,Black,4 GB,64 GB,Yes,4.4,22990,22990,OPPO Ravichandran Ashwin Limited Edition,0,0.0,Android,515,6.6,3054,514
POCO,C3 ,Lime Green,4 GB,64 GB,Yes,4.3,8999,10999,POCO C3 ,2000,18.183471224656785,Android,536,6.4,5426,427
SAMSUNG,Grand Prime ,Grey,1 GB,8 GB,Yes,4.0,10899,10899,SAMSUNG Grand Prime ,0,0.0,Android,711,6.3,5780,354
Apple,iPhone 8 Plus ,Gold,3 GB,256 GB,Yes,4.6,84900,84900,Apple iPhone 8 Plus ,0,0.0,IOS,563,6.2,5800,229
ASUS,Zenfone Zoom ,Black,4 GB,128 GB,Yes,3.6,37999,37999,ASUS Zenfone Zoom ,0,0.0,Android,331,5.6,4071,186
Nokia,150 DS 2020,Black,4 MB,4 MB,Yes,4.1,2440,2510,Nokia 150 DS 2020,70,2.788844621513944,Android,27,4.9,3763,11
OPPO,A16,White,3 GB,32 GB,Yes,3.7,10490,10490,OPPO A16,0,0.0,Android,48,6.6,3483,40
Google Pixel,3a ,Just Black,4 GB,64 GB,Yes,4.5,39999,39999,Google Pixel 3a ,0,0.0,Android,62,6.8,3723,3
Nokia,105,Black,4 MB,4 MB,Yes,4.3,1000,1000,Nokia 105,0,0.0,Android,642,5.4,2791,26
SAMSUNG,Z4 ,Gold,1 GB,8 GB,Yes,3.5,6200,6200,SAMSUNG Z4 ,0,0.0,Android,120,5.6,2188,37
Apple,iPhone 11 Pro ,Gold,4GB,512 GB,Yes,4.6,140300,140300,Apple iPhone 11 Pro ,0,0.0,IOS,724,5.4,4746,489
SAMSUNG,Galaxy M30s ,White,4 GB,64 GB,Yes,4.3,14990,14990,SAMSUNG Galaxy M30s ,0,0.0,Android,614,4.8,4714,396
realme,6i ,Eclipse Black,6 GB,,Yes,4.4,13999,15999,realme 6i ,2000,12.500781298831177,Android,857,5.3,5752,336
Apple,iPhone 6 Plus ,Space Grey,1 GB,64 GB,Yes,4.5,48999,48999,Apple iPhone 6 Plus ,0,0.0,IOS,453,5.8,2186,186
Nokia,2.1,Black,1 GB,8 GB,Yes,4.0,6500,6500,Nokia 2.1,0,0.0,Android,685,6.6,4036,324
realme,9 Pro+ 5G,Midnight Black,6 GB,128 GB,Yes,4.4,24999,27999,realme 9 Pro+ 5G,3000,10.714668381013608,Android,804,5.5,5868,260
SAMSUNG,Galaxy M31s ,Mirage Black,6 GB,128 GB,Yes,4.3,19725,19725,SAMSUNG Galaxy M31s ,0,0.0,Android,134,6.8,3769,51
realme,Narzo 50i ,Carbon Black,2 GB,32 GB,Yes,4.4,7499,7999,realme Narzo 50i ,500,6.250781347668459,Android,714,6.7,5136,102
Apple,iPhone 13 Pro Max,Gold,4GB,128 GB,Yes,4.7,129900,129900,Apple iPhone 13 Pro Max,0,0.0,IOS,43,5.1,3981,8
SAMSUNG,Galaxy A6 ,Black,4 GB,64 GB,Yes,4.3,23748,23748,SAMSUNG Galaxy A6 ,0,0.0,Android,837,4.9,2565,184
SAMSUNG,Galaxy A32 ,Awesome Blue,8 GB,128 GB,Yes,4.4,22910,23900,SAMSUNG Galaxy A32 ,990,4.142259414225942,Android,581,5.5,4146,94
Apple,iPhone 6s ,Silver,2 GB,32 GB,Yes,4.5,25299,29900,Apple iPhone 6s ,4601,15.387959866220736,IOS,989,6.6,5519,406
Nokia,C01 Plus ,Blue,2 GB,16 GB,Yes,,6499,6499,Nokia C01 Plus ,0,0.0,Android,773,4.9,4073,594
realme,C3 ,Frozen Blue,4 GB,64 GB,Yes,4.4,10999,10999,realme C3 ,0,0.0,Android,718,6.0,2722,63
Xiaomi,Redmi Note 5 ,Black,4 GB,64 GB,Yes,4.3,10999,11499,Xiaomi Redmi Note 5 ,500,4.348204191668841,Android,764,5.2,4136,522
GIONEE,F9 Plus ,Black,3 GB,32 GB,Yes,4.1,9490,9490,GIONEE F9 Plus ,0,0.0,Android,533,6.7,3175,122
ASUS,6Z ,Matte Black,8 GB,256 GB,Yes,4.3,43999,43999,ASUS 6Z ,0,0.0,Android,16,6.5,2389,7
SAMSUNG,Galaxy A30s ,Prism Crush Violet,4 GB,128 GB,Yes,4.3,19900,19900,SAMSUNG Galaxy A30s ,0,0.0,Android,254,6.6,2907,163
SAMSUNG,Galaxy A51 ,Prism Crush White,8 GB,128 GB,Yes,4.3,22499,29999,SAMSUNG Galaxy A51 ,7500,25.00083336111204,Android,454,5.5,5993,267
Lenovo,A850 ,White,1 GB,4 GB,Yes,4.1,15999,15999,Lenovo A850 ,0,0.0,Android,266,6.2,2624,226
Motorola,X 2nd Generation ,Black,2 GB,16 GB,Yes,4.2,14500,14500,Motorola X 2nd Generation ,0,0.0,Android,371,6.1,4484,168
vivo,V23 Pro 5G,Stardust Black,12 GB,256 GB,Yes,4.1,43990,45990,vivo V23 Pro 5G,2000,4.348771472059143,Android,939,4.6,5195,4
vivo,Y1S ,Aurora Blue,8 GB,128 GB,Yes,4.4,13890,13990,vivo Y1S ,100,0.7147962830593281,Android,863,6.5,3949,614
SAMSUNG,Galaxy S6 Edge ,White Pearl,3 GB,32 GB,Yes,4.0,44900,44900,SAMSUNG Galaxy S6 Edge ,0,0.0,Android,808,6.3,4545,34
vivo,V23 5G,Stardust Black,8 GB,128 GB,Yes,4.4,29990,34990,vivo V23 5G,5000,14.289797084881394,Android,560,6.7,2147,227
Apple,iPhone 8 ,Red,2 GB,64 GB,Yes,4.7,38999,39900,Apple iPhone 8 ,901,2.2581453634085213,IOS,170,5.6,5416,86
LG,W41 ,MAGIC BLUE,4 GB,64 GB,Yes,4.0,10499,10499,LG W41 ,0,0.0,Android,869,6.7,5318,589
realme,Narzo 50A ,Oxygen Blue,4 GB,64 GB,Yes,4.4,11499,12999,realme Narzo 50A ,1500,11.539349180706209,Android,779,5.9,5055,321
Apple,iPhone XR ,Red,3 GB,128 GB,Yes,4.6,47999,52900,Apple iPhone XR ,4901,9.264650283553877,IOS,174,5.4,5071,100
SAMSUNG,Metro 350,Black,46 MB,64 MB,Yes,3.6,3200,3200,SAMSUNG Metro 350,0,0.0,Android,887,4.5,3271,36
SAMSUNG,B351E/Metro 350,Black,32 MB,2 MB,Yes,4.2,2980,2980,SAMSUNG B351E/Metro 350,0,0.0,Android,433,5.4,4360,50
Lenovo,Vibe P1 Turbo ,Silver,3 GB,32 GB,Yes,3.7,7650,7650,Lenovo Vibe P1 Turbo ,0,0.0,Android,808,6.4,4810,82
SAMSUNG,Galaxy M11 ,Black,3 GB,32 GB,Yes,4.2,11744,11749,SAMSUNG Galaxy M11 ,5,0.0425568133458166,Android,681,5.7,5422,158
Motorola,G9 ,Forest Green,4 GB,64 GB,Yes,4.2,10999,14999,Motorola G9 ,4000,26.668444562970866,Android,849,4.5,2116,384
Apple,iPhone 6 ,Gold,1 GB,32 GB,Yes,4.4,30780,30780,Apple iPhone 6 ,0,0.0,IOS,982,4.9,4054,275
ASUS,ROG Phone 5 ,White,12 GB,256 GB,Yes,4.5,57999,63999,ASUS ROG Phone 5 ,6000,9.375146486663857,Android,813,6.2,5553,765
realme,8 5G ,Supersonic Black,4 GB,64 GB,Yes,4.3,15499,15999,realme 8 5G ,500,3.125195324707794,Android,782,6.0,4938,711
Nokia,7.2,Charcoal,6 GB,64 GB,Yes,4.1,20999,20999,Nokia 7.2,0,0.0,Android,6,5.5,5090,1
SAMSUNG,Galaxy Note 10 Plus ,Aura Glow,12 GB,512 GB,Yes,4.6,95000,95000,SAMSUNG Galaxy Note 10 Plus ,0,0.0,Android,329,4.9,2161,288
Xiaomi,Redmi Note 7 ,Ruby Red,4 GB,64 GB,Yes,4.1,13399,14399,Xiaomi Redmi Note 7 ,1000,6.944926731022988,Android,438,4.9,4791,270
SAMSUNG,Galaxy A12 ,Black,6 GB,128 GB,Yes,3.9,14999,14999,SAMSUNG Galaxy A12 ,0,0.0,Android,908,5.0,4784,860
OPPO,A37f,Grey,2 GB,16 GB,Yes,4.2,10000,10000,OPPO A37f,0,0.0,Android,498,6.6,4257,401
SAMSUNG,Galaxy S7 Edge ,Silver Titanium,4 GB,32 GB,Yes,4.4,41900,41900,SAMSUNG Galaxy S7 Edge ,0,0.0,Android,272,5.9,2984,24
SAMSUNG,Galaxy S4 ,White Frost,2 GB,16 GB,Yes,3.9,40690,40690,SAMSUNG Galaxy S4 ,0,0.0,Android,264,6.7,5264,82
ASUS,Zenfone Go 2nd Gen,Yellow,1 GB,8 GB,Yes,3.7,5299,5299,ASUS Zenfone Go 2nd Gen,0,0.0,Android,125,5.4,4049,47
SAMSUNG,Galaxy Z Fold3 5G ,Phantom Green,12 GB,256 GB,Yes,4.4,149999,171999,SAMSUNG Galaxy Z Fold3 5G ,22000,12.790772039372325,Android,884,4.6,5279,573
SAMSUNG,Galaxy A52 ,Awesome White,8 GB,128 GB,Yes,4.4,28999,31999,SAMSUNG Galaxy A52 ,3000,9.37529297790556,Android,734,4.9,5296,466
SAMSUNG,Galaxy A10 ,Blue,2 GB,32 GB,Yes,4.3,7990,8700,SAMSUNG Galaxy A10 ,710,8.160919540229886,Android,914,6.5,4736,132
Apple,iPhone 7 ,Rose Gold,2 GB,32 GB,Yes,4.5,24999,31500,Apple iPhone 7 ,6501,20.63809523809524,IOS,714,5.8,4485,501
realme,Narzo 30 Pro 5G ,Sword Black,6 GB,64 GB,Yes,4.3,16999,18999,realme Narzo 30 Pro 5G ,2000,10.526869835254487,Android,776,5.0,4588,183
SAMSUNG,Galaxy J2 Pro ,Gold,2 GB,16 GB,Yes,4.2,8200,8200,SAMSUNG Galaxy J2 Pro ,0,0.0,Android,521,5.1,3718,518
SAMSUNG,Galaxy S9 Plus ,Midnight Black,6 GB,64 GB,Yes,4.5,70000,70000,SAMSUNG Galaxy S9 Plus ,0,0.0,Android,437,5.0,5869,226
vivo,Y20 T,Purist Blue,6 GB,64 GB,Yes,4.3,15490,15490,vivo Y20 T,0,0.0,Android,175,6.1,4261,138
realme,X3 SuperZoom ,Glacier Blue,12 GB,,Yes,4.2,32999,34999,realme X3 SuperZoom ,2000,5.714448984256693,Android,22,6.1,2202,3
LG,G4 ,Genuine Leather Black,3 GB,32 GB,Yes,4.0,35990,35990,LG G4 ,0,0.0,Android,632,6.0,4017,623
OPPO,Reno4 Pro,Starry Night,8 GB,128 GB,Yes,4.4,34990,37990,OPPO Reno4 Pro,3000,7.896814951302974,Android,729,6.4,2530,661
Xiaomi,Redmi Note 9 Pro ,Champagne Gold,4 GB,64 GB,Yes,4.3,14999,14999,Xiaomi Redmi Note 9 Pro ,0,0.0,Android,775,6.7,5578,389
Xiaomi,Redmi Y2 ,Black,4 GB,64 GB,Yes,4.3,10999,10999,Xiaomi Redmi Y2 ,0,0.0,Android,197,5.9,3290,101
Apple,iPhone 12 Mini ,Red,4GB,256 GB,Yes,4.5,71999,74900,Apple iPhone 12 Mini ,2901,3.8731642189586113,IOS,418,4.6,4269,0
Lenovo,A2010 ,Black,1 GB,8 GB,Yes,3.9,5490,5490,Lenovo A2010 ,0,0.0,Android,202,4.5,2572,149
Apple,iPhone 13 Pro ,Sierra Blue,6 GB,512 GB,Yes,,149900,149900,Apple iPhone 13 Pro ,0,0.0,IOS,486,5.8,2823,311
SAMSUNG,Metro 350,Black,32 MB,Expandable Upto 16 GB,Yes,4.1,2940,2940,SAMSUNG Metro 350,0,0.0,Android,865,5.2,3266,513
SAMSUNG,Galaxy F02s ,Diamond White,3 GB,32 GB,Yes,4.2,9499,10499,SAMSUNG Galaxy F02s ,1000,9.52471663967997,Android,160,5.1,3277,35
Lenovo,A6 Note ,Black,3 GB,32 GB,Yes,4.2,9999,9999,Lenovo A6 Note ,0,0.0,Android,963,6.9,3664,342
SAMSUNG,Galaxy M01s ,Light Blue,3 GB,32 GB,Yes,4.2,10999,10999,SAMSUNG Galaxy M01s ,0,0.0,Android,123,7.0,3542,35
realme,Narzo 20A ,Glory Silver,4 GB,64 GB,Yes,4.4,9499,11999,realme Narzo 20A ,2500,20.835069589132427,Android,241,4.5,3499,7
Infinix,Note 10,Purple,4 GB,64 GB,Yes,4.2,10999,13999,Infinix Note 10,3000,21.430102150153584,Android,380,5.3,4064,34
LG,G3 Beat ,White,1 GB,8 GB,Yes,3.8,15999,15999,LG G3 Beat ,0,0.0,Android,924,4.8,2310,813
Infinix,Note 4,Milan Black,3 GB,32 GB,Yes,4.2,8999,8999,Infinix Note 4,0,0.0,Android,729,5.8,5593,199
vivo,Y20G 2021 ,Obsidian Black,6 GB,128 GB,Yes,4.3,29990,34990,vivo Y20G 2021 ,5000,14.289797084881394,Android,941,6.3,3487,675
Xiaomi,Redmi 5 ,Lake Blue,3 GB,32 GB,Yes,4.2,8990,8990,Xiaomi Redmi 5 ,0,0.0,Android,838,6.6,4180,136
Xiaomi,11i 5G,Purple Mist,8 GB,128 GB,Yes,4.3,28999,33999,Xiaomi 11i 5G,5000,14.706314891614458,Android,56,6.1,4778,42
Apple,iPhone 12 Mini ,White,4GB,64 GB,Yes,4.5,56999,59900,Apple iPhone 12 Mini ,2901,4.843071786310517,IOS,626,6.5,5770,259
SAMSUNG,Galaxy S9 ,Lilac Purple,4 GB,128 GB,Yes,4.4,39900,39900,SAMSUNG Galaxy S9 ,0,0.0,Android,132,4.5,3209,67
Apple,iPhone 13 ,Green,4GB,512 GB,Yes,4.7,104900,109900,Apple iPhone 13 ,5000,4.549590536851683,IOS,640,4.6,2043,266
Infinix,Smart 4 Plus,Midnight Black,3 GB,32 GB,Yes,4.4,9999,9999,Infinix Smart 4 Plus,0,0.0,Android,533,5.8,3187,415
Infinix,Hot 10S,Black,4 GB,64 GB,Yes,4.3,9999,12999,Infinix Hot 10S,3000,23.078698361412417,Android,428,6.7,4761,266
Apple,iPhone 6s Plus ,Gold,2 GB,16 GB,Yes,4.4,49999,49999,Apple iPhone 6s Plus ,0,0.0,IOS,505,5.5,4961,480
Xiaomi,Redmi Note 5 ,Rose Gold,3 GB,32 GB,Yes,4.4,9998,9998,Xiaomi Redmi Note 5 ,0,0.0,Android,110,6.6,3826,79
ASUS,Zenfone Selfie ,Gold,3 GB,16 GB,Yes,4.0,9999,9999,ASUS Zenfone Selfie ,0,0.0,Android,845,5.4,4529,237
Nokia,110 TA-1302 DS,Black,4 MB,4 MB,Yes,4.1,1695,1695,Nokia 110 TA-1302 DS,0,0.0,Android,632,5.6,5456,186
Apple,iPhone 8 Plus ,Red,3 GB,256 GB,Yes,4.6,59900,59900,Apple iPhone 8 Plus ,0,0.0,IOS,579,6.2,5904,88
Apple,iPhone 7 Plus ,Black,3 GB,128 GB,Yes,4.5,42900,42900,Apple iPhone 7 Plus ,0,0.0,IOS,271,6.1,3650,95
Lenovo,S660 ,Gold,1 GB,8 GB,Yes,4.0,14999,14999,Lenovo S660 ,0,0.0,Android,198,6.5,3241,130
OPPO,A16,Pearl Blue,4 GB,64 GB,Yes,,13850,13850,OPPO A16,0,0.0,Android,293,4.6,4212,273
Nokia,130,Black,4 MB,2 MB,Yes,4.2,1600,1600,Nokia 130,0,0.0,Android,407,6.9,3774,17
Infinix,Smart 5A,Ocean Wave,2 GB,32 GB,Yes,4.4,7199,7999,Infinix Smart 5A,800,10.001250156269531,Android,266,6.4,2568,131
Nokia,C01 Plus ,Blue,2 GB,16 GB,Yes,,6499,6499,Nokia C01 Plus ,0,0.0,Android,908,4.7,5728,800
SAMSUNG,Galaxy On6 ,Black,4 GB,64 GB,Yes,4.3,17600,17600,SAMSUNG Galaxy On6 ,0,0.0,Android,976,5.6,5039,44
SAMSUNG,Galaxy Grand Neo Plus ,Midnight Black,1 GB,8 GB,Yes,4.0,5999,5999,SAMSUNG Galaxy Grand Neo Plus ,0,0.0,Android,10,5.5,3682,4
Apple,iPhone 6 ,Space Grey,1 GB,32 GB,Yes,4.4,30780,30780,Apple iPhone 6 ,0,0.0,IOS,225,4.8,4917,21
Apple,iPhone 11 ,Red,4GB,64 GB,Yes,4.6,49900,49900,Apple iPhone 11 ,0,0.0,IOS,411,5.1,2205,104
SAMSUNG,Galaxy Fold 2 ,Mystic Black,12 GB,256 GB,Yes,3.0,149999,189999,SAMSUNG Galaxy Fold 2 ,40000,21.05274238285465,Android,718,4.9,3756,264
OPPO,A54,Crystal Black,4 GB,128 GB,Yes,4.3,15990,15990,OPPO A54,0,0.0,Android,96,6.5,3605,1
SAMSUNG,Galaxy F22 ,Denim Black,6 GB,128 GB,Yes,4.3,14999,16999,SAMSUNG Galaxy F22 ,2000,11.765397964586152,Android,245,5.4,5098,39
SAMSUNG,Galaxy S10 Lite ,Prism White,8 GB,128 GB,Yes,4.5,40999,43999,SAMSUNG Galaxy S10 Lite ,3000,6.818336780381372,Android,471,5.2,5464,53
OPPO,A5 2020,Mirror Black,3 GB,64 GB,Yes,4.4,14990,14990,OPPO A5 2020,0,0.0,Android,245,6.6,3947,26
Apple,iPhone XS ,Space Grey,4 GB,256 GB,Yes,4.7,76999,103900,Apple iPhone XS ,26901,25.89124157844081,IOS,769,5.1,2610,457
realme,6 Pro ,Lightning Orange,6 GB,128 GB,Yes,4.4,18999,18999,realme 6 Pro ,0,0.0,Android,681,6.5,3670,550
SAMSUNG,Galaxy S20 Ultra ,Cosmic Gray,12 GB,128 GB,Yes,4.2,103000,103000,SAMSUNG Galaxy S20 Ultra ,0,0.0,Android,437,4.7,3558,102
vivo,S1,Diamond Black,6 GB,128 GB,Yes,4.4,22990,22990,vivo S1,0,0.0,Android,690,5.8,4136,509
SAMSUNG,Galaxy A21s ,Black,6 GB,64 GB,Yes,4.2,15199,15380,SAMSUNG Galaxy A21s ,181,1.176853055916775,Android,416,6.7,4797,0
SAMSUNG,Galaxy Note10 Lite ,Aura Glow,6 GB,128 GB,Yes,4.3,37999,43000,SAMSUNG Galaxy Note10 Lite ,5001,11.630232558139534,Android,513,6.4,3011,56
realme,GT Master Edition ,Cosmos Black,6 GB,128 GB,Yes,4.1,25999,26999,realme GT Master Edition ,1000,3.703840882995667,Android,107,6.7,4744,20
realme,GT Neo 2,Neo Black,8 GB,128 GB,Yes,4.4,31999,34999,realme GT Neo 2,3000,8.57167347638504,Android,257,5.7,3900,83
Apple,iPhone 13 Pro Max,Graphite,4GB,256 GB,Yes,4.7,139900,139900,Apple iPhone 13 Pro Max,0,0.0,IOS,673,6.7,4249,84
Apple,iPhone 12 ,Purple,4GB,64 GB,Yes,4.6,63999,79900,Apple iPhone 12 ,15901,19.90112640801001,IOS,985,5.6,2016,395
Apple,iPhone 6 ,Gold,1 GB,128 GB,Yes,4.4,49999,49999,Apple iPhone 6 ,0,0.0,IOS,396,6.3,3484,107
realme,1,Black,4 GB,,Yes,4.4,10990,14990,realme 1,4000,26.684456304202804,Android,276,5.4,4168,33
LG,V30+ ,Black,4 GB,128 GB,Yes,4.3,29999,29999,LG V30+ ,0,0.0,Android,599,6.5,5803,577
Xiaomi,Redmi Y2 ,Black,3 GB,32 GB,Yes,4.3,9478,9478,Xiaomi Redmi Y2 ,0,0.0,Android,230,6.2,5460,107
GIONEE,F103 3Gb Version ,Black,3 GB,16 GB,Yes,3.5,7999,7999,GIONEE F103 3Gb Version ,0,0.0,Android,789,6.3,3650,109
SAMSUNG,Galaxy C7 Pro ,Navy Blue,4 GB,64 GB,Yes,4.4,26600,26600,SAMSUNG Galaxy C7 Pro ,0,0.0,Android,144,4.9,4093,18
GIONEE,Max ,Black,2 GB,32 GB,Yes,4.1,6299,7990,GIONEE Max ,1691,21.1639549436796,Android,247,6.9,2714,154
OPPO,A1K,Black,2 GB,32 GB,Yes,4.3,7990,10990,OPPO A1K,3000,27.2975432211101,Android,912,6.3,5396,355
SAMSUNG,On7 Pro ,Black,2 GB,16 GB,Yes,4.1,6549,9490,SAMSUNG On7 Pro ,2941,30.99051633298209,Android,269,5.6,3207,220
Infinix,Note 11 ,Graphite Black,6 GB,128 GB,Yes,4.5,14499,16999,Infinix Note 11 ,2500,14.70674745573269,Android,751,5.1,4374,181
POCO,M3 ,Cool Blue,4 GB,64 GB,Yes,4.3,10999,11999,POCO M3 ,1000,8.334027835652972,Android,532,6.4,4455,310
OPPO,A15S,Fancy White,4 GB,64 GB,Yes,4.3,12889,12989,OPPO A15S,100,0.7698822080221726,Android,911,4.9,3016,468
GIONEE,S6S ,Mocha Gold,3 GB,32 GB,Yes,4.0,15999,15999,GIONEE S6S ,0,0.0,Android,150,5.1,4538,28
Xiaomi,Mi A3 ,Not just Blue,4 GB,64 GB,Yes,,12990,14989,Xiaomi Mi A3 ,1999,13.33644672760024,Android,184,6.8,4012,168
Infinix,Zero 5 Pro,Bronze Gold Black,6 GB,128 GB,Yes,4.3,19999,19999,Infinix Zero 5 Pro,0,0.0,Android,94,6.9,2858,13
SAMSUNG,Guru FM Plus SM-B110E/D,Black,,2 MB,Yes,4.3,1448,1661,SAMSUNG Guru FM Plus SM-B110E/D,213,12.823600240818784,Android,580,6.0,3773,580
SAMSUNG,Galaxy Z Fold3 5G ,Phantom Black,12 GB,512 GB,Yes,4.4,157999,179999,SAMSUNG Galaxy Z Fold3 5G ,22000,12.22229012383402,Android,823,5.1,5381,301
Nokia,6,Silver,3 GB,32 GB,Yes,3.9,7999,7999,Nokia 6,0,0.0,Android,827,6.7,4324,166
Xiaomi,Redmi Note 6 Pro ,Blue,4 GB,64 GB,Yes,4.4,12999,12999,Xiaomi Redmi Note 6 Pro ,0,0.0,Android,631,6.6,4957,342
SAMSUNG,Galaxy M02 ,Grey,2 GB,32 GB,Yes,4.0,8289,8289,SAMSUNG Galaxy M02 ,0,0.0,Android,599,5.4,5633,109
Lenovo,Sisley S60 ,White,2 GB,8 GB,Yes,3.5,13999,13999,Lenovo Sisley S60 ,0,0.0,Android,560,5.5,5192,533
realme,GT Master Edition ,Voyager Grey,8 GB,256 GB,Yes,4.3,29999,29999,realme GT Master Edition ,0,0.0,Android,126,6.1,5403,12
Nokia,8110 4G,Black,512 MB,4 GB,Yes,3.7,6699,6699,Nokia 8110 4G,0,0.0,Android,98,6.3,5970,82
OPPO,F17,Navy Blue,6 GB,128 GB,Yes,4.2,16990,20990,OPPO F17,4000,19.05669366364936,Android,168,4.6,5513,6
realme,GT Master Edition ,Daybreak Blue,8 GB,128 GB,Yes,4.4,27999,29999,realme GT Master Edition ,2000,6.666888896296544,Android,994,4.6,5083,334
Google Pixel,3,Clearly White,4 GB,64 GB,Yes,4.5,71000,71000,Google Pixel 3,0,0.0,Android,86,6.5,3853,59
realme,8i ,Space Purple,4 GB,64 GB,Yes,,13999,15999,realme 8i ,2000,12.500781298831177,Android,424,5.4,5502,45
realme,5i ,Aqua Blue,4 GB,128 GB,Yes,4.5,11999,11999,realme 5i ,0,0.0,Android,884,5.5,3555,300
Motorola,Quench X T3,Black,512 MB,16 GB,Yes,2.4,14939,14939,Motorola Quench X T3,0,0.0,Android,515,6.1,5717,155
OPPO,F7,Red,6 GB,128 GB,Yes,4.5,27990,27990,OPPO F7,0,0.0,Android,19,5.9,3256,19
GIONEE,P7 ,White,2 GB,16 GB,Yes,3.8,4990,4990,GIONEE P7 ,0,0.0,Android,26,6.7,3060,25
SAMSUNG,Galaxy S20 FE ,Cloud Navy,8 GB,128 GB,Yes,4.0,49999,65999,SAMSUNG Galaxy S20 FE ,16000,24.24279155744784,Android,443,6.3,4365,373
SAMSUNG,M52 5G,Icy Blue,8 GB,128 GB,Yes,4.3,27239,31489,SAMSUNG M52 5G,4250,13.496776652164248,Android,319,6.8,5502,1
Motorola,G,Black,1 GB,16 GB,Yes,4.4,9999,9999,Motorola G,0,0.0,Android,634,5.3,5108,74
Apple,iPhone 7 Plus ,Jet Black,3 GB,256 GB,Yes,4.5,85400,85400,Apple iPhone 7 Plus ,0,0.0,IOS,670,5.5,3708,33
Xiaomi,Redmi Note 7 ,Onyx Black,4 GB,64 GB,Yes,4.3,11748,12690,Xiaomi Redmi Note 7 ,942,7.423167848699763,Android,729,6.8,5263,721
Apple,iPhone 11 Pro ,Silver,4GB,256 GB,Yes,4.6,121300,121300,Apple iPhone 11 Pro ,0,0.0,IOS,190,4.6,4749,105
Xiaomi,REDMI 9 Prime ,Sunrise Flare,4 GB,128 GB,Yes,4.3,13999,13999,Xiaomi REDMI 9 Prime ,0,0.0,Android,166,7.0,2042,107
SAMSUNG,Galaxy J2 Pro ,Silver,2 GB,16 GB,Yes,4.2,8200,8200,SAMSUNG Galaxy J2 Pro ,0,0.0,Android,481,5.0,4020,342
SAMSUNG,Galaxy M31 ,Iceberg blue,6 GB,128 GB,Yes,4.3,17989,17989,SAMSUNG Galaxy M31 ,0,0.0,Android,737,6.4,5998,620
SAMSUNG,Galaxy Z Fold3 5G ,Phantom Black,12 GB,512 GB,Yes,4.4,157999,179999,SAMSUNG Galaxy Z Fold3 5G ,22000,12.22229012383402,Android,644,6.1,3086,444
SAMSUNG,Galaxy S21 Plus ,Phantom Black,8 GB,128 GB,Yes,4.4,71999,100999,SAMSUNG Galaxy S21 Plus ,29000,28.713155575797774,Android,257,5.4,3694,253
realme,X2 ,Pearl Green,8 GB,256 GB,Yes,4.5,24999,24999,realme X2 ,0,0.0,Android,452,6.0,4101,368
Infinix,Hot 11,Emerald Green,4 GB,64 GB,Yes,4.4,9999,11999,Infinix Hot 11,2000,16.668055671305943,Android,300,6.7,3008,225
SAMSUNG,Galaxy Grand Neo ,White,1 GB,8 GB,Yes,3.8,13500,13500,SAMSUNG Galaxy Grand Neo ,0,0.0,Android,277,6.2,3099,32
vivo,X60 Pro,Shimmer Blue,12 GB,256 GB,Yes,5.0,48780,48780,vivo X60 Pro,0,0.0,Android,61,5.8,5904,2
Nokia,222,Black,16 MB,Expandable Upto 32 GB,Yes,4.1,2860,2860,Nokia 222,0,0.0,Android,727,5.9,4983,237
SAMSUNG,Galaxy A50s ,Prism Crush Black,6 GB,128 GB,Yes,4.3,21099,26900,SAMSUNG Galaxy A50s ,5801,21.565055762081784,Android,812,6.0,2609,508
SAMSUNG,Galaxy J2 2018 ,Gold,2 GB,16 GB,Yes,4.3,7500,7500,SAMSUNG Galaxy J2 2018 ,0,0.0,Android,337,5.6,4226,63
Apple,iPhone XR ,White,3 GB,256 GB,Yes,4.6,91900,91900,Apple iPhone XR ,0,0.0,IOS,109,6.4,3183,87
Lenovo,Vibe K5 Note ,Grey,3 GB,32 GB,Yes,4.1,10999,10999,Lenovo Vibe K5 Note ,0,0.0,Android,6,6.6,2578,4
Infinix,Hot 4 Pro,Bordeaux Red ,3 GB,16 GB,Yes,4.0,7499,7499,Infinix Hot 4 Pro,0,0.0,Android,940,5.2,4930,242
SAMSUNG,Galaxy E7 ,Blue,2 GB,16 GB,Yes,4.3,18340,18340,SAMSUNG Galaxy E7 ,0,0.0,Android,322,6.0,2076,255
SAMSUNG,Galaxy S21 ,Phantom Gray,8 GB,256 GB,Yes,4.3,73999,87999,SAMSUNG Galaxy S21 ,14000,15.909271696269276,Android,127,7.0,5022,38
Lenovo,A6600 Plus ,White,2 GB,16 GB,Yes,3.9,6266,6266,Lenovo A6600 Plus ,0,0.0,Android,6,5.2,2662,4
Xiaomi,Redmi Note 4 ,Black,4 GB,64 GB,Yes,4.5,9999,9999,Xiaomi Redmi Note 4 ,0,0.0,Android,625,5.6,2081,304
SAMSUNG,Galaxy M21 ,Iceberg Blue,4 GB,64 GB,Yes,4.3,13760,13760,SAMSUNG Galaxy M21 ,0,0.0,Android,251,6.3,4941,122
Lenovo,K10 Note ,Black,4 GB,64 GB,Yes,4.1,16999,16999,Lenovo K10 Note ,0,0.0,Android,534,6.2,2434,314
Apple,iPhone XR ,Black,3 GB,64 GB,Yes,4.6,42999,47900,Apple iPhone XR ,4901,10.231732776617951,IOS,951,6.0,5906,448
Nokia,9,Blue,6 GB,128 GB,Yes,3.8,56299,56299,Nokia 9,0,0.0,Android,140,5.9,4306,11
OPPO,Reno7 Pro 5G,Startrails Blue,12 GB,256 GB,Yes,4.2,39999,47990,OPPO Reno7 Pro 5G,7991,16.65138570535528,Android,954,6.4,3797,478
SAMSUNG,B351E/Metro 350,Black,32 MB,2 MB,Yes,4.2,2870,2870,SAMSUNG B351E/Metro 350,0,0.0,Android,752,5.7,4880,378
ASUS,Zenfone Go ,Silver,1 GB,8 GB,Yes,3.8,5299,5299,ASUS Zenfone Go ,0,0.0,Android,419,4.5,5550,296
realme,Narzo 50i ,Mint Green,2 GB,32 GB,Yes,4.4,7499,7999,realme Narzo 50i ,500,6.250781347668459,Android,420,4.6,5428,17
Nokia,C20 Plus ,Blue,2 GB,32 GB,Yes,4.4,8999,10499,Nokia C20 Plus ,1500,14.287074959519956,Android,488,7.0,2768,234
realme,C2 ,Diamond Black,2 GB,16 GB,Yes,4.4,6499,6999,realme C2 ,500,7.1438776968138304,Android,319,6.6,5311,81
ASUS,Zenfone Go 5.0 LTE 2nd Gen ,Black,2 GB,16 GB,Yes,3.6,4999,4999,ASUS Zenfone Go 5.0 LTE 2nd Gen ,0,0.0,Android,155,6.6,5364,2
LG,W30 Pro ,Midnight Purple,4 GB,64 GB,Yes,3.8,13998,13998,LG W30 Pro ,0,0.0,Android,167,6.0,5322,15
OPPO,F19s,Glowing Gold,6 GB,128 GB,Yes,,19990,22990,OPPO F19s,3000,13.049151805132666,Android,824,6.2,4510,749
LG,K8 ,Black & Blue,2 GB,16 GB,Yes,3.8,5699,5699,LG K8 ,0,0.0,Android,306,6.2,2558,113
vivo,Y20A 2021 ,Dawn White,3 GB,64 GB,Yes,4.4,29990,32990,vivo Y20A 2021 ,3000,9.093664746892998,Android,75,4.8,3321,29
Apple,iPhone 12 Pro Max ,Silver,,512 GB,Yes,4.6,149900,149900,Apple iPhone 12 Pro Max ,0,0.0,IOS,794,5.5,2545,583
Apple,iPhone 11 Pro ,Space Grey,4GB,256 GB,Yes,4.6,99900,121300,Apple iPhone 11 Pro ,21400,17.642209398186314,IOS,848,5.4,4475,336
OPPO,A53,Moonlight Black,6 GB,128 GB,Yes,4.3,13990,17990,OPPO A53,4000,22.23457476375764,Android,309,6.9,5645,180
realme,X2 ,Pearl White,4 GB,,Yes,4.5,17999,17999,realme X2 ,0,0.0,Android,331,6.7,2155,27
Motorola,G6 Play,Indigo Black,3 GB,32 GB,Yes,4.1,12999,12999,Motorola G6 Play,0,0.0,Android,94,6.8,3405,80
LG,Q6 ,Black,3 GB,32 GB,Yes,4.0,16990,16990,LG Q6 ,0,0.0,Android,545,5.7,4058,459
Xiaomi,Redmi Note 9 Pro ,Aurora Blue,4 GB,64 GB,Yes,4.3,15990,16999,Xiaomi Redmi Note 9 Pro ,1009,5.935643273133714,Android,902,5.0,4205,351
realme,9 Pro 5G,Sunrise Blue ,6 GB,128 GB,Yes,4.4,17999,21999,realme 9 Pro 5G,4000,18.182644665666626,Android,220,4.8,2353,36
Nokia,125 DS,Black,4 MB,4 MB,Yes,3.8,2249,2249,Nokia 125 DS,0,0.0,Android,208,6.1,4468,171
Google Pixel,3,Clearly White,4 GB,128 GB,Yes,4.5,80000,80000,Google Pixel 3,0,0.0,Android,158,5.6,5920,16
LG,Q7+ ,Lavender Violet,4 GB,64 GB,Yes,3.2,21001,21001,LG Q7+ ,0,0.0,Android,456,4.7,3025,210
SAMSUNG,Galaxy A30s ,Prism Crush Violet,4 GB,64 GB,Yes,4.3,18900,18900,SAMSUNG Galaxy A30s ,0,0.0,Android,134,6.0,2949,90
Apple,iPhone X ,Space Gray,3 GB,256 GB,Yes,4.6,106900,106900,Apple iPhone X ,0,0.0,IOS,92,6.8,3456,51
Google Pixel,2,Just Black,4 GB,64 GB,Yes,4.6,61000,61000,Google Pixel 2,0,0.0,Android,281,5.2,5844,273
realme,Narzo 20 ,Victory Blue,4 GB,64 GB,Yes,4.3,10499,12999,realme Narzo 20 ,2500,19.232248634510345,Android,983,6.6,3383,137
POCO,M4 Pro,Power Black,8 GB,128 GB,Yes,4.4,17999,21999,POCO M4 Pro,4000,18.182644665666626,Android,632,5.4,3905,88
HTC,U11+ ,Amazing Silver,6 GB,128 GB,Yes,4.7,56990,56990,HTC U11+ ,0,0.0,Android,850,4.8,5560,113
Infinix,Hot 10 Play,Aegean Blue,4 GB,64 GB,Yes,4.3,9299,10999,Infinix Hot 10 Play,1700,15.455950540958268,Android,401,5.7,2750,333
ASUS,ZenFone Max Pro M2 ,Blue,6 GB,64 GB,Yes,4.3,19999,19999,ASUS ZenFone Max Pro M2 ,0,0.0,Android,163,6.6,3527,76
vivo,X70 Pro ,Aurora Dawn,8 GB,128 GB,Yes,4.5,46990,51990,vivo X70 Pro ,5000,9.617234083477593,Android,574,6.6,4692,257
SAMSUNG,Galaxy J2 Pro ,Black,2 GB,16 GB,Yes,4.2,8200,8200,SAMSUNG Galaxy J2 Pro ,0,0.0,Android,232,5.4,3056,192
SAMSUNG,Galaxy A10s ,Green,3 GB,32 GB,Yes,4.3,11000,11000,SAMSUNG Galaxy A10s ,0,0.0,Android,197,5.5,4177,128
SAMSUNG,Galaxy S9 ,Midnight Black,4 GB,64 GB,Yes,4.4,62500,62500,SAMSUNG Galaxy S9 ,0,0.0,Android,457,5.8,5357,145
Xiaomi,Redmi Y2 ,Dark Grey,4 GB,64 GB,Yes,4.3,10888,10888,Xiaomi Redmi Y2 ,0,0.0,Android,852,4.6,2760,435
Infinix,Note 11S,Mithril Grey,6 GB,64 GB,Yes,4.3,13999,16999,Infinix Note 11S,3000,17.648096946879228,Android,804,5.9,4776,634
realme,9 5G,Stargaze White,4 GB,64 GB,Yes,4.5,14999,18999,realme 9 5G,4000,21.05373967050897,Android,313,5.7,2614,173
Apple,iPhone 13 ,Red,4GB,256 GB,Yes,,89900,89900,Apple iPhone 13 ,0,0.0,IOS,789,5.6,4022,630
Infinix,Zero 5,Champagne Gold,6 GB,64 GB,Yes,4.3,17999,17999,Infinix Zero 5,0,0.0,Android,505,5.9,3205,180
IQOO,3,Tornado Black,8 GB,128 GB,Yes,4.4,34990,37990,IQOO 3,3000,7.896814951302974,Android,948,4.8,4263,816
ASUS,Zenfone Go 2nd Gen,White,1 GB,8 GB,Yes,3.7,5299,5299,ASUS Zenfone Go 2nd Gen,0,0.0,Android,533,4.7,3313,416
realme,8,Cyber Black,4 GB,128 GB,Yes,4.3,15999,16999,realme 8,1000,5.882698982293076,Android,372,5.2,4925,205
Apple,iPhone 12 Mini ,Black,4GB,256 GB,Yes,4.5,71999,74900,Apple iPhone 12 Mini ,2901,3.8731642189586113,IOS,418,6.5,4909,375
realme,X2 ,Pearl White,8 GB,128 GB,Yes,4.5,20999,20999,realme X2 ,0,0.0,Android,378,6.6,4371,149
LG,G7 ThinQ ,Platinum,4 GB,64 GB,Yes,4.4,50000,50000,LG G7 ThinQ ,0,0.0,Android,452,5.7,3135,203
SAMSUNG,Galaxy A9 ,Lemonade Blue,8 GB,128 GB,Yes,4.3,39000,39000,SAMSUNG Galaxy A9 ,0,0.0,Android,860,5.3,3838,839
GIONEE,Elife E7 Mini ,White,1 GB,16 GB,Yes,3.8,9999,9999,GIONEE Elife E7 Mini ,0,0.0,Android,263,5.9,2026,46
Apple,iPhone 11 ,Yellow,4GB,64 GB,Yes,4.6,49900,49900,Apple iPhone 11 ,0,0.0,IOS,100,4.8,3606,76
Apple,iPhone 13 Pro ,Graphite,6 GB,512 GB,Yes,,149900,149900,Apple iPhone 13 Pro ,0,0.0,IOS,221,6.3,4598,88
POCO,C31,Shadow Grey,4 GB,64 GB,Yes,4.4,8999,11999,POCO C31,3000,25.00208350695891,Android,400,6.0,5423,79
OPPO,A53s 5G,Crystal Blue,8 GB,128 GB,Yes,4.3,17990,18990,OPPO A53s 5G,1000,5.26592943654555,Android,536,5.2,5503,360
Lenovo,A5000 ,Black,1 GB,8 GB,Yes,4.0,6499,6499,Lenovo A5000 ,0,0.0,Android,316,5.3,4952,11
realme,5s ,Crystal Blue,4 GB,128 GB,Yes,4.5,11999,12999,realme 5s ,1000,7.692899453804139,Android,405,6.0,5967,46
Apple,iPhone 6 ,Silver,1 GB,128 GB,Yes,4.4,71500,71500,Apple iPhone 6 ,0,0.0,IOS,9,6.9,3625,2
POCO,F1,Rosso Red,8 GB,256 GB,Yes,4.5,30999,30999,POCO F1,0,0.0,Android,625,5.3,3040,366
Nokia,225 4G DS 2020,Black,64 MB,128 MB,Yes,3.7,3899,4399,Nokia 225 4G DS 2020,500,11.366219595362583,Android,861,5.0,4579,662
SAMSUNG,Galaxy M21 ,Raven Black,6 GB,128 GB,Yes,4.2,15499,15499,SAMSUNG Galaxy M21 ,0,0.0,Android,254,4.7,5782,12
SAMSUNG,Galaxy M21 2021 Edition ,Arctic Blue,4 GB,64 GB,Yes,,13899,13990,SAMSUNG Galaxy M21 2021 Edition ,91,0.6504646175839885,Android,747,5.3,2641,628
Xiaomi,Redmi Note 9 Pro ,Interstellar Black,4 GB,128 GB,Yes,,17990,17990,Xiaomi Redmi Note 9 Pro ,0,0.0,Android,462,4.5,5614,124
SAMSUNG,Galaxy A12 ,Black,6 GB,128 GB,Yes,3.9,16499,17999,SAMSUNG Galaxy A12 ,1500,8.333796322017891,Android,721,6.3,3529,558
Xiaomi,Mi A2 ,Red,6 GB,128 GB,Yes,4.4,14443,14443,Xiaomi Mi A2 ,0,0.0,Android,960,4.8,4121,148
LG,K10 2017 ,Black,2 GB,16 GB,Yes,4.1,9000,9000,LG K10 2017 ,0,0.0,Android,676,6.3,2258,104
Nokia,3.2,Black,3 GB,32 GB,Yes,4.1,10499,10999,Nokia 3.2,500,4.545867806164196,Android,463,6.2,5918,231
OPPO,A9,Marble Green,4 GB,128 GB,Yes,4.4,12990,16990,OPPO A9,4000,23.543260741612716,Android,906,5.5,3191,730
Nokia,5.1 Plus ,Black,3 GB,32 GB,Yes,4.3,13199,13199,Nokia 5.1 Plus ,0,0.0,Android,630,5.0,2523,36
POCO,F3 GT,Predator Black,8 GB,128 GB,Yes,4.3,28999,34999,POCO F3 GT,6000,17.14334695277008,Android,842,6.1,5927,591
Apple,iPhone SE ,White,2 GB,256 GB,Yes,4.5,54900,54900,Apple iPhone SE ,0,0.0,IOS,408,6.9,5290,234
SAMSUNG,Galaxy A5-2017 ,Gold Sand,3 GB,32 GB,Yes,4.1,22900,22900,SAMSUNG Galaxy A5-2017 ,0,0.0,Android,181,6.1,3866,24
realme,X7 Max,Mercury Silver,8 GB,128 GB,Yes,4.4,26999,29999,realme X7 Max,3000,10.000333344444815,Android,257,5.9,2831,96
Apple,iPhone SE ,Black,2 GB,64 GB,Yes,4.5,32999,39900,Apple iPhone SE ,6901,17.29573934837093,IOS,704,6.7,2312,262
OPPO,Rohit Sharma Limited Edition,Black,4 GB,64 GB,Yes,4.4,22990,22990,OPPO Rohit Sharma Limited Edition,0,0.0,Android,176,5.9,5686,39
realme,X3 SuperZoom ,Glacier Blue,8 GB,256 GB,Yes,4.3,29999,31999,realme X3 SuperZoom ,2000,6.250195318603706,Android,446,6.6,5321,85
Infinix,Hot S3,Sandstone Black,3 GB,32 GB,Yes,4.2,9999,9999,Infinix Hot S3,0,0.0,Android,65,5.9,2327,33
Apple,iPhone SE ,White,2 GB,256 GB,Yes,4.5,54900,54900,Apple iPhone SE ,0,0.0,IOS,350,6.6,3177,190
Apple,iPhone 12 Mini ,Purple,4GB,256 GB,Yes,4.5,71999,74900,Apple iPhone 12 Mini ,2901,3.8731642189586113,IOS,228,5.6,4992,147
vivo,Y1S ,Olive Black,8 GB,128 GB,Yes,4.3,13890,13990,vivo Y1S ,100,0.7147962830593281,Android,666,6.3,2608,484
Lenovo,A1000 ,White,1 GB,8 GB,Yes,3.8,3549,3549,Lenovo A1000 ,0,0.0,Android,386,5.2,5106,129
realme,X50 Pro ,Rust Red,8 GB,128 GB,Yes,4.3,41999,41999,realme X50 Pro ,0,0.0,Android,421,6.2,2231,129
SAMSUNG,Galaxy M02 ,Black,2 GB,32 GB,Yes,4.0,8229,8229,SAMSUNG Galaxy M02 ,0,0.0,Android,429,5.7,3110,361
Apple,iPhone 6s Plus ,Silver,2 GB,128 GB,Yes,4.4,70000,70000,Apple iPhone 6s Plus ,0,0.0,IOS,2,6.6,2585,1
ASUS,ZenFone Max M2 ,Black,3 GB,32 GB,Yes,4.3,12999,12999,ASUS ZenFone Max M2 ,0,0.0,Android,382,6.4,5080,24
Nokia,5,Matte Black,3 GB,16 GB,Yes,4.1,12499,12499,Nokia 5,0,0.0,Android,148,4.8,3447,101
Nokia,C20 Plus ,Grey,3 GB,32 GB,Yes,3.8,9999,11099,Nokia C20 Plus ,1100,9.910802775024775,Android,610,4.9,2299,218
LG,L 80 Dual ,White,1 GB,4 GB,Yes,3.7,14162,14162,LG L 80 Dual ,0,0.0,Android,721,5.7,2181,456
SAMSUNG,On5 Pro ,Gold,2 GB,16 GB,Yes,4.2,6480,7990,SAMSUNG On5 Pro ,1510,18.89862327909887,Android,71,5.7,5703,42
Lenovo,K8 Plus ,Fine Gold,4 GB,32 GB,Yes,4.1,11999,11999,Lenovo K8 Plus ,0,0.0,Android,873,5.1,2336,452
realme,Narzo 50A ,Oxygen Green,4 GB,128 GB,Yes,4.4,12499,13999,realme Narzo 50A ,1500,10.715051075076792,Android,720,6.3,2279,289
SAMSUNG,Galaxy Note 5 ,Black Sapphire,4 GB,32 GB,Yes,3.9,30495,30495,SAMSUNG Galaxy Note 5 ,0,0.0,Android,630,5.9,4136,73
realme,1,Diamond Red,4 GB,64 GB,Yes,4.4,9490,9490,realme 1,0,0.0,Android,571,5.6,5977,327
GIONEE,A1 Plus ,Black,4 GB,64 GB,Yes,4.1,16499,16499,GIONEE A1 Plus ,0,0.0,Android,292,6.1,3433,20
SAMSUNG,Galaxy S21 ,Phantom Violet,8 GB,128 GB,Yes,4.3,69999,83999,SAMSUNG Galaxy S21 ,14000,16.666865081727163,Android,630,6.2,4996,99
realme,7,Mist White,6 GB,64 GB,Yes,4.3,14999,17999,realme 7,3000,16.667592644035782,Android,504,6.7,3209,201
Motorola,E7 Power ,Coral Red,4 GB,64 GB,Yes,4.1,8799,11999,Motorola E7 Power ,3200,26.668889074089503,Android,403,4.7,3531,402
OPPO,A83,Champagne,3 GB,32 GB,Yes,4.4,14995,14995,OPPO A83,0,0.0,Android,654,5.0,2443,424
vivo,Y21A,Midnight Blue,4 GB,64 GB,Yes,4.1,14449,14449,vivo Y21A,0,0.0,Android,782,5.1,4472,494
realme,X3 SuperZoom ,Glacier Blue,12 GB,256 GB,Yes,4.2,32999,34999,realme X3 SuperZoom ,2000,5.714448984256693,Android,417,6.4,4150,98
LG,K10 2017 ,Gold & Black,2 GB,16 GB,Yes,4.1,9990,9990,LG K10 2017 ,0,0.0,Android,967,5.7,3136,225
ASUS,6Z ,Black,6 GB,64 GB,Yes,4.3,35999,35999,ASUS 6Z ,0,0.0,Android,211,5.3,5568,87
Motorola,G4 Plus,Black,2 GB,16 GB,Yes,4.0,6999,13499,Motorola G4 Plus,6500,48.15171494184754,Android,936,5.8,5449,317
Nokia,8.1,Iron,6 GB,128 GB,Yes,4.3,21999,31999,Nokia 8.1,10000,31.25097659301853,Android,995,6.2,5641,371
SAMSUNG,Galaxy J1 ,Blue,512 MB,4 GB,Yes,4.0,7454,7454,SAMSUNG Galaxy J1 ,0,0.0,Android,945,5.5,2103,706
vivo,X50  ,Frost Blue,8 GB,128 GB,Yes,4.3,39990,39990,vivo X50  ,0,0.0,Android,945,5.1,4029,885
realme,Narzo 10 ,That Blue,4 GB,128 GB,Yes,4.5,11999,12999,realme Narzo 10 ,1000,7.692899453804139,Android,241,6.3,3141,224
Nokia,3.1 Plus ,White,3 GB,32 GB,Yes,4.2,7399,7399,Nokia 3.1 Plus ,0,0.0,Android,270,4.8,5341,80
SAMSUNG,Galaxy M21 ,Iceberg Blue,6 GB,128 GB,Yes,4.2,15990,15990,SAMSUNG Galaxy M21 ,0,0.0,Android,928,4.7,2843,206
SAMSUNG,Galaxy S7 Edge ,Black Onyx,4 GB,32 GB,Yes,4.4,41900,41900,SAMSUNG Galaxy S7 Edge ,0,0.0,Android,301,5.5,2046,241
Infinix,Zero 5,Sandstone Black,6 GB,64 GB,Yes,4.3,17999,17999,Infinix Zero 5,0,0.0,Android,3,7.0,3182,1
SAMSUNG,Galaxy M31s ,Mirage Blue,6 GB,128 GB,Yes,4.3,19178,19900,SAMSUNG Galaxy M31s ,722,3.628140703517588,Android,374,6.4,5226,150
Infinix,Hot 10 Play,Morandi Green,3 GB,32 GB,Yes,4.3,8299,9999,Infinix Hot 10 Play,1700,17.001700170017,Android,235,6.8,5574,10
SAMSUNG,Guru FM Plus,Black,,2 MB,Yes,4.2,1445,1445,SAMSUNG Guru FM Plus,0,0.0,Android,752,5.7,2204,520
Infinix,Hot 9 Pro,Quetzal Cyan,4 GB,64 GB,Yes,4.4,12999,12999,Infinix Hot 9 Pro,0,0.0,Android,984,5.2,2406,368
Xiaomi,Redmi Note 8 ,Space Black,4 GB,64 GB,Yes,2.3,11999,11999,Xiaomi Redmi Note 8 ,0,0.0,Android,744,6.3,3463,633
Nokia,6310,Black,8 MB,16 MB,Yes,,4189,4189,Nokia 6310,0,0.0,Android,813,5.1,2111,245
ASUS,6Z ,Black,6 GB,128 GB,Yes,4.3,38999,38999,ASUS 6Z ,0,0.0,Android,999,5.8,3787,38
SAMSUNG,S20 FE 5G ,Cloud Navy,8 GB,128 GB,Yes,,49990,56990,SAMSUNG S20 FE 5G ,7000,12.282856641516055,Android,954,6.6,4502,312
Apple,iPhone 13 Pro Max ,Sierra Blue,6 GB,128 GB,Yes,,129900,129900,Apple iPhone 13 Pro Max ,0,0.0,IOS,754,5.2,4959,644
SAMSUNG,Galaxy S6 ,White Pearl,3 GB,64 GB,Yes,4.0,55900,55900,SAMSUNG Galaxy S6 ,0,0.0,Android,841,7.0,2435,480
realme,9 Pro+ 5G,Aurora Green,8 GB,128 GB,Yes,4.4,26999,29999,realme 9 Pro+ 5G,3000,10.000333344444815,Android,407,4.8,4811,49
vivo,Y73 ,Roman Black,,128 GB,Yes,,29990,32990,vivo Y73 ,3000,9.093664746892998,Android,23,4.9,2321,1
SAMSUNG,Galaxy A22 5G ,Mint,8 GB,128 GB,Yes,4.2,23596,23696,SAMSUNG Galaxy A22 5G ,100,0.4220121539500338,Android,975,5.7,5305,316
vivo,Y94,Nebula Purple,4 GB,32 GB,Yes,4.4,15990,15990,vivo Y94,0,0.0,Android,344,5.2,2542,57
Nokia,3.1 Plus ,Blue,3 GB,32 GB,Yes,4.2,8299,8299,Nokia 3.1 Plus ,0,0.0,Android,671,6.5,5451,267
realme,Narzo 30A ,Laser Blue,4 GB,64 GB,Yes,4.3,10499,10999,realme Narzo 30A ,500,4.545867806164196,Android,353,5.3,5012,116
LG,K10 K420DS ,Black Gold,2 GB,16 GB,Yes,4.0,6980,6980,LG K10 K420DS ,0,0.0,Android,41,4.9,3947,36
OPPO,Find X,Glacier Blue,8 GB,256 GB,Yes,4.6,60990,60990,OPPO Find X,0,0.0,Android,855,4.6,4549,149
SAMSUNG,Guru Plus B110,Black,512 MB,512 MB,Yes,4.2,1700,1700,SAMSUNG Guru Plus B110,0,0.0,Android,250,5.6,2737,83
Apple,iPhone 11 Pro ,Gold,4GB,512 GB,Yes,4.6,140300,140300,Apple iPhone 11 Pro ,0,0.0,IOS,739,5.5,2057,631
realme,GT Master Edition ,Luna White ,8 GB,128 GB,Yes,4.3,27999,29999,realme GT Master Edition ,2000,6.666888896296544,Android,13,5.7,4723,13
Infinix,Hot 10S,Heart of Ocean,4 GB,64 GB,Yes,4.3,9999,12999,Infinix Hot 10S,3000,23.078698361412417,Android,857,4.9,5170,113
SAMSUNG,M01 core ,Black,2 GB,32 GB,Yes,3.9,5999,5999,SAMSUNG M01 core ,0,0.0,Android,743,5.2,5014,265
vivo,S1,Skyline Blue,6 GB,64 GB,Yes,4.4,20990,20990,vivo S1,0,0.0,Android,917,6.4,4082,274
SAMSUNG,Galaxy M10 ,Ocean Blue,3 GB,32 GB,Yes,4.3,8690,9290,SAMSUNG Galaxy M10 ,600,6.458557588805166,Android,426,4.9,2775,62
Xiaomi,REDMI Note 9 ,Arctic White,4 GB,64 GB,Yes,4.3,11999,14999,Xiaomi REDMI Note 9 ,3000,20.00133342222815,Android,503,5.7,3177,268
GIONEE,X-1 ,Black,2 GB,16 GB,Yes,4.0,4650,4650,GIONEE X-1 ,0,0.0,Android,298,5.4,5121,221
Nokia,5,Copper,2 GB,16 GB,Yes,4.0,6999,14190,Nokia 5,7191,50.676532769556026,Android,838,5.4,5627,237
SAMSUNG,Z2 ,Gold,1 GB,8 GB,Yes,3.6,4790,4790,SAMSUNG Z2 ,0,0.0,Android,419,6.6,2036,349
Google Pixel,Quite Black,Black,4 GB,128 GB,Yes,4.4,66000,66000,Google Pixel Quite Black,0,0.0,Android,977,5.3,5158,380
Motorola,One Fusion+ ,Twilight Blue,6 GB,128 GB,Yes,4.4,17499,19999,Motorola One Fusion+ ,2500,12.500625031251564,Android,643,5.7,4404,425
GIONEE,A1 ,Black,4 GB,64 GB,Yes,4.0,7899,7899,GIONEE A1 ,0,0.0,Android,217,6.3,2236,165
OPPO,F3,Rose Gold,4 GB,64 GB,Yes,4.3,18000,18000,OPPO F3,0,0.0,Android,57,4.6,4735,31
SAMSUNG,M02s ,Black,3 GB,32 GB,Yes,4.2,9639,9639,SAMSUNG M02s ,0,0.0,Android,169,6.0,5892,55
Lenovo,A536 ,White,1 GB,8 GB,Yes,3.8,9999,9999,Lenovo A536 ,0,0.0,Android,848,5.8,4548,171
OPPO,F5,Gold,4 GB,32 GB,Yes,4.4,19990,19990,OPPO F5,0,0.0,Android,427,5.1,5486,109
OPPO,Reno2 Z,Sky White,8 GB,256 GB,Yes,4.5,29489,32990,OPPO Reno2 Z,3501,10.612306759624127,Android,72,6.5,4725,55
Motorola,G 3rd Generation ,Black,1 GB,8 GB,Yes,4.2,9999,9999,Motorola G 3rd Generation ,0,0.0,Android,85,5.6,5419,16
SAMSUNG,Galaxy M01 ,Blue,3 GB,32 GB,Yes,4.2,9990,9990,SAMSUNG Galaxy M01 ,0,0.0,Android,491,5.1,4074,479
SAMSUNG,Galaxy S21 SE 5G,Lavender  ,8 GB,128 GB,Yes,4.3,59990,59990,SAMSUNG Galaxy S21 SE 5G,0,0.0,Android,429,4.6,3873,343
Lenovo,S90 Or Sisley S90 ,Grey,2 GB,32 GB,Yes,3.6,12999,12999,Lenovo S90 Or Sisley S90 ,0,0.0,Android,120,5.4,4248,5
SAMSUNG,Galaxy S9 ,Midnight Black,4 GB,256 GB,Yes,4.4,65900,65900,SAMSUNG Galaxy S9 ,0,0.0,Android,472,6.9,3495,395
SAMSUNG,Galaxy M30S ,Pearl white,4 GB,128 GB,Yes,4.3,16999,16999,SAMSUNG Galaxy M30S ,0,0.0,Android,651,4.8,2502,585
Xiaomi,Redmi 7 ,Comet Blue,2 GB,32 GB,Yes,4.5,9490,9490,Xiaomi Redmi 7 ,0,0.0,Android,187,5.9,2193,74
SAMSUNG,Grand Prime 4G ,White,1 GB,8 GB,Yes,4.0,7999,7999,SAMSUNG Grand Prime 4G ,0,0.0,Android,673,6.3,3225,41
Motorola,E5 Plus,Black,3 GB,32 GB,Yes,4.2,11999,11999,Motorola E5 Plus,0,0.0,Android,516,6.5,2288,423
Infinix,Smart 2,Sandstone Black,3 GB,32 GB,Yes,4.1,7946,7999,Infinix Smart 2,53,0.6625828228528566,Android,730,4.7,2725,105
Infinix,Smart HD 2021,Topaz Blue,2 GB,32 GB,Yes,4.3,7990,7990,Infinix Smart HD 2021,0,0.0,Android,126,5.3,4843,28
SAMSUNG,Galaxy A5-2017 ,Black Sky,3 GB,32 GB,Yes,4.1,22900,22900,SAMSUNG Galaxy A5-2017 ,0,0.0,Android,721,5.6,2227,518
LG,Q Stylus+ ,Black,4 GB,64 GB,Yes,4.0,24000,24000,LG Q Stylus+ ,0,0.0,Android,517,6.5,3024,86
realme,U1 ,Ambitious Black,3 GB,32 GB,Yes,4.4,8285,8285,realme U1 ,0,0.0,Android,239,5.1,4425,2
OPPO,Reno5 Pro 5G,Starry Black,8 GB,128 GB,Yes,4.4,35990,38990,OPPO Reno5 Pro 5G,3000,7.694280584765324,Android,268,5.2,2874,265
SAMSUNG,Galaxy A72 ,Awesome Black,8 GB,128 GB,Yes,4.3,34999,41999,SAMSUNG Galaxy A72 ,7000,16.66706350151194,Android,568,6.3,2309,164
POCO,F1,Armoured Edition,8 GB,256 GB,Yes,4.5,30999,30999,POCO F1,0,0.0,Android,15,4.9,5561,7
HTC,Desire 826 DS,White Birch,2 GB,16 GB,Yes,3.7,18249,18249,HTC Desire 826 DS,0,0.0,Android,978,6.2,2569,391
Infinix,Zero 5,Bordeaux Red ,6 GB,64 GB,Yes,4.3,17999,17999,Infinix Zero 5,0,0.0,Android,404,5.5,5897,89
ASUS,Zenfone Selfie ,Aqua Blue,3 GB,32 GB,Yes,4.0,11999,11999,ASUS Zenfone Selfie ,0,0.0,Android,483,5.8,2009,162
Motorola,G60 ,Dynamic Gray,6 GB,128 GB,Yes,4.2,17999,21999,Motorola G60 ,4000,18.182644665666626,Android,724,4.8,3067,257
SAMSUNG,Galaxy Z Flip3 5G ,Cream,8 GB,128 GB,Yes,4.3,84999,95999,SAMSUNG Galaxy Z Flip3 5G ,11000,11.458452692215545,Android,4,5.5,3809,3
HTC,10,Carbon Grey,4 GB,32 GB,Yes,4.2,47990,47990,HTC 10,0,0.0,Android,933,4.9,4982,28
SAMSUNG,Galaxy A12 ,Blue,6 GB,128 GB,Yes,3.9,14999,14999,SAMSUNG Galaxy A12 ,0,0.0,Android,571,4.5,2336,247
realme,9 Pro+ 5G,Aurora Green,6 GB,128 GB,Yes,4.4,24999,27999,realme 9 Pro+ 5G,3000,10.714668381013608,Android,56,6.5,2660,35
SAMSUNG,Galaxy F41 ,Fusion Black,6 GB,128 GB,Yes,4.3,14499,20999,SAMSUNG Galaxy F41 ,6500,30.9538549454736,Android,948,6.8,3559,377
SAMSUNG,M31s ,Mirage Blue,8 GB,128 GB,Yes,4.3,20949,20949,SAMSUNG M31s ,0,0.0,Android,88,5.8,5052,42
Apple,iPhone 11 ,White,4GB,128 GB,Yes,4.6,54900,54900,Apple iPhone 11 ,0,0.0,IOS,98,5.7,2385,69
Xiaomi,Redmi 8A Dual ,Sky White,3 GB,64 GB,Yes,4.2,8561,8561,Xiaomi Redmi 8A Dual ,0,0.0,Android,786,5.5,5931,250
Infinix,S5 Lite,Violet,4 GB,64 GB,Yes,4.3,9999,9999,Infinix S5 Lite,0,0.0,Android,300,5.1,4063,77
Infinix,Hot 7 Pro,Midnight Black,6 GB,64 GB,Yes,4.2,10999,10999,Infinix Hot 7 Pro,0,0.0,Android,996,5.8,4579,411
Infinix,Hot S3X,Milan Black,3 GB,32 GB,Yes,4.2,10999,10999,Infinix Hot S3X,0,0.0,Android,130,5.2,4043,16
Motorola,G40 Fusion ,Dynamic Gray,4 GB,64 GB,Yes,4.3,14499,16999,Motorola G40 Fusion ,2500,14.70674745573269,Android,348,6.0,3418,40
realme,9 5G,Meteor Black,6 GB,128 GB,Yes,4.8,17499,20999,realme 9 5G,3500,16.667460355255013,Android,800,6.0,3189,548
ASUS,Zenfone Go ,Silver,1 GB,8 GB,Yes,3.8,5699,5699,ASUS Zenfone Go ,0,0.0,Android,304,4.9,2384,203
realme,3,Diamond Red,4 GB,64 GB,Yes,4.4,9499,12999,realme 3,3500,26.925148088314486,Android,319,6.3,2696,14
SAMSUNG,Galaxy S8 Plus ,Midnight Black,6 GB,128 GB,Yes,4.6,48669,48669,SAMSUNG Galaxy S8 Plus ,0,0.0,Android,836,6.8,2469,509
Lenovo,A6000 Plus ,White,2 GB,16 GB,Yes,4.1,7499,7499,Lenovo A6000 Plus ,0,0.0,Android,266,6.1,3456,251
vivo,Z1 Pro,Sonic Blue,6 GB,64 GB,Yes,4.5,17990,17990,vivo Z1 Pro,0,0.0,Android,569,5.3,2551,558
OPPO,F3 Deepika Padukone Limited Edition,Rose Gold,4 GB,64 GB,Yes,4.3,17000,17000,OPPO F3 Deepika Padukone Limited Edition,0,0.0,Android,551,5.0,5347,173
Apple,iPhone 11 ,Green,4GB,256 GB,Yes,4.6,64900,64900,Apple iPhone 11 ,0,0.0,IOS,245,5.0,2891,57
vivo,X60 ,Shimmer Blue,3 GB,64 GB,Yes,4.4,8205,8205,vivo X60 ,0,0.0,Android,139,5.5,5993,46
realme,X3 ,Glacier Blue,6 GB,128 GB,Yes,4.4,24999,26999,realme X3 ,2000,7.407681765991334,Android,120,5.8,2352,67
GIONEE,P5L ,White,1 GB,16 GB,Yes,3.7,5199,5199,GIONEE P5L ,0,0.0,Android,821,6.0,2986,793
Infinix,Smart 5A,Midnight Black,2 GB,32 GB,Yes,4.4,7199,7999,Infinix Smart 5A,800,10.001250156269531,Android,671,4.6,2381,105
SAMSUNG,Galaxy J1 ,White,1 GB,8 GB,Yes,4.0,7550,7550,SAMSUNG Galaxy J1 ,0,0.0,Android,836,5.0,2283,468
Xiaomi,Redmi Note 6 Pro ,Rose Gold,4 GB,64 GB,Yes,4.4,12449,15990,Xiaomi Redmi Note 6 Pro ,3541,22.145090681676045,Android,233,5.4,4851,194
SAMSUNG,Galaxy F62 ,Laser Grey,6 GB,128 GB,Yes,4.2,23999,29999,SAMSUNG Galaxy F62 ,6000,20.00066668888963,Android,894,6.1,3669,849
SAMSUNG,Galaxy Grand Quattro ,Ceramic White,1 GB,8 GB,Yes,4.0,6999,6999,SAMSUNG Galaxy Grand Quattro ,0,0.0,Android,404,4.6,5039,194
Lenovo,A2010 ,White,1 GB,8 GB,Yes,3.9,4990,4990,Lenovo A2010 ,0,0.0,Android,661,5.3,3392,525
realme,9 5G,Meteor Black,4 GB,64 GB,Yes,4.5,14999,18999,realme 9 5G,4000,21.05373967050897,Android,19,4.6,4340,3
OPPO,A5,Diamond Red,4 GB,64 GB,Yes,4.4,15990,15990,OPPO A5,0,0.0,Android,901,6.5,4647,536
SAMSUNG,Galaxy S Duos 3 ,Charcoal Grey,512 MB,4 GB,Yes,4.0,6499,6499,SAMSUNG Galaxy S Duos 3 ,0,0.0,Android,221,5.4,3454,3
SAMSUNG,Galaxy A7 ,Midnight Black,2 GB,16 GB,Yes,4.1,19990,19990,SAMSUNG Galaxy A7 ,0,0.0,Android,589,6.1,2653,104
Xiaomi,Redmi Note 11T 5G,Matte Black,6 GB,64 GB,Yes,4.3,18979,18999,Xiaomi Redmi Note 11T 5G,20,0.1052686983525448,Android,318,5.6,4178,233
Apple,iPhone 13 ,Pink,4GB,512 GB,Yes,,109900,109900,Apple iPhone 13 ,0,0.0,IOS,459,6.8,3086,85
realme,7i ,Fusion Blue,4 GB,128 GB,Yes,4.3,14999,14999,realme 7i ,0,0.0,Android,953,5.1,2904,286
GIONEE,M5 Lite 4G ,Blue,3 GB,32 GB,Yes,4.1,7290,7290,GIONEE M5 Lite 4G ,0,0.0,Android,349,6.5,3627,315
SAMSUNG,Galaxy A30 ,Black,4 GB,64 GB,Yes,4.4,17500,17500,SAMSUNG Galaxy A30 ,0,0.0,Android,976,4.6,4369,387
Apple,iPhone 7 Plus ,Silver,3 GB,256 GB,Yes,4.5,85400,85400,Apple iPhone 7 Plus ,0,0.0,IOS,892,5.2,2336,463
SAMSUNG,Galaxy Note 9 ,Metallic Copper,6 GB,128 GB,Yes,4.6,73600,73600,SAMSUNG Galaxy Note 9 ,0,0.0,Android,346,5.7,5438,167
Motorola,G4,White,2 GB,16 GB,Yes,3.9,6999,6999,Motorola G4,0,0.0,Android,754,5.1,5370,502
Lenovo,Vibe K5 Plus ,Gold,3 GB,16 GB,Yes,4.0,7999,7999,Lenovo Vibe K5 Plus ,0,0.0,Android,704,5.2,3195,63
SAMSUNG,Galaxy A22 5G ,Violet,6 GB,128 GB,Yes,4.3,20696,21995,SAMSUNG Galaxy A22 5G ,1299,5.905887701750398,Android,158,6.1,4931,17
vivo,Y51A ,Crystal Symphony,4 GB,32 GB,Yes,4.4,19490,22990,vivo Y51A ,3500,15.224010439321445,Android,785,6.6,5462,711
Xiaomi,Redmi 9 ,Sporty Orange,4 GB,64 GB,Yes,4.4,9828,10760,Xiaomi Redmi 9 ,932,8.661710037174721,Android,556,5.1,5947,334
realme,Narzo 10 ,That White,4 GB,128 GB,Yes,4.5,11999,12999,realme Narzo 10 ,1000,7.692899453804139,Android,809,4.9,5170,643
SAMSUNG,Galaxy S7 Edge ,Gold Platinum,4 GB,32 GB,Yes,4.4,41900,41900,SAMSUNG Galaxy S7 Edge ,0,0.0,Android,48,5.2,3762,20
realme,X7 Max,Mercury Silver,12 GB,256 GB,Yes,4.4,29999,32999,realme X7 Max,3000,9.09118458135095,Android,711,5.1,3847,300
Nokia,6310,Black,16 MB,8 MB,Yes,,4199,4199,Nokia 6310,0,0.0,Android,665,4.7,3911,57
Apple,iPhone 6 ,Space Grey,1 GB,16 GB,Yes,4.4,52000,52000,Apple iPhone 6 ,0,0.0,IOS,994,6.9,4622,869
SAMSUNG,Galaxy J4 ,Blue,3 GB,32 GB,Yes,4.2,13023,13023,SAMSUNG Galaxy J4 ,0,0.0,Android,426,6.5,4627,39
GIONEE,Pioneer P6 ,Grey,1 GB,8 GB,Yes,3.7,4150,4150,GIONEE Pioneer P6 ,0,0.0,Android,484,4.8,5705,141
ASUS,ZenFone Max M1 ,Gold,3 GB,32 GB,Yes,4.2,9599,9599,ASUS ZenFone Max M1 ,0,0.0,Android,708,5.8,4776,606
Motorola,G4 Plus,White,3 GB,32 GB,Yes,4.0,6999,6999,Motorola G4 Plus,0,0.0,Android,294,6.3,3538,132
SAMSUNG,Galaxy S7 Edge ,Pink Gold,4 GB,32 GB,Yes,4.4,36900,36900,SAMSUNG Galaxy S7 Edge ,0,0.0,Android,828,5.6,5106,337
Motorola,M,Silver,3 GB,32 GB,Yes,3.9,14999,14999,Motorola M,0,0.0,Android,468,5.4,4411,65
Lenovo,Vibe Shot ,Red,3 GB,32 GB,Yes,3.7,18999,18999,Lenovo Vibe Shot ,0,0.0,Android,896,6.5,4043,78
OPPO,A3s,Red,4 GB,64 GB,Yes,4.3,13990,13990,OPPO A3s,0,0.0,Android,632,5.8,3997,511
realme,6 Pro ,Lightning Blue,8 GB,128 GB,Yes,4.4,19999,19999,realme 6 Pro ,0,0.0,Android,584,6.8,4086,316
Lenovo,A5 ,Black,3 GB,32 GB,Yes,4.1,7999,7999,Lenovo A5 ,0,0.0,Android,764,5.8,4413,257
Apple,iPhone XR ,Yellow,3 GB,64 GB,Yes,4.6,42999,47900,Apple iPhone XR ,4901,10.231732776617951,IOS,223,5.2,3723,125
Motorola,G6,Indigo Black,3 GB,32 GB,Yes,4.2,13999,13999,Motorola G6,0,0.0,Android,738,5.8,3204,139
OPPO,Reno6 5G,Stellar Black,8 GB,128 GB,Yes,4.3,29990,35990,OPPO Reno6 5G,6000,16.67129758266185,Android,775,7.0,3841,527
SAMSUNG,Galaxy M30s ,Blue,6 GB,128 GB,Yes,4.1,15990,15990,SAMSUNG Galaxy M30s ,0,0.0,Android,302,4.8,5996,206
SAMSUNG,Galaxy A7 2016 Edition ,Black,3 GB,16 GB,Yes,4.1,20700,20700,SAMSUNG Galaxy A7 2016 Edition ,0,0.0,Android,467,4.6,2994,119
SAMSUNG,Galaxy A20s ,Black,4 GB,64 GB,Yes,4.3,14900,14900,SAMSUNG Galaxy A20s ,0,0.0,Android,715,6.8,5057,78
SAMSUNG,Galaxy A6+ ,Blue,4 GB,64 GB,Yes,4.4,25600,25600,SAMSUNG Galaxy A6+ ,0,0.0,Android,102,5.6,2116,3
realme,Narzo 50A ,Oxygen Green,4 GB,64 GB,Yes,4.4,11499,12999,realme Narzo 50A ,1500,11.539349180706209,Android,255,5.2,2367,57
Apple,iPhone 13 Pro ,Sierra Blue,6 GB,1 TB,Yes,,169900,169900,Apple iPhone 13 Pro ,0,0.0,IOS,377,6.9,5572,71
Nokia,2.1,Grey / Silver,1 GB,8 GB,Yes,4.0,7739,7739,Nokia 2.1,0,0.0,Android,555,5.8,3235,370
Apple,iPhone 12 Mini ,White,4GB,128 GB,Yes,4.5,61999,64900,Apple iPhone 12 Mini ,2901,4.469953775038521,IOS,122,5.9,3842,83
SAMSUNG,Galaxy J2-2017 ,Absolute black,1 GB,8 GB,Yes,4.2,6000,6000,SAMSUNG Galaxy J2-2017 ,0,0.0,Android,352,5.9,2428,130
Nokia,8 Sirocco ,Black,6 GB,128 GB,Yes,4.3,29990,29990,Nokia 8 Sirocco ,0,0.0,Android,198,5.5,2720,163
OPPO,F17 Pro,Metallic White,8 GB,128 GB,Yes,4.3,19990,25990,OPPO F17 Pro,6000,23.08580223162755,Android,440,6.7,2627,8
SAMSUNG,Galaxy S9 ,Lilac Purple,4 GB,64 GB,Yes,4.4,62500,62500,SAMSUNG Galaxy S9 ,0,0.0,Android,714,5.3,4521,108
vivo,X60 ,Midnight Black,4 GB,64 GB,Yes,4.4,16490,16490,vivo X60 ,0,0.0,Android,250,5.6,3759,67
Apple,iPhone 6 ,Silver,1 GB,16 GB,Yes,4.4,36990,36990,Apple iPhone 6 ,0,0.0,IOS,148,4.9,4317,108
OPPO,A16,CRYSTAL BLACK,4 GB,64 GB,Yes,,13990,15990,OPPO A16,2000,12.507817385866163,Android,35,5.4,3772,30
SAMSUNG,Galaxy Note 5 ,Silver,4 GB,32 GB,Yes,3.9,56999,56999,SAMSUNG Galaxy Note 5 ,0,0.0,Android,102,6.0,3870,62
Lenovo,S850 ,White,1 GB,16 GB,Yes,4.0,18499,18499,Lenovo S850 ,0,0.0,Android,659,6.6,3881,143
vivo,U12,Electric Blue,4 GB,64 GB,Yes,4.4,13990,13990,vivo U12,0,0.0,Android,668,6.8,3026,305
POCO,F3 GT,Predator Black,8 GB,256 GB,Yes,4.3,30999,36999,POCO F3 GT,6000,16.21665450417579,Android,75,5.4,4627,47
Lenovo,P780 ,Deep Black,1 GB,4 GB,Yes,4.1,15410,15410,Lenovo P780 ,0,0.0,Android,797,6.4,5278,13
SAMSUNG,Galaxy A8 ,Gold,2 GB,32 GB,Yes,4.2,25990,25990,SAMSUNG Galaxy A8 ,0,0.0,Android,743,5.9,5686,229
Motorola,M,Silver,4 GB,64 GB,Yes,3.9,10910,10910,Motorola M,0,0.0,Android,748,6.4,4206,401
realme,3i ,Diamond Red,4 GB,64 GB,Yes,4.4,10499,10999,realme 3i ,500,4.545867806164196,Android,218,6.8,2753,191
Apple,iPhone 12 ,Blue,4GB,128 GB,Yes,4.6,68999,70900,Apple iPhone 12 ,1901,2.681241184767278,IOS,185,5.0,3340,130
OPPO,A54,Starry Blue,4 GB,64 GB,Yes,4.3,14990,14990,OPPO A54,0,0.0,Android,203,4.6,4428,194
ASUS,Zenfone Go 4.5 LTE ,Red,1 GB,8 GB,Yes,3.6,4890,4890,ASUS Zenfone Go 4.5 LTE ,0,0.0,Android,85,5.5,2709,18
realme,8 Pro ,Infinite Blue,6 GB,128 GB,Yes,4.3,17999,19999,realme 8 Pro ,2000,10.000500025001251,Android,820,4.9,4212,158
Lenovo,K9 ,Blue,3 GB,32 GB,Yes,4.2,9999,9999,Lenovo K9 ,0,0.0,Android,698,6.2,4423,378
ASUS,Zenfone Selfie ,Pink,3 GB,16 GB,Yes,4.0,12490,12490,ASUS Zenfone Selfie ,0,0.0,Android,740,5.0,4676,4
Apple,iPhone 7 ,Black,2 GB,32 GB,Yes,4.5,24999,31500,Apple iPhone 7 ,6501,20.63809523809524,IOS,162,6.4,2005,162
Apple,iPhone 11 ,Black,4GB,256 GB,Yes,4.6,64900,64900,Apple iPhone 11 ,0,0.0,IOS,285,6.0,5822,5
Xiaomi,Redmi Y2 ,Gold,4 GB,64 GB,Yes,4.3,10999,10999,Xiaomi Redmi Y2 ,0,0.0,Android,60,5.6,2514,12
vivo,V20 SE ,Gravity Black,3 GB,32 GB,Yes,4.3,17999,17999,vivo V20 SE ,0,0.0,Android,990,4.5,2820,577
Apple,iPhone XR ,Coral,3 GB,128 GB,Yes,4.6,47999,52900,Apple iPhone XR ,4901,9.264650283553877,IOS,165,6.3,3164,49
Apple,iPhone 11 ,Yellow,4GB,256 GB,Yes,4.6,64900,64900,Apple iPhone 11 ,0,0.0,IOS,256,5.4,4596,245
OPPO,F1S,Gold,4 GB,64 GB,Yes,4.3,18990,18990,OPPO F1S,0,0.0,Android,81,6.5,2103,2
realme,7,Mist Blue,6 GB,64 GB,Yes,4.3,14999,17999,realme 7,3000,16.667592644035782,Android,601,5.5,2187,399
realme,C21 ,Cross Blue,4 GB,64 GB,Yes,4.4,9999,10999,realme C21 ,1000,9.091735612328392,Android,23,5.6,4494,22
Xiaomi,Redmi Y1 ,Rose Gold,3 GB,32 GB,Yes,4.3,8990,8990,Xiaomi Redmi Y1 ,0,0.0,Android,367,6.4,4967,335
Apple,iPhone 12 Pro ,Silver,6 GB,256 GB,Yes,4.6,119900,119900,Apple iPhone 12 Pro ,0,0.0,IOS,998,5.4,2379,701
Apple,iPhone 12 Mini ,Purple,4GB,128 GB,Yes,4.5,61999,64900,Apple iPhone 12 Mini ,2901,4.469953775038521,IOS,41,5.7,5550,21
SAMSUNG,Galaxy S9 Plus ,Coral Blue,6 GB,64 GB,Yes,4.5,70000,70000,SAMSUNG Galaxy S9 Plus ,0,0.0,Android,86,5.7,2432,15
realme,U1 ,Fiery Gold,4 GB,64 GB,Yes,4.4,11990,15499,realme U1 ,3509,22.64017033356991,Android,820,6.4,5505,485
realme,X2 ,Pearl Blue,6 GB,128 GB,Yes,4.5,19999,19999,realme X2 ,0,0.0,Android,268,6.3,4322,259
realme,X7 Max,Asteroid Black,12 GB,256 GB,Yes,4.3,29999,32999,realme X7 Max,3000,9.09118458135095,Android,722,5.2,5457,722
SAMSUNG,Guru Music 2,Black,,Expandable Upto 16 GB,Yes,4.3,1882,1882,SAMSUNG Guru Music 2,0,0.0,Android,704,5.8,5070,701
OPPO,F19 Pro,Fantastic Purple,8 GB,256 GB,Yes,4.3,23490,25990,OPPO F19 Pro,2500,9.619084263178143,Android,190,4.7,3098,128
realme,X3 SuperZoom ,Arctic White,8 GB,256 GB,Yes,4.3,29999,31999,realme X3 SuperZoom ,2000,6.250195318603706,Android,398,6.2,2328,84
Apple,iPhone 12 ,Black,4GB,64 GB,Yes,4.6,63999,65900,Apple iPhone 12 ,1901,2.8846737481031868,IOS,104,6.8,5908,29
Lenovo,A6000 Shot ,Black,2 GB,16 GB,Yes,3.7,6200,9991,Lenovo A6000 Shot ,3791,37.94414973476128,Android,799,5.6,5786,316
realme,X ,Space Blue,8 GB,,Yes,4.5,20999,20999,realme X ,0,0.0,Android,245,5.4,4037,157
Apple,iPhone SE ,Red,2 GB,128 GB,Yes,4.5,44900,44900,Apple iPhone SE ,0,0.0,IOS,810,5.9,3548,745
Apple,iPhone 7 ,Jet Black,2 GB,128 GB,Yes,4.5,34900,34900,Apple iPhone 7 ,0,0.0,IOS,551,5.8,2584,278
POCO,M2 Pro,Green and Greener,4 GB,64 GB,Yes,4.3,13999,16999,POCO M2 Pro,3000,17.648096946879228,Android,545,4.9,2418,392
realme,GT Neo 2,Neo Black,12 GB,256 GB,Yes,4.4,35999,38999,realme GT Neo 2,3000,7.692504936024,Android,718,6.9,3472,163
SAMSUNG,Galaxy Note10 Lite ,Aura Black,8 GB,128 GB,Yes,4.3,39999,45000,SAMSUNG Galaxy Note10 Lite ,5001,11.113333333333332,Android,214,5.7,2857,48
ASUS,ROG 5s,Storm White,8 GB,128 GB,Yes,,49999,55999,ASUS ROG 5s,6000,10.714477044232932,Android,416,5.9,3195,276
Nokia,3310 DS 2020,Black,16 MB,Expandable Upto 32 GB,Yes,3.8,3974,4179,Nokia 3310 DS 2020,205,4.905479779851639,Android,73,6.8,5215,20
Infinix,Smart 4,Quetzal Cyan,2 GB,32 GB,Yes,4.4,8999,8999,Infinix Smart 4,0,0.0,Android,411,4.8,5151,176
Apple,iPhone 11 ,White,4GB,64 GB,Yes,4.6,54900,54900,Apple iPhone 11 ,0,0.0,IOS,813,5.7,3080,429
GIONEE,S Plus ,Dark Blue,3 GB,16 GB,Yes,3.7,8950,8950,GIONEE S Plus ,0,0.0,Android,182,5.5,2983,44
Xiaomi,Redmi Y3 ,Elegant Blue,4 GB,64 GB,Yes,4.2,12999,12999,Xiaomi Redmi Y3 ,0,0.0,Android,713,5.9,4206,440
Apple,iPhone 11 Pro Max ,Midnight Green,4GB,256 GB,Yes,4.7,131900,131900,Apple iPhone 11 Pro Max ,0,0.0,IOS,220,6.2,5312,84
Xiaomi,Mi 11 Lite ,Tuscany Coral,8 GB,128 GB,Yes,4.3,23999,25999,Xiaomi Mi 11 Lite ,2000,7.692603561675448,Android,314,4.8,2062,206
Infinix,S5 ,Quetzal Cyan,4 GB,64 GB,Yes,4.3,10999,10999,Infinix S5 ,0,0.0,Android,416,6.9,5984,167
Lenovo,A6600 ,Black,1 GB,16 GB,Yes,3.8,5499,5499,Lenovo A6600 ,0,0.0,Android,897,5.1,4729,321
HTC,U Ultra,Sapphire Blue,4 GB,64 GB,Yes,4.0,62990,62990,HTC U Ultra,0,0.0,Android,104,6.4,3770,83
Xiaomi,REDMI 9 Prime ,Space Blue,4 GB,64 GB,Yes,4.3,10499,11999,Xiaomi REDMI 9 Prime ,1500,12.501041753479456,Android,802,6.8,3957,761
Apple,iPhone 12 Mini ,Black,4GB,128 GB,Yes,4.5,61999,64900,Apple iPhone 12 Mini ,2901,4.469953775038521,IOS,196,5.4,5366,20
vivo,Y31 ,Ocean Blue,8 GB,256 GB,Yes,4.3,13990,13990,vivo Y31 ,0,0.0,Android,561,5.0,5938,300
realme,6 Pro ,Lightning Red,8 GB,128 GB,Yes,4.4,19999,19999,realme 6 Pro ,0,0.0,Android,410,5.1,2221,93
realme,GT Master Edition ,Daybreak Blue,6 GB,128 GB,Yes,4.3,25999,29999,realme GT Master Edition ,4000,13.333777792593088,Android,517,5.9,2790,45
Nokia,3.1 Plus ,Baltic,3 GB,32 GB,Yes,4.2,10440,10440,Nokia 3.1 Plus ,0,0.0,Android,771,5.0,5466,367
realme,X2 ,Pearl White,6 GB,128 GB,Yes,4.5,19999,19999,realme X2 ,0,0.0,Android,455,5.7,5190,85
SAMSUNG,Galaxy A21s ,Blue,6 GB,128 GB,Yes,4.2,17499,18999,SAMSUNG Galaxy A21s ,1500,7.8951523764408655,Android,200,5.9,2157,98
SAMSUNG,Galaxy S10 Plus ,Prism White,8 GB,128 GB,Yes,4.6,59900,59900,SAMSUNG Galaxy S10 Plus ,0,0.0,Android,262,5.1,2148,50
Apple,iPhone 13 Pro Max,Alpine Green,4GB,1 TB,Yes,4.7,169900,169900,Apple iPhone 13 Pro Max,0,0.0,IOS,206,6.7,4152,119
SAMSUNG,Sm-G361Hhadins ,Charcoal Gray,1 GB,8 GB,Yes,3.0,8999,8999,SAMSUNG Sm-G361Hhadins ,0,0.0,Android,431,5.3,4204,176
Xiaomi,Redmi Note 11T 5G,Stardust White,6 GB,64 GB,Yes,4.2,18187,18990,Xiaomi Redmi Note 11T 5G,803,4.228541337546076,Android,669,4.8,5869,604
realme,8i ,Space Black,6 GB,128 GB,Yes,,15999,17999,realme 8i ,2000,11.111728429357187,Android,397,5.5,3616,174
OPPO,F17,Classic Silver,6 GB,128 GB,Yes,4.2,20999,20999,OPPO F17,0,0.0,Android,901,6.4,3767,778
SAMSUNG,Galaxy F42 5G ,Matte Black,6 GB,128 GB,Yes,4.1,20999,23999,SAMSUNG Galaxy F42 5G ,3000,12.500520855035626,Android,22,6.8,2718,19
Apple,iPhone 13 Pro Max ,Graphite,6 GB,128 GB,Yes,,129900,129900,Apple iPhone 13 Pro Max ,0,0.0,IOS,960,6.3,5963,59
Xiaomi,Redmi Note 6 Pro ,Black,4 GB,64 GB,Yes,4.4,12349,12349,Xiaomi Redmi Note 6 Pro ,0,0.0,Android,792,5.8,4402,586
Nokia,216 DS,Black,16 MB,2 MB,Yes,4.2,2875,2999,Nokia 216 DS,124,4.134711570523508,Android,755,6.0,3392,331
Apple,iPhone 11 Pro Max ,Silver,4GB,512 GB,Yes,4.7,150800,150800,Apple iPhone 11 Pro Max ,0,0.0,IOS,957,4.7,4823,563
SAMSUNG,Galaxy A03s ,White,3 GB,32 GB,Yes,4.0,11499,13499,SAMSUNG Galaxy A03s ,2000,14.815912289799243,Android,388,5.2,4439,172
Infinix,Hot 11,Silver Wave,4 GB,64 GB,Yes,4.4,9999,11999,Infinix Hot 11,2000,16.668055671305943,Android,926,5.6,4485,635
Nokia,Asha 502 ,Bright Red,64 MB,Expandable Upto 32 GB,Yes,3.7,3499,3499,Nokia Asha 502 ,0,0.0,Android,552,4.6,4990,143
OPPO,A33,Mint Cream,3 GB,32 GB,Yes,4.3,10490,12990,OPPO A33,2500,19.24557351809084,Android,833,6.6,4219,605
Xiaomi,11i 5G,Purple Mist,6 GB,128 GB,Yes,4.3,24999,29999,Xiaomi 11i 5G,5000,16.66722224074136,Android,890,5.0,4210,74
realme,3,Radiant Blue,3 GB,32 GB,Yes,4.5,8499,10999,realme 3,2500,22.729339030820984,Android,732,5.7,2297,567
LG,G2 D802 ,Black Gold,2 GB,16 GB,Yes,4.5,31971,31971,LG G2 D802 ,0,0.0,Android,673,6.1,5963,190
OPPO,A12,Deep Blue,4 GB,64 GB,Yes,4.4,10490,11990,OPPO A12,1500,12.51042535446205,Android,16,6.2,4562,3
Nokia,C20 Plus ,Grey,2 GB,32 GB,Yes,4.4,8999,10499,Nokia C20 Plus ,1500,14.287074959519956,Android,325,6.7,5039,325
GIONEE,P7 ,Grey,2 GB,16 GB,Yes,3.8,4750,4750,GIONEE P7 ,0,0.0,Android,50,6.0,4771,25
realme,5i ,Forest Green,4 GB,64 GB,Yes,4.5,10999,10999,realme 5i ,0,0.0,Android,865,5.8,4795,75
Nokia,TA-1010/105,Black,4 MB,4 MB,Yes,4.2,1340,1340,Nokia TA-1010/105,0,0.0,Android,577,6.2,5041,209
ASUS,Zenfone Selfie ,Purple,3 GB,16 GB,Yes,4.0,13999,13999,ASUS Zenfone Selfie ,0,0.0,Android,296,6.9,2503,165
OPPO,A57,Black,3 GB,32 GB,Yes,4.2,14990,14990,OPPO A57,0,0.0,Android,104,5.5,3534,23
OPPO,F5,Black,6 GB,64 GB,Yes,4.4,14990,14990,OPPO F5,0,0.0,Android,557,5.1,5081,344
SAMSUNG,Galaxy F02s ,Diamond Blue,3 GB,32 GB,Yes,4.2,9499,10499,SAMSUNG Galaxy F02s ,1000,9.52471663967997,Android,993,5.2,5338,897
ASUS,Zenfone Selfie ,Black,3 GB,16 GB,Yes,4.0,9999,9999,ASUS Zenfone Selfie ,0,0.0,Android,936,5.2,2635,700
POCO,F1,Graphite Black,6 GB,128 GB,Yes,4.5,24999,24999,POCO F1,0,0.0,Android,156,5.2,3188,49
ASUS,Zenfone Selfie ,White,3 GB,32 GB,Yes,4.0,14500,14500,ASUS Zenfone Selfie ,0,0.0,Android,748,5.8,3591,94
GIONEE,F9 ,Champagne,3 GB,32 GB,Yes,4.2,7900,7900,GIONEE F9 ,0,0.0,Android,898,5.1,4303,424
Apple,iPhone 12 Mini ,Red,4GB,64 GB,Yes,4.5,56999,59900,Apple iPhone 12 Mini ,2901,4.843071786310517,IOS,392,5.2,5267,89
Apple,iPhone 11 ,Green,4GB,128 GB,Yes,4.6,54900,54900,Apple iPhone 11 ,0,0.0,IOS,928,5.7,3310,489
Motorola,G9 ,Sapphire Blue,4 GB,64 GB,Yes,4.2,10999,14999,Motorola G9 ,4000,26.668444562970866,Android,399,5.7,4065,129
Nokia,8,Polished Blue,4 GB,64 GB,Yes,4.0,29490,29490,Nokia 8,0,0.0,Android,898,5.9,5972,230
Infinix,Note 4,Ice Blue,3 GB,32 GB,Yes,4.2,8999,8999,Infinix Note 4,0,0.0,Android,976,5.7,4157,200
SAMSUNG,Galaxy A71 ,Prism Crush Blue,8 GB,128 GB,Yes,4.4,27499,34999,SAMSUNG Galaxy A71 ,7500,21.4291836909626,Android,262,6.8,2111,89
Apple,iPhone 6s ,Silver,2 GB,128 GB,Yes,4.5,55999,55999,Apple iPhone 6s ,0,0.0,IOS,490,5.2,3939,124
Apple,iPhone 11 ,Black,4GB,128 GB,Yes,4.6,54900,54900,Apple iPhone 11 ,0,0.0,IOS,826,6.5,4740,78
Nokia,3,Silver White,2 GB,16 GB,Yes,3.9,8588,8588,Nokia 3,0,0.0,Android,239,4.7,2920,142
SAMSUNG,Galaxy A70 ,Black,6 GB,128 GB,Yes,4.3,30900,30900,SAMSUNG Galaxy A70 ,0,0.0,Android,936,6.3,2151,879
SAMSUNG,Galaxy A21s ,White,6 GB,64 GB,Yes,4.2,19999,19999,SAMSUNG Galaxy A21s ,0,0.0,Android,71,4.7,4355,12
Nokia,2.2,Steel,2 GB,16 GB,Yes,4.0,8599,8599,Nokia 2.2,0,0.0,Android,972,6.5,4896,580
realme,5i ,Aqua Blue,4 GB,,Yes,4.5,10999,10999,realme 5i ,0,0.0,Android,77,7.0,5885,63
Lenovo,A7 ,Black,2 GB,32 GB,Yes,4.0,7490,8490,Lenovo A7 ,1000,11.778563015312132,Android,859,4.7,3302,477
vivo,Y20G 2021 ,Purist Blue,4 GB,64 GB,Yes,,29990,34990,vivo Y20G 2021 ,5000,14.289797084881394,Android,976,6.7,5076,666
Motorola,One Macro ,Space Blue,4 GB,64 GB,Yes,4.3,9999,11999,Motorola One Macro ,2000,16.668055671305943,Android,21,5.9,4065,12
Motorola,G4,Black,2 GB,16 GB,Yes,3.9,6399,6399,Motorola G4,0,0.0,Android,969,4.6,5020,400
LG,V30+ ,Silver,4 GB,128 GB,Yes,4.3,29999,29999,LG V30+ ,0,0.0,Android,314,6.5,3458,16
SAMSUNG,Galaxy A7 ,Blue,6 GB,128 GB,Yes,4.4,24600,24600,SAMSUNG Galaxy A7 ,0,0.0,Android,864,5.4,3146,278
ASUS,ZenFone Max M2 ,Silver,3 GB,32 GB,Yes,4.3,12999,12999,ASUS ZenFone Max M2 ,0,0.0,Android,152,5.6,2036,144
realme,X7 Max,Milkyway Grey,8 GB,128 GB,Yes,4.3,26999,29999,realme X7 Max,3000,10.000333344444815,Android,811,5.0,4307,238
SAMSUNG,Galaxy C7 Pro ,Gold,4 GB,64 GB,Yes,4.4,26600,26600,SAMSUNG Galaxy C7 Pro ,0,0.0,Android,98,4.8,4572,36
SAMSUNG,Galaxy Note 9 ,Lavender Purple,6 GB,128 GB,Yes,4.6,73600,73600,SAMSUNG Galaxy Note 9 ,0,0.0,Android,388,6.3,3083,163
Lenovo,K10 Note ,Black,6 GB,128 GB,Yes,4.1,18999,18999,Lenovo K10 Note ,0,0.0,Android,307,6.4,3186,159
LG,G5 ,Silver,4 GB,32 GB,Yes,4.0,52990,52990,LG G5 ,0,0.0,Android,809,6.0,5657,543
GIONEE,F10 ,Blue,3 GB,32 GB,Yes,4.1,7990,7990,GIONEE F10 ,0,0.0,Android,23,6.1,4094,11
vivo,V21 5G ,Sunset Dazzle,12 GB,256 GB,Yes,4.4,14990,14990,vivo V21 5G ,0,0.0,Android,139,6.7,4860,105
Lenovo,A5 ,Gold,3 GB,32 GB,Yes,4.1,7999,7999,Lenovo A5 ,0,0.0,Android,5,6.2,2574,1
Apple,iPhone 13 Pro Max ,Graphite,6 GB,1 TB,Yes,,179900,179900,Apple iPhone 13 Pro Max ,0,0.0,IOS,693,6.6,4153,492
Apple,iPhone 12 Pro ,Silver,6 GB,512 GB,Yes,4.6,139900,139900,Apple iPhone 12 Pro ,0,0.0,IOS,909,6.7,3666,486
POCO,X3 Pro ,Steel Blue,8 GB,128 GB,Yes,4.4,20999,25999,POCO X3 Pro ,5000,19.231508904188622,Android,420,6.6,2737,358
SAMSUNG,Galaxy M12 ,Blue,4 GB,64 GB,Yes,4.2,11510,11510,SAMSUNG Galaxy M12 ,0,0.0,Android,604,4.7,4232,177
vivo,Y12s ,Phantom Black,4 GB,64 GB,Yes,4.4,32990,35990,vivo Y12s ,3000,8.335648791330925,Android,242,6.1,4081,109
OPPO,Find X,Bordeaux Red,8 GB,256 GB,Yes,4.6,60990,60990,OPPO Find X,0,0.0,Android,259,4.8,3889,187
SAMSUNG,Galaxy Folder 2 ,Wine Red,2 GB,16 GB,Yes,3.7,27330,27330,SAMSUNG Galaxy Folder 2 ,0,0.0,Android,356,5.1,3629,268
Apple,iPhone 13 Pro Max ,Silver,6 GB,512 GB,Yes,,159900,159900,Apple iPhone 13 Pro Max ,0,0.0,IOS,304,6.8,4711,20
ASUS,ROG 5s Pro,Phantom Black,18 GB,512 GB,Yes,,79999,85999,ASUS ROG 5s Pro,6000,6.976825311922232,Android,705,5.8,3935,239
POCO,M2 Reloaded ,Mostly Blue,4 GB,64 GB,Yes,4.3,9999,11999,POCO M2 Reloaded ,2000,16.668055671305943,Android,884,6.6,5346,29
SAMSUNG,Galaxy S3 Neo ,Pebble Blue,1.5 GB,16 GB,Yes,4.3,17000,17000,SAMSUNG Galaxy S3 Neo ,0,0.0,Android,494,4.9,2882,130
Apple,iPhone 6s ,Silver,2 GB,16 GB,Yes,4.5,41999,41999,Apple iPhone 6s ,0,0.0,IOS,225,5.0,2728,27
realme,X ,Onion,8 GB,128 GB,Yes,4.5,20999,20999,realme X ,0,0.0,Android,699,5.4,3413,108
GIONEE,Pioneer P5W ,Red,1 GB,16 GB,Yes,3.1,4150,7250,GIONEE Pioneer P5W ,3100,42.75862068965517,Android,413,6.0,3333,220
SAMSUNG,Galaxy A10s ,Black,3 GB,32 GB,Yes,4.3,11000,11000,SAMSUNG Galaxy A10s ,0,0.0,Android,691,5.2,5620,397
SAMSUNG,Galaxy Note10 Lite ,Aura Red,6 GB,128 GB,Yes,4.3,37999,43000,SAMSUNG Galaxy Note10 Lite ,5001,11.630232558139534,Android,738,5.1,4197,54
OPPO,A15s,Dynamic Black,4 GB,64 GB,Yes,4.3,12990,13990,OPPO A15s,1000,7.147962830593281,Android,423,5.4,3132,20
SAMSUNG,Galaxy S4 ,Deep Black,2 GB,16 GB,Yes,3.9,15999,15999,SAMSUNG Galaxy S4 ,0,0.0,Android,314,6.9,2319,120
HTC,Desire 516,Dark Grey,1 GB,4 GB,Yes,3.5,15200,15200,HTC Desire 516,0,0.0,Android,636,6.7,3242,473
Lenovo,A2010 ,Black,1 GB,8 GB,Yes,3.9,4599,4599,Lenovo A2010 ,0,0.0,Android,226,5.1,4089,70
SAMSUNG,Galaxy J7 Nxt ,Gold,2 GB,16 GB,Yes,4.4,10995,10995,SAMSUNG Galaxy J7 Nxt ,0,0.0,Android,370,5.0,4564,121
Infinix,Smart 5,Purple,2 GB,32 GB,Yes,4.3,7499,8999,Infinix Smart 5,1500,16.6685187243027,Android,272,5.2,2081,104
Nokia,Ta -1010/105,Black,4 MB,4 MB,Yes,4.2,1000,1000,Nokia Ta -1010/105,0,0.0,Android,67,4.9,5080,17
Xiaomi,Redmi Note 6 Pro ,Blue,6 GB,64 GB,Yes,4.5,14990,14990,Xiaomi Redmi Note 6 Pro ,0,0.0,Android,91,4.6,5314,72
Apple,iPhone 6 ,Gold,1 GB,16 GB,Yes,4.4,36499,36499,Apple iPhone 6 ,0,0.0,IOS,207,5.8,4097,33
realme,Narzo 50i ,Carbon Black,4 GB,64 GB,Yes,4.3,8999,9999,realme Narzo 50i ,1000,10.00100010001,Android,644,5.9,2501,219
LG,Velvet Dual Screen ,Black,6 GB,128 GB,Yes,4.4,44990,55000,LG Velvet Dual Screen ,10010,18.2,Android,249,5.1,5463,12
realme,9i,Prism Black,6 GB,128 GB,Yes,4.4,15999,17999,realme 9i,2000,11.111728429357187,Android,336,5.9,2779,9
ASUS,6Z ,Silver,6 GB,64 GB,Yes,4.3,35999,35999,ASUS 6Z ,0,0.0,Android,517,5.3,4604,420
realme,C3 ,Blazing Red,4 GB,64 GB,Yes,4.4,10999,10999,realme C3 ,0,0.0,Android,674,5.8,2884,673
Nokia,3.4,Dusk,4 GB,64 GB,Yes,3.9,11999,13999,Nokia 3.4,2000,14.286734766769056,Android,219,6.9,2823,136
Nokia,107 Dual SIM,Black,4 MB,Expandable Upto 16 GB,Yes,4.2,1860,1860,Nokia 107 Dual SIM,0,0.0,Android,393,6.4,3578,387
Infinix,Hot 6 Pro,Sandstone Black,3 GB,32 GB,Yes,4.3,8999,8999,Infinix Hot 6 Pro,0,0.0,Android,889,6.8,3014,642
SAMSUNG,Galaxy Note 4 ,Bronze Gold,3 GB,32 GB,Yes,4.1,51000,51000,SAMSUNG Galaxy Note 4 ,0,0.0,Android,676,5.8,2183,642
LG,W30 ,Aurora Green,3 GB,32 GB,Yes,3.9,9999,9999,LG W30 ,0,0.0,Android,710,5.9,2893,681
Apple,iPhone 7 ,Silver,2 GB,32 GB,Yes,4.5,24999,31500,Apple iPhone 7 ,6501,20.63809523809524,IOS,401,6.5,4057,47
SAMSUNG,Galaxy J4 ,Black,3 GB,32 GB,Yes,4.2,10990,10990,SAMSUNG Galaxy J4 ,0,0.0,Android,277,5.3,5383,17
Nokia,5.1 Plus ,Blue,4 GB,64 GB,Yes,4.1,9975,15999,Nokia 5.1 Plus ,6024,37.6523532720795,Android,55,6.8,2756,24
LG,Q7 ,Black,3 GB,32 GB,Yes,3.3,9990,9990,LG Q7 ,0,0.0,Android,932,4.7,2018,161
OPPO,A5,Diamond Red,4 GB,32 GB,Yes,4.4,13500,13500,OPPO A5,0,0.0,Android,695,5.7,2731,651
vivo,Y33s ,Midday Dream,6 GB,64 GB,Yes,4.4,37990,44990,vivo Y33s ,7000,15.55901311402534,Android,700,6.7,3181,683
Nokia,5.3,SAND,4 GB,64 GB,Yes,3.5,10999,10999,Nokia 5.3,0,0.0,Android,593,5.1,2360,124
GIONEE,S10 Lite ,Gold,4 GB,32 GB,Yes,3.9,6399,6399,GIONEE S10 Lite ,0,0.0,Android,317,5.9,5716,25
Nokia,105 SS 2021,Black,4 MB,4 MB,Yes,4.2,1399,1399,Nokia 105 SS 2021,0,0.0,Android,388,6.0,3376,322
POCO,X2,Atlantic Blue,6 GB,64 GB,Yes,4.5,14999,18999,POCO X2,4000,21.05373967050897,Android,598,4.8,3486,218
realme,Narzo 30A ,Laser Black,4 GB,64 GB,Yes,4.3,10499,10999,realme Narzo 30A ,500,4.545867806164196,Android,658,6.8,2659,306
Nokia,2,Copper/Black,1 GB,8 GB,Yes,3.8,7007,7007,Nokia 2,0,0.0,Android,339,5.9,2234,181
POCO,M4 Pro 5G,Cool Blue,8 GB,128 GB,Yes,4.4,18999,21999,POCO M4 Pro 5G,3000,13.636983499249968,Android,958,6.2,5617,311
Xiaomi,Redmi Note 7S ,Ruby Red,4 GB,64 GB,Yes,4.2,13900,13900,Xiaomi Redmi Note 7S ,0,0.0,Android,426,6.2,5668,245
realme,X7 Max,Asteroid Black,8 GB,128 GB,Yes,4.3,26999,29999,realme X7 Max,3000,10.000333344444815,Android,432,5.7,3350,279
SAMSUNG,Galaxy A72 ,Awesome Violet,8 GB,256 GB,Yes,4.3,37999,43999,SAMSUNG Galaxy A72 ,6000,13.636673560762745,Android,825,5.6,5837,706
Infinix,Hot 11,Polar Black,4 GB,64 GB,Yes,4.4,9999,11999,Infinix Hot 11,2000,16.668055671305943,Android,973,4.5,5036,615
Apple,iPhone 11 Pro Max ,Space Grey,4GB,64 GB,Yes,4.7,117100,117100,Apple iPhone 11 Pro Max ,0,0.0,IOS,489,6.6,5001,142
SAMSUNG,Galaxy A7 ,Champagne Gold,2 GB,16 GB,Yes,4.1,19990,19990,SAMSUNG Galaxy A7 ,0,0.0,Android,944,5.9,4045,50
OPPO,A54,Moonlight Gold,4 GB,64 GB,Yes,4.3,14990,14990,OPPO A54,0,0.0,Android,909,5.5,5235,233
Infinix,S5 Pro,Forest Green,4 GB,64 GB,Yes,4.4,12999,12999,Infinix S5 Pro,0,0.0,Android,675,5.3,4119,160
SAMSUNG,Galaxy Core ,Metallic Blue,1 GB,8 GB,Yes,4.0,7999,7999,SAMSUNG Galaxy Core ,0,0.0,Android,956,6.4,2545,455
Infinix,S4,Nebula Blue,3 GB,32 GB,Yes,4.2,9999,9999,Infinix S4,0,0.0,Android,498,4.5,5351,354
POCO,M4 Pro 5G,Power Black,6 GB,128 GB,Yes,4.4,16999,19999,POCO M4 Pro 5G,3000,15.000750037501875,Android,564,5.0,3979,25
GIONEE,S6 Pro ,Rose Gold,4 GB,32 GB,Yes,3.6,8000,8000,GIONEE S6 Pro ,0,0.0,Android,518,6.7,5400,161
realme,9 Pro+ 5G,Aurora Green,8 GB,256 GB,Yes,4.4,28999,31999,realme 9 Pro+ 5G,3000,9.37529297790556,Android,13,5.6,4960,4
Nokia,5.4,Polar Night,6 GB,64 GB,Yes,3.9,14499,14499,Nokia 5.4,0,0.0,Android,414,5.5,2150,360
Xiaomi,Redmi Note 7 Pro ,Moonlight White,6 GB,128 GB,Yes,4.5,15449,15990,Xiaomi Redmi Note 7 Pro ,541,3.3833646028767985,Android,876,6.6,4290,333
POCO,M4 Pro,Cool Blue,6 GB,64 GB,Yes,4.4,14999,17999,POCO M4 Pro,3000,16.667592644035782,Android,523,6.4,4466,117
ASUS,Zenfone 2 Laser ZE500KL ,Black,2 GB,16 GB,Yes,4.1,7999,7999,ASUS Zenfone 2 Laser ZE500KL ,0,0.0,Android,652,5.2,3627,633
Xiaomi,Redmi Note 7 Pro ,MOONLIGHT WHITE,6 GB,64 GB,Yes,4.5,14980,14990,Xiaomi Redmi Note 7 Pro ,10,0.0667111407605069,Android,68,4.6,3219,26
Lenovo,A7700 ,White,2 GB,16 GB,Yes,3.9,6750,6750,Lenovo A7700 ,0,0.0,Android,49,5.4,5595,10
SAMSUNG,Galaxy Note 3 Neo ,White,2 GB,16 GB,Yes,4.2,11250,11250,SAMSUNG Galaxy Note 3 Neo ,0,0.0,Android,331,5.6,4435,95
Nokia,6310,Black,16 MB,8 MB,Yes,,4049,4049,Nokia 6310,0,0.0,Android,705,5.8,2695,240
Infinix,Hot 10S,Purple,4 GB,64 GB,Yes,4.3,9999,12999,Infinix Hot 10S,3000,23.078698361412417,Android,917,5.2,2066,241
ASUS,ROG 5s,Phantom Black,12 GB,256 GB,Yes,,57999,63999,ASUS ROG 5s,6000,9.375146486663857,Android,421,6.9,5444,322
Apple,iPhone 13 Mini ,Blue,6 GB,512 GB,Yes,,99900,99900,Apple iPhone 13 Mini ,0,0.0,IOS,375,6.2,4254,278
SAMSUNG,Galaxy A70s ,Prism Crush Red,6 GB,128 GB,Yes,4.3,17999,31000,SAMSUNG Galaxy A70s ,13001,41.93870967741936,Android,836,4.7,5964,634
Nokia,C01 Plus ,Blue,2 GB,16 GB,Yes,,6499,6499,Nokia C01 Plus ,0,0.0,Android,51,5.4,2563,51
realme,7i ,Fusion Green,4 GB,64 GB,Yes,4.3,13999,13999,realme 7i ,0,0.0,Android,515,6.3,3113,444
SAMSUNG,Galaxy M10 ,Charcoal Black,3 GB,32 GB,Yes,4.3,8650,9290,SAMSUNG Galaxy M10 ,640,6.889128094725511,Android,32,5.1,2342,3
Xiaomi,9A Sport,Carbon Black,2 GB,32 GB,Yes,4.3,7798,7798,Xiaomi 9A Sport,0,0.0,Android,596,6.5,2062,263
SAMSUNG,Galaxy A6+ ,Gold,4 GB,64 GB,Yes,4.4,25999,25999,SAMSUNG Galaxy A6+ ,0,0.0,Android,731,5.0,2901,711
Lenovo,A7 ,Blue,4 GB,64 GB,Yes,3.9,7990,9999,Lenovo A7 ,2009,20.09200920092009,Android,193,4.7,5794,65
SAMSUNG,Galaxy M42 ,Prism Dot Gray,8 GB,128 GB,Yes,4.3,24499,25900,SAMSUNG Galaxy M42 ,1401,5.409266409266409,Android,518,5.6,4742,433
Apple,iPhone 13 Mini ,Red,6 GB,512 GB,Yes,,99900,99900,Apple iPhone 13 Mini ,0,0.0,IOS,121,6.0,4438,108
POCO,M3 ,Yellow,6 GB,64 GB,Yes,4.3,11999,12999,POCO M3 ,1000,7.692899453804139,Android,861,5.3,5243,796
Nokia,215 4G DS 2020,Black,64 MB,128 MB,Yes,3.7,3599,3599,Nokia 215 4G DS 2020,0,0.0,Android,596,6.2,2058,73
SAMSUNG,Galaxy A3 ,Champagne Gold,1 GB,16 GB,Yes,4.0,8190,8190,SAMSUNG Galaxy A3 ,0,0.0,Android,637,5.2,2483,434
Motorola,G8 Power Lite ,Arctic Blue,4 GB,64 GB,Yes,4.3,9999,9999,Motorola G8 Power Lite ,0,0.0,Android,519,6.6,4280,426
OPPO,A9 2020,Vanilla Mint,4 GB,128 GB,Yes,4.3,14990,18990,OPPO A9 2020,4000,21.0637177461822,Android,929,6.5,3089,920
SAMSUNG,S7 Edge ,Black Pearl,4 GB,128 GB,Yes,4.3,36900,36900,SAMSUNG S7 Edge ,0,0.0,Android,345,6.4,3655,9
Apple,iPhone XS Max ,Silver,4 GB,512 GB,Yes,4.6,144900,144900,Apple iPhone XS Max ,0,0.0,IOS,903,6.3,3852,796
Google Pixel,Nexus 5X ,White,2 GB,16 GB,Yes,4.5,25400,25400,Google Pixel Nexus 5X ,0,0.0,Android,267,5.6,4956,84
GIONEE,A1 Plus ,Mocha Gold,4 GB,64 GB,Yes,4.1,10499,10499,GIONEE A1 Plus ,0,0.0,Android,189,4.7,3857,46
SAMSUNG,M21 2021 Edition,Black,6 GB,128 GB,Yes,4.2,14859,15663,SAMSUNG M21 2021 Edition,804,5.133116261252633,Android,119,5.5,2381,103
Nokia,3310 DS 2020,Black,16 MB,Expandable Upto 32 GB,Yes,3.8,3499,3499,Nokia 3310 DS 2020,0,0.0,Android,307,6.4,2637,277
LG,V20 ,Pink,4 GB,64 GB,Yes,4.2,31490,31490,LG V20 ,0,0.0,Android,75,5.6,4203,64
Google Pixel,Nexus 5X ,Carbon,2 GB,16 GB,Yes,4.3,25990,25990,Google Pixel Nexus 5X ,0,0.0,Android,314,5.7,4185,91
HTC,628,Sunset Blue,3 GB,32 GB,Yes,3.7,15400,15400,HTC 628,0,0.0,Android,265,5.0,4969,198
Xiaomi,Redmi Y3 ,Bold Red,4 GB,64 GB,Yes,4.3,12999,13999,Xiaomi Redmi Y3 ,1000,7.143367383384527,Android,42,5.7,4042,2
realme,6,Comet Blue,4 GB,64 GB,Yes,4.4,13999,14999,realme 6,1000,6.667111140742716,Android,818,5.9,5103,339
SAMSUNG,Galaxy Note 4 ,Blossom Pink,3 GB,32 GB,Yes,4.1,49990,49990,SAMSUNG Galaxy Note 4 ,0,0.0,Android,81,4.7,2935,52
OPPO,A12,Deep Blue,3 GB,32 GB,Yes,4.4,9490,10990,OPPO A12,1500,13.64877161055505,Android,664,6.7,2070,246
Xiaomi,Mi 11X Pro 5G ,Cosmic Black,8 GB,256 GB,Yes,4.2,38950,39990,Xiaomi Mi 11X Pro 5G ,1040,2.600650162540635,Android,820,4.6,3794,518
SAMSUNG,Galaxy A9 Pro ,Gold,4 GB,32 GB,Yes,4.3,19980,19980,SAMSUNG Galaxy A9 Pro ,0,0.0,Android,363,6.0,4527,239
SAMSUNG,Galaxy M20 ,Ocean Blue,4 GB,64 GB,Yes,4.3,11999,11999,SAMSUNG Galaxy M20 ,0,0.0,Android,317,5.1,5054,222
GIONEE,F11 ,Blue,3 GB,32 GB,Yes,4.0,6490,6490,GIONEE F11 ,0,0.0,Android,347,5.2,4657,161
Infinix,Smart 6,Obsidian Black,2 GB,32 GB,Yes,4.3,7499,8999,Infinix Smart 6,1500,16.6685187243027,Android,145,6.3,4602,85
OPPO,A9 2020,Space Purple,4 GB,128 GB,Yes,4.3,14990,18990,OPPO A9 2020,4000,21.0637177461822,Android,994,5.3,2023,352
OPPO,A5s,Red,2 GB,32 GB,Yes,4.3,12990,4990,OPPO A5s,-8000,-160.32064128256513,Android,209,4.6,5098,184
Motorola,G 2nd Generation ,White,1 GB,16 GB,Yes,4.2,8999,8999,Motorola G 2nd Generation ,0,0.0,Android,541,5.0,5610,274
POCO,C31,Shadow Grey,3 GB,32 GB,Yes,4.4,7999,10999,POCO C31,3000,27.275206836985184,Android,374,4.8,2494,372
SAMSUNG,Metro,Black,32 MB,2 MB,Yes,4.2,2849,2849,SAMSUNG Metro,0,0.0,Android,722,4.8,5263,499
Xiaomi,Mi 10i ,Pacific Sunrise,8 GB,128 GB,Yes,4.3,26989,26989,Xiaomi Mi 10i ,0,0.0,Android,408,5.8,2161,354
SAMSUNG,Galaxy On Nxt ,Gold,3 GB,16 GB,Yes,4.3,11200,11200,SAMSUNG Galaxy On Nxt ,0,0.0,Android,439,6.1,4585,109
Lenovo,K6 Note ,Gold,4 GB,32 GB,Yes,4.0,7490,7490,Lenovo K6 Note ,0,0.0,Android,755,4.7,5428,199
SAMSUNG,Galaxy A10s ,Green,2 GB,32 GB,Yes,4.4,10000,10000,SAMSUNG Galaxy A10s ,0,0.0,Android,345,4.7,4765,231
SAMSUNG,Galaxy A7 ,Blue,4 GB,64 GB,Yes,4.4,17990,25379,SAMSUNG Galaxy A7 ,7389,29.114622325544744,Android,541,4.9,4221,456
realme,8s 5G ,Universe Blue,8 GB,128 GB,Yes,,19999,22999,realme 8s 5G ,3000,13.044045393277967,Android,700,6.1,3901,230
SAMSUNG,Galaxy J2 - 2016 ,Black,1.5 GB,8 GB,Yes,4.0,6990,6990,SAMSUNG Galaxy J2 - 2016 ,0,0.0,Android,652,6.8,5323,212
Apple,iPhone 6s ,Rose Gold,2 GB,32 GB,Yes,4.5,31999,31999,Apple iPhone 6s ,0,0.0,IOS,944,6.3,4870,435
Nokia,C3 ,Sand,3 GB,32 GB,Yes,3.8,9999,9999,Nokia C3 ,0,0.0,Android,667,5.4,4404,188
Apple,iPhone SE ,White,2 GB,64 GB,Yes,4.5,32999,39900,Apple iPhone SE ,6901,17.29573934837093,IOS,688,4.7,5747,615
ASUS,Zenfone Go 5.0 LTE ,White,2 GB,16 GB,Yes,3.7,4990,4990,ASUS Zenfone Go 5.0 LTE ,0,0.0,Android,345,6.2,4785,265
Nokia,105 SS 2021,Black,4 MB,4 MB,Yes,4.2,1349,1349,Nokia 105 SS 2021,0,0.0,Android,64,6.9,5839,10
Lenovo,A319 ,Black,512 MB,4 GB,Yes,3.6,4200,4200,Lenovo A319 ,0,0.0,Android,840,5.9,3407,223
ASUS,ROG Phone 5 Ultimate ,White,18 GB,512 GB,Yes,,79999,85999,ASUS ROG Phone 5 Ultimate ,6000,6.976825311922232,Android,947,5.3,3881,129
SAMSUNG,Galaxy A10 ,Black,2 GB,32 GB,Yes,4.3,8700,8700,SAMSUNG Galaxy A10 ,0,0.0,Android,959,4.9,5853,12
Xiaomi,Redmi Note 5 ,Black,3 GB,32 GB,Yes,4.2,9990,9990,Xiaomi Redmi Note 5 ,0,0.0,Android,200,6.7,2455,24
SAMSUNG,Galaxy A10 ,Gold,2 GB,32 GB,Yes,4.3,8700,8700,SAMSUNG Galaxy A10 ,0,0.0,Android,97,5.6,5784,35
SAMSUNG,Galaxy A52s 5G ,Awesome Mint,8 GB,128 GB,Yes,4.3,37499,40999,SAMSUNG Galaxy A52s 5G ,3500,8.536793580331228,Android,295,4.8,5913,136
Apple,iPhone 11 ,Yellow,4GB,64 GB,Yes,4.6,49900,49900,Apple iPhone 11 ,0,0.0,IOS,640,5.0,5668,82
Apple,iPhone 11 ,Green,4GB,128 GB,Yes,4.6,54900,54900,Apple iPhone 11 ,0,0.0,IOS,849,6.0,2158,220
SAMSUNG,Galaxy M21 ,Midnight Blue,4 GB,64 GB,Yes,4.3,15990,15990,SAMSUNG Galaxy M21 ,0,0.0,Android,630,4.9,4837,9
Infinix,Hot 10S,Morandi Green,4 GB,64 GB,Yes,4.3,9999,12999,Infinix Hot 10S,3000,23.078698361412417,Android,374,6.0,4495,109
SAMSUNG,Galaxy J5 ,Gold,1.5 GB,8 GB,Yes,4.3,10490,10490,SAMSUNG Galaxy J5 ,0,0.0,Android,995,6.6,5518,150
SAMSUNG,Galaxy Note 8 ,Midnight Black,6 GB,64 GB,Yes,4.6,34899,74000,SAMSUNG Galaxy Note 8 ,39101,52.83918918918919,Android,957,6.6,4730,545
GIONEE,F103 Pro ,Grey,3 GB,16 GB,Yes,3.9,5290,5290,GIONEE F103 Pro ,0,0.0,Android,907,7.0,5933,34
SAMSUNG,Galaxy Note 10 Plus ,Aura Glow,12 GB,256 GB,Yes,4.6,59999,85000,SAMSUNG Galaxy Note 10 Plus ,25001,29.412941176470586,Android,720,6.8,2473,20
Infinix,Hot S3,Topaz Blue,4 GB,64 GB,Yes,4.1,11999,11999,Infinix Hot S3,0,0.0,Android,433,6.6,5828,249
Apple,iPhone 11 Pro ,Silver,4GB,256 GB,Yes,4.6,79999,106600,Apple iPhone 11 Pro ,26601,24.954033771106943,IOS,901,6.8,4124,186
SAMSUNG,Galaxy Z Flip3 5G ,Lavender  ,8 GB,128 GB,Yes,4.3,88999,95999,SAMSUNG Galaxy Z Flip3 5G ,7000,7.291742622318982,Android,422,4.6,2732,410
POCO,F3 GT,Gunmetal Silver,6 GB,128 GB,Yes,4.3,28999,32999,POCO F3 GT,4000,12.121579441801266,Android,915,4.6,5145,247
Nokia,5.3,CYAN,6 GB,64 GB,Yes,3.7,12999,12999,Nokia 5.3,0,0.0,Android,750,6.2,2217,321
SAMSUNG,Galaxy Z Flip ,Mirror Black,8 GB,256 GB,Yes,,66000,66000,SAMSUNG Galaxy Z Flip ,0,0.0,Android,225,5.4,5586,59
realme,X50 Pro ,Moss Green,12 GB,256 GB,Yes,4.3,47999,47999,realme X50 Pro ,0,0.0,Android,36,4.9,4447,4
Apple,iPhone 11 ,Purple,4GB,256 GB,Yes,4.6,64900,64900,Apple iPhone 11 ,0,0.0,IOS,265,6.4,3162,95
Infinix,Zero 8i,Black Diamond,8 GB,128 GB,Yes,4.2,18999,18999,Infinix Zero 8i,0,0.0,Android,327,6.4,2278,9
SAMSUNG,Galaxy A7 ,Pearl White,2 GB,16 GB,Yes,4.1,19990,19990,SAMSUNG Galaxy A7 ,0,0.0,Android,949,6.5,4361,705
Xiaomi,REDMI 9 Power ,Electric Green,4 GB,64 GB,Yes,4.2,11499,13999,Xiaomi REDMI 9 Power ,2500,17.85841845846132,Android,719,4.7,2637,243
SAMSUNG,Galaxy A12 ,Blue,4 GB,128 GB,Yes,4.2,14999,14999,SAMSUNG Galaxy A12 ,0,0.0,Android,621,5.3,2909,466
realme,9 5G,Stargaze White,6 GB,128 GB,Yes,4.8,17499,20999,realme 9 5G,3500,16.667460355255013,Android,86,5.2,4286,47
OPPO,A5s,Green,4 GB,64 GB,Yes,4.4,15677,15677,OPPO A5s,0,0.0,Android,531,6.1,4800,396
OPPO,Reno6 Pro 5G,Aurora,12 GB,256 GB,Yes,4.4,39990,46990,OPPO Reno6 Pro 5G,7000,14.896786550329857,Android,466,5.3,4510,79
SAMSUNG,Galaxy Alpha ,Dazzling White,2 GB,32 GB,Yes,3.6,19999,19999,SAMSUNG Galaxy Alpha ,0,0.0,Android,189,5.6,4281,44
realme,U1 ,Fiery Gold,3 GB,64 GB,Yes,4.4,11999,11999,realme U1 ,0,0.0,Android,495,6.7,5282,93
Apple,iPhone 13 Pro Max ,Gold,6 GB,512 GB,Yes,,159900,159900,Apple iPhone 13 Pro Max ,0,0.0,IOS,450,5.0,4165,112
SAMSUNG,Galaxy M20 ,Ocean Blue,32 GB,,Yes,4.2,9990,9990,SAMSUNG Galaxy M20 ,0,0.0,Android,847,6.0,3025,459
HTC,U Ultra,Brilliant Black,4 GB,64 GB,Yes,4.0,62990,62990,HTC U Ultra,0,0.0,Android,415,6.4,3982,7
Xiaomi,Redmi Note 4 ,Gold,3 GB,32 GB,Yes,4.4,8590,8590,Xiaomi Redmi Note 4 ,0,0.0,Android,753,6.4,4093,216
Apple,iPhone 11 Pro ,Midnight Green,4GB,256 GB,Yes,4.6,121300,121300,Apple iPhone 11 Pro ,0,0.0,IOS,885,5.6,2006,7
SAMSUNG,Galaxy S21 Plus ,Phantom Violet,8 GB,128 GB,Yes,4.4,71999,100999,SAMSUNG Galaxy S21 Plus ,29000,28.713155575797774,Android,72,6.6,3717,57
Apple,iPhone XR ,Blue,3 GB,256 GB,Yes,4.6,91900,91900,Apple iPhone XR ,0,0.0,IOS,286,6.6,4441,267
Infinix,Smart 2,Bordeaux Red ,2 GB,16 GB,Yes,4.1,6999,6999,Infinix Smart 2,0,0.0,Android,926,6.5,4037,97
Lenovo,K8 Plus ,Venom Black,4 GB,32 GB,Yes,4.1,11999,11999,Lenovo K8 Plus ,0,0.0,Android,156,5.2,3713,125
LG,Q7+ ,Moroccan Blue,4 GB,64 GB,Yes,3.2,20998,20998,LG Q7+ ,0,0.0,Android,441,4.9,3407,212
SAMSUNG,Tizen Z3 ,Gold,1 GB,8 GB,Yes,3.3,6990,6990,SAMSUNG Tizen Z3 ,0,0.0,Android,621,4.7,4562,408
LG,K10 2017 ,Titan,2 GB,16 GB,Yes,4.1,7499,7499,LG K10 2017 ,0,0.0,Android,417,6.2,5019,39
OPPO,A16k,Blue,3 GB,32 GB,Yes,4.1,10490,10490,OPPO A16k,0,0.0,Android,155,5.9,3605,121
Xiaomi,Note 10 lite,Glacier White,4 GB,128 GB,Yes,4.3,14990,14990,Xiaomi Note 10 lite,0,0.0,Android,837,5.0,4636,546
SAMSUNG,Galaxy M11 ,Violet,3 GB,32 GB,Yes,4.2,11745,11745,SAMSUNG Galaxy M11 ,0,0.0,Android,560,6.6,2899,522
Nokia,515,Black,512 MB,256 MB,Yes,3.0,8999,8999,Nokia 515,0,0.0,Android,41,6.0,3909,14
Infinix,Smart 4 Plus,Ocean Wave,3 GB,32 GB,Yes,4.4,9999,9999,Infinix Smart 4 Plus,0,0.0,Android,700,6.3,3858,167
SAMSUNG,Galaxy S9 Plus ,Lilac Purple,6 GB,64 GB,Yes,4.5,70000,70000,SAMSUNG Galaxy S9 Plus ,0,0.0,Android,550,5.2,4405,364
Motorola,X4,Sterling Blue,6 GB,64 GB,Yes,4.3,24999,24999,Motorola X4,0,0.0,Android,608,6.9,3884,228
Xiaomi,REDMI Note 9 ,Aqua Green,4 GB,64 GB,Yes,,11999,14999,Xiaomi REDMI Note 9 ,3000,20.00133342222815,Android,809,6.4,4501,338
Apple,iPhone 13 Pro Max ,Sierra Blue,6 GB,256 GB,Yes,,139900,139900,Apple iPhone 13 Pro Max ,0,0.0,IOS,370,5.1,4636,296
LG,G7+ ThinQ ,Black,6 GB,128 GB,Yes,4.4,55000,55000,LG G7+ ThinQ ,0,0.0,Android,975,5.7,5014,317
SAMSUNG,Galaxy M32 ,Black,4 GB,64 GB,Yes,4.2,15490,15490,SAMSUNG Galaxy M32 ,0,0.0,Android,126,4.7,3307,112
Xiaomi,Redmi 8A ,Midnight Black,2 GB,32 GB,Yes,4.4,7999,7999,Xiaomi Redmi 8A ,0,0.0,Android,555,6.2,3734,308
SAMSUNG,Galaxy S21 Ultra ,Phantom Silver,12 GB,256 GB,Yes,4.5,105999,128999,SAMSUNG Galaxy S21 Ultra ,23000,17.829595578260296,Android,621,4.8,5108,274
SAMSUNG,Galaxy J7 Nxt ,Gold,3 GB,32 GB,Yes,4.3,12000,12000,SAMSUNG Galaxy J7 Nxt ,0,0.0,Android,381,4.5,5592,370
SAMSUNG,Galaxy A5 2016 Edition ,White,2 GB,16 GB,Yes,4.1,14490,14490,SAMSUNG Galaxy A5 2016 Edition ,0,0.0,Android,783,5.3,5108,767
Google Pixel,3,Not Pink,4 GB,128 GB,Yes,4.5,80000,80000,Google Pixel 3,0,0.0,Android,200,4.6,2130,34
vivo,Y1s ,Aurora Blue,4 GB,32 GB,Yes,4.4,22990,27990,vivo Y1s ,5000,17.863522686673814,Android,693,6.6,3202,322
SAMSUNG,Z3 ,Black,1 GB,8 GB,Yes,3.4,5590,5590,SAMSUNG Z3 ,0,0.0,Android,716,4.7,3787,467
realme,Narzo 20 Pro ,Black Ninja,8 GB,128 GB,Yes,4.3,16999,18999,realme Narzo 20 Pro ,2000,10.526869835254487,Android,149,6.6,2157,124
GIONEE,Pioneer P2 ,Black,512 MB,4 GB,Yes,3.6,2290,2290,GIONEE Pioneer P2 ,0,0.0,Android,863,6.0,2217,606
SAMSUNG,Galaxy J5 - 6 New 2016 Edition) ,Black,2 GB,16 GB,Yes,4.2,10990,10990,SAMSUNG Galaxy J5 - 6 New 2016 Edition) ,0,0.0,Android,75,6.2,4216,39
OPPO,F9 Pro,Starry Purple,6 GB,64 GB,Yes,4.5,21150,21150,OPPO F9 Pro,0,0.0,Android,482,6.5,4147,244
SAMSUNG,Galaxy J2 Ace ,Silver,1.5 GB,8 GB,Yes,4.1,8090,8090,SAMSUNG Galaxy J2 Ace ,0,0.0,Android,522,5.5,4962,297
SAMSUNG,Galaxy A30 ,Red,4 GB,64 GB,Yes,4.4,18000,18000,SAMSUNG Galaxy A30 ,0,0.0,Android,306,6.6,4828,192
SAMSUNG,Galaxy A52s 5G ,Awesome Violet,8 GB,128 GB,Yes,4.5,37499,40999,SAMSUNG Galaxy A52s 5G ,3500,8.536793580331228,Android,452,6.2,3341,318
LG,W41 Pro ,Laser Blue,6 GB,128 GB,Yes,3.7,10499,20000,LG W41 Pro ,9501,47.505,Android,982,4.7,2595,474
realme,2,Diamond Black,3 GB,32 GB,Yes,4.5,9990,9990,realme 2,0,0.0,Android,17,6.0,3369,6
SAMSUNG,Galaxy Ace NXT ,Ceramic White,512 MB,4 GB,Yes,3.8,5490,5490,SAMSUNG Galaxy Ace NXT ,0,0.0,Android,510,5.5,2196,230
POCO,M2 Reloaded ,Grey,4 GB,64 GB,Yes,4.3,9999,11999,POCO M2 Reloaded ,2000,16.668055671305943,Android,437,6.7,3162,376
realme,C3 ,Frozen Blue,3 GB,32 GB,Yes,4.4,9999,9999,realme C3 ,0,0.0,Android,346,6.2,4978,336
Lenovo,A7 ,Blue,2 GB,32 GB,Yes,4.0,6950,8490,Lenovo A7 ,1540,18.138987043580684,Android,676,5.1,3803,551
OPPO,A52,Stream White,6 GB,128 GB,Yes,4.3,17999,17999,OPPO A52,0,0.0,Android,254,5.1,3965,224
realme,Narzo 30 ,Racing Silver,6 GB,128 GB,Yes,4.3,15499,16999,realme Narzo 30 ,1500,8.824048473439614,Android,245,5.2,3210,223
OPPO,F11 Pro Marvel? Avengers Limited Edition,Space Blue,6 GB,128 GB,Yes,,27990,31990,OPPO F11 Pro Marvel? Avengers Limited Edition,4000,12.503907471084712,Android,695,6.6,4996,401
realme,X3 ,Glacier Blue,8 GB,128 GB,Yes,4.4,25999,27999,realme X3 ,2000,7.143112254009072,Android,244,6.0,2866,213
Xiaomi,Redmi 5 ,Black,3 GB,32 GB,Yes,4.4,9900,9900,Xiaomi Redmi 5 ,0,0.0,Android,195,6.2,5275,101
HTC,626G Plus,White Birch,1 GB,8 GB,Yes,3.9,8999,8999,HTC 626G Plus,0,0.0,Android,1000,5.9,3533,859
Apple,iPhone 6 Plus ,Silver,1 GB,64 GB,Yes,4.5,48999,48999,Apple iPhone 6 Plus ,0,0.0,IOS,915,4.9,2146,223
POCO,C3 ,Matte Black,4 GB,64 GB,Yes,4.3,8999,10999,POCO C3 ,2000,18.183471224656785,Android,327,6.8,2200,266
Xiaomi,Redmi Y2 ,Gold,3 GB,32 GB,Yes,4.2,9468,10499,Xiaomi Redmi Y2 ,1031,9.819982855510048,Android,579,6.4,4409,449
Apple,iPhone 6 Plus ,Silver,1 GB,16 GB,Yes,4.5,40999,40999,Apple iPhone 6 Plus ,0,0.0,IOS,333,5.1,3935,135
vivo,Y93,Nebula Purple,3 GB,64 GB,Yes,4.4,11990,11990,vivo Y93,0,0.0,Android,977,6.8,2792,596
GIONEE,Marathon M3 ,White,1 GB,8 GB,Yes,3.8,9599,9599,GIONEE Marathon M3 ,0,0.0,Android,957,5.5,5373,267
OPPO,Ravichandran Ashwin Limited Edition,Black,4 GB,64 GB,Yes,4.4,22990,22990,OPPO Ravichandran Ashwin Limited Edition,0,0.0,Android,166,5.7,3703,84
Apple,iPhone 7 ,Jet Black,2 GB,256 GB,Yes,4.5,74400,74400,Apple iPhone 7 ,0,0.0,IOS,955,6.8,2886,657
Nokia,G10 ,Dusk | Purple,4 GB,64 GB,Yes,,12149,12149,Nokia G10 ,0,0.0,Android,204,5.4,5450,10
SAMSUNG,SM-B310EZDDINS,Black,100 MB,100 MB,Yes,5.0,1949,1949,SAMSUNG SM-B310EZDDINS,0,0.0,Android,487,6.2,3782,325
SAMSUNG,Galaxy Note 20 ,Mystic Blue,8 GB,256 GB,Yes,4.3,54599,79997,SAMSUNG Galaxy Note 20 ,25398,31.7486905758966,Android,694,6.6,3619,218
OPPO,F3,Gold,4 GB,64 GB,Yes,4.3,18000,18000,OPPO F3,0,0.0,Android,3,6.4,5933,2
realme,1,Diamond Black,3 GB,32 GB,Yes,,11990,12990,realme 1,1000,7.698229407236336,Android,716,6.0,2817,81
SAMSUNG,Galaxy Note 10 Plus ,Aura Black,12 GB,512 GB,Yes,4.6,95000,95000,SAMSUNG Galaxy Note 10 Plus ,0,0.0,Android,121,4.7,2004,58
OPPO,A53,Mint Cream,6 GB,128 GB,Yes,4.3,13990,17990,OPPO A53,4000,22.23457476375764,Android,366,5.4,2745,355
OPPO,A5s,Blue,2 GB,32 GB,Yes,4.3,8990,12990,OPPO A5s,4000,30.792917628945343,Android,795,5.9,5400,388
SAMSUNG,Galaxy F41 ,Fusion Green,6 GB,128 GB,Yes,4.3,14499,20999,SAMSUNG Galaxy F41 ,6500,30.9538549454736,Android,606,4.6,3321,138
ASUS,Zenfone Max ,Black,2 GB,32 GB,Yes,4.1,8499,8499,ASUS Zenfone Max ,0,0.0,Android,664,6.8,3255,193
OPPO,A53,Electric Black,6 GB,128 GB,Yes,4.3,13990,17990,OPPO A53,4000,22.23457476375764,Android,928,4.8,4905,517
Apple,iPhone 13 Pro Max ,Sierra Blue,6 GB,,Yes,,139900,139900,Apple iPhone 13 Pro Max ,0,0.0,IOS,508,5.1,4615,153
Nokia,150 TA-1235 DS,Black,4 MB,4 MB,Yes,4.1,2480,2599,Nokia 150 TA-1235 DS,119,4.578684109272797,Android,152,5.4,2157,58
OPPO,Reno6 Pro 5G,Majestic Gold,12 GB,256 GB,Yes,4.4,41990,45990,OPPO Reno6 Pro 5G,4000,8.697542944118286,Android,370,6.3,2518,305
Nokia,5.3,CHARCOAL,4 GB,64 GB,Yes,3.5,10999,10999,Nokia 5.3,0,0.0,Android,926,4.9,5472,490
OPPO,N5111,White,2 GB,16 GB,Yes,3.1,9990,9990,OPPO N5111,0,0.0,Android,422,6.0,2196,117
Motorola,G4 Plus,White,2 GB,16 GB,Yes,4.0,5999,5999,Motorola G4 Plus,0,0.0,Android,295,6.3,5090,106
Apple,iPhone 12 ,White,4GB,128 GB,Yes,4.6,68999,70900,Apple iPhone 12 ,1901,2.681241184767278,IOS,914,6.9,5019,786
Apple,iPhone 13 Pro Max,Gold,4GB,512 GB,Yes,4.7,159900,159900,Apple iPhone 13 Pro Max,0,0.0,IOS,442,5.9,3877,322
SAMSUNG,Galaxy M31 ,Ocean Blue,8 GB,128 GB,Yes,4.3,18654,18950,SAMSUNG Galaxy M31 ,296,1.562005277044855,Android,175,4.5,3986,29
SAMSUNG,Guru FM Plus,Black,,2 MB,Yes,4.2,1445,1445,SAMSUNG Guru FM Plus,0,0.0,Android,891,6.3,3960,323
Infinix,Note 11 ,Graphite Black,4 GB,64 GB,Yes,4.3,12499,14999,Infinix Note 11 ,2500,16.66777785185679,Android,292,4.7,4492,155
POCO,C3 ,Arctic Blue,4 GB,64 GB,Yes,4.3,8999,10999,POCO C3 ,2000,18.183471224656785,Android,521,4.8,2107,294
Xiaomi,Redmi Y3 ,Prime Black,3 GB,32 GB,Yes,4.2,9950,9950,Xiaomi Redmi Y3 ,0,0.0,Android,924,6.6,3788,813
SAMSUNG,Galaxy Note 10 Plus ,Aura White,12 GB,256 GB,Yes,4.6,59999,85000,SAMSUNG Galaxy Note 10 Plus ,25001,29.412941176470586,Android,967,5.4,5176,555
Xiaomi,Redmi Note 7S ,Onyx Black,4 GB,64 GB,Yes,4.4,13900,13900,Xiaomi Redmi Note 7S ,0,0.0,Android,511,5.6,5553,380
SAMSUNG,Galaxy Note 10 Plus ,Aura Black,12 GB,256 GB,Yes,4.6,59999,85000,SAMSUNG Galaxy Note 10 Plus ,25001,29.412941176470586,Android,37,4.9,4345,35
SAMSUNG,Galaxy A72 ,Awesome Violet,8 GB,128 GB,Yes,4.3,34999,41999,SAMSUNG Galaxy A72 ,7000,16.66706350151194,Android,894,4.5,2225,365
Apple,iPhone 12 ,Purple,4GB,128 GB,Yes,4.6,68999,84900,Apple iPhone 12 ,15901,18.729093050647823,IOS,569,4.9,2859,472
SAMSUNG,M32 5G ,Slate Black,6 GB,128 GB,Yes,,21999,23999,SAMSUNG M32 5G ,2000,8.33368057002375,Android,594,7.0,2842,131
realme,6,Comet Blue,6 GB,64 GB,Yes,4.4,14999,17999,realme 6,3000,16.667592644035782,Android,6,4.6,4455,0
POCO,X3 Pro ,Graphite Black,8 GB,128 GB,Yes,4.4,20999,25999,POCO X3 Pro ,5000,19.231508904188622,Android,762,5.6,4417,654
SAMSUNG,Guru 1200,Black,,2 MB,Yes,4.3,1200,1200,SAMSUNG Guru 1200,0,0.0,Android,457,6.4,5898,58
OPPO,F5,Black,4 GB,32 GB,Yes,4.4,15500,15500,OPPO F5,0,0.0,Android,423,5.9,5653,245
Lenovo,K9 Note ,Black,4 GB,64 GB,Yes,4.1,11999,11999,Lenovo K9 Note ,0,0.0,Android,535,6.3,5786,259
Motorola,G5s,Oxford Blue,4 GB,32 GB,Yes,4.1,9869,9869,Motorola G5s,0,0.0,Android,31,5.0,4457,18
Apple,iPhone 12 ,Red,4GB,64 GB,Yes,4.6,63999,65900,Apple iPhone 12 ,1901,2.8846737481031868,IOS,968,6.9,3967,701
Apple,iPhone 13 Pro Max,Silver,4GB,128 GB,Yes,4.7,129900,129900,Apple iPhone 13 Pro Max,0,0.0,IOS,669,5.6,2408,627
OPPO,A83,Black,3 GB,32 GB,Yes,4.4,13490,13490,OPPO A83,0,0.0,Android,155,5.2,2207,55
OPPO,A53,Fancy Blue,4 GB,64 GB,Yes,4.5,13499,13499,OPPO A53,0,0.0,Android,82,5.7,4615,18
vivo,X21,Black,6 GB,128 GB,Yes,4.3,35399,36900,vivo X21,1501,4.067750677506774,Android,792,5.2,2400,553
SAMSUNG,Galaxy A6 ,Black,4 GB,32 GB,Yes,4.3,12499,22990,SAMSUNG Galaxy A6 ,10491,45.63288386254894,Android,351,4.8,2672,279
Lenovo,A7700 ,Black,2 GB,16 GB,Yes,3.9,6499,6499,Lenovo A7700 ,0,0.0,Android,937,6.5,2013,886
realme,8 5G ,Supersonic Blue,8 GB,128 GB,Yes,4.3,18499,18999,realme 8 5G ,500,2.631717458813622,Android,112,6.0,5766,94
OPPO,A9 2020,Marine Green,8 GB,128 GB,Yes,4.3,15990,21990,OPPO A9 2020,6000,27.285129604365626,Android,676,4.7,3086,289
SAMSUNG,Galaxy M30s ,Black,4 GB,64 GB,Yes,4.3,14990,14990,SAMSUNG Galaxy M30s ,0,0.0,Android,830,5.6,5782,121
Apple,iPhone 11 Pro ,Gold,4GB,256 GB,Yes,4.6,79999,106600,Apple iPhone 11 Pro ,26601,24.954033771106943,IOS,968,4.8,2159,409
Xiaomi,Redmi Note 4 ,Black,3 GB,32 GB,Yes,4.3,9499,9499,Xiaomi Redmi Note 4 ,0,0.0,Android,365,6.3,5119,358
SAMSUNG,Galaxy J7 ,Gold,1.5 GB,16 GB,Yes,4.3,11700,11700,SAMSUNG Galaxy J7 ,0,0.0,Android,202,5.8,5095,128
vivo,V9,Pearl Black,4 GB,64 GB,Yes,4.5,18990,18990,vivo V9,0,0.0,Android,847,6.9,4280,24
POCO,M3 ,Yellow,4 GB,64 GB,Yes,4.3,10999,11999,POCO M3 ,1000,8.334027835652972,Android,852,5.1,5522,483
SAMSUNG,Galaxy Core Prime ,Charcoal Grey,1 GB,8 GB,Yes,4.1,5490,9700,SAMSUNG Galaxy Core Prime ,4210,43.402061855670105,Android,97,5.0,5055,32
ASUS,Zenfone Selfie ,Gold,3 GB,32 GB,Yes,4.0,7990,7990,ASUS Zenfone Selfie ,0,0.0,Android,690,5.6,2185,150
SAMSUNG,Galaxy Note 20 ,Mystic Green,8 GB,256 GB,Yes,4.3,77999,86000,SAMSUNG Galaxy Note 20 ,8001,9.303488372093025,Android,409,6.8,3275,200
vivo,V23 Pro 5G,Sunshine Gold,12 GB,256 GB,Yes,4.1,43990,45990,vivo V23 Pro 5G,2000,4.348771472059143,Android,186,6.2,5257,51
Motorola,One,Black,4 GB,64 GB,Yes,4.1,14999,14999,Motorola One,0,0.0,Android,692,6.7,2795,63
Xiaomi,Mi 11X ,Celestial Silver,8 GB,128 GB,Yes,4.4,26824,26824,Xiaomi Mi 11X ,0,0.0,Android,76,5.7,3565,53
SAMSUNG,Galaxy S5 ,Shimmery White,2 GB,16 GB,Yes,3.9,21999,21999,SAMSUNG Galaxy S5 ,0,0.0,Android,14,6.6,4570,4
Nokia,110 4G,Black,128 MB,48 MB,Yes,,2999,2999,Nokia 110 4G,0,0.0,Android,300,6.2,4174,228
SAMSUNG,Galaxy On7 ,Black,1.5 GB,8 GB,Yes,4.2,8490,8490,SAMSUNG Galaxy On7 ,0,0.0,Android,609,4.9,4665,420
Nokia,2.2,Black,3 GB,32 GB,Yes,4.0,9599,9599,Nokia 2.2,0,0.0,Android,280,6.0,2213,148
Nokia,8110,Yellow,512 MB,4 GB,Yes,3.7,3400,8400,Nokia 8110,5000,59.523809523809526,Android,563,5.1,3078,418
GIONEE,F103 ,Black,2 GB,16 GB,Yes,4.0,4599,4599,GIONEE F103 ,0,0.0,Android,620,5.2,3608,362
Apple,iPhone 6 Plus ,Silver,1 GB,128 GB,Yes,4.5,48999,48999,Apple iPhone 6 Plus ,0,0.0,IOS,46,6.2,5502,12
Motorola,2nd Generation ,Black,1 GB,16 GB,Yes,4.2,8999,8999,Motorola 2nd Generation ,0,0.0,Android,47,6.7,3328,34
LG,G5 ,Titan,4 GB,32 GB,Yes,4.0,22999,22999,LG G5 ,0,0.0,Android,857,4.6,5519,755
SAMSUNG,Galaxy Trend ,Midnight Black,512 MB,4 GB,Yes,3.6,4999,4999,SAMSUNG Galaxy Trend ,0,0.0,Android,494,5.2,3869,122
OPPO,F17 Pro,Magic Blue,8 GB,128 GB,Yes,4.3,19990,25990,OPPO F17 Pro,6000,23.08580223162755,Android,882,5.5,2558,545
ASUS,Zenfone Go ,Grey,2 GB,32 GB,Yes,3.8,6999,6999,ASUS Zenfone Go ,0,0.0,Android,535,6.3,5473,214
realme,Narzo 30 ,Racing Silver,6 GB,64 GB,Yes,4.3,14499,15999,realme Narzo 30 ,1500,9.375585974123382,Android,47,6.0,3544,15
realme,2,Diamond Blue,4 GB,64 GB,Yes,4.4,11990,11990,realme 2,0,0.0,Android,725,5.9,3184,394
OPPO,A15S,Rainbow Silver,4 GB,64 GB,Yes,4.3,12990,13990,OPPO A15S,1000,7.147962830593281,Android,990,5.1,5624,739
realme,3,Diamond Red,3 GB,32 GB,Yes,4.5,8499,10999,realme 3,2500,22.729339030820984,Android,5,5.3,4084,2
LG,Max X160 ,Silver Titan,1 GB,8 GB,Yes,3.4,5000,11500,LG Max X160 ,6500,56.52173913043478,Android,97,5.2,4237,48
POCO,M3 Pro 5G ,Power Black,6 GB,128 GB,Yes,4.2,16499,17999,POCO M3 Pro 5G ,1500,8.333796322017891,Android,652,6.8,5372,313
Apple,iPhone 11 Pro ,Midnight Green,4GB,256 GB,Yes,4.6,121300,121300,Apple iPhone 11 Pro ,0,0.0,IOS,45,6.6,4088,7
POCO,F1,Graphite Black,6 GB,64 GB,Yes,4.5,21999,21999,POCO F1,0,0.0,Android,27,6.3,2782,22
realme,C15 Qualcomm Edition ,Power Blue,3 GB,32 GB,Yes,4.3,11999,11999,realme C15 Qualcomm Edition ,0,0.0,Android,101,5.4,3902,66
SAMSUNG,Galaxy A7 ,Gold,4 GB,64 GB,Yes,4.4,22300,22300,SAMSUNG Galaxy A7 ,0,0.0,Android,134,4.7,5641,103
Apple,iPhone SE ,White,2 GB,64 GB,Yes,4.5,32999,39900,Apple iPhone SE ,6901,17.29573934837093,IOS,162,4.6,4061,155
Nokia,3.1,White,3 GB,32 GB,Yes,4.0,7490,13824,Nokia 3.1,6334,45.81886574074074,Android,432,5.3,3421,252
LG,V20a ,Titan,4 GB,64 GB,Yes,4.1,30990,30990,LG V20a ,0,0.0,Android,852,4.7,4051,285
OPPO,A74 5G BLACK,Fluid Black,6 GB,128 GB,Yes,4.3,18380,18380,OPPO A74 5G BLACK,0,0.0,Android,59,6.9,2372,58
OPPO,F9,Mist Black,4 GB,64 GB,Yes,4.5,19000,19000,OPPO F9,0,0.0,Android,464,5.4,3739,330
Nokia,C01 Plus ,Blue,2 GB,16 GB,Yes,,6499,6499,Nokia C01 Plus ,0,0.0,Android,171,6.7,5602,68
Lenovo,P70 ,Blue,2 GB,16 GB,Yes,3.5,6989,6989,Lenovo P70 ,0,0.0,Android,722,5.9,4056,705
Lenovo,P2 ,Gold,3 GB,32 GB,Yes,4.3,16999,16999,Lenovo P2 ,0,0.0,Android,562,5.7,2131,275
Apple,iPhone 12 Mini ,Black,4GB,64 GB,Yes,4.5,56999,59900,Apple iPhone 12 Mini ,2901,4.843071786310517,IOS,584,6.4,2529,274
vivo,V20 SE ,Aquamarine Green,8 GB,128 GB,Yes,4.3,12900,12900,vivo V20 SE ,0,0.0,Android,742,7.0,4901,424
Lenovo,X2-AP ,White,2 GB,32 GB,Yes,3.7,9999,9999,Lenovo X2-AP ,0,0.0,Android,463,5.1,5620,96
SAMSUNG,Galaxy A30 ,White,4 GB,64 GB,Yes,4.4,18000,18000,SAMSUNG Galaxy A30 ,0,0.0,Android,72,6.2,3617,19
SAMSUNG,Galaxy F41 ,Fusion Blue,6 GB,128 GB,Yes,4.3,14499,20999,SAMSUNG Galaxy F41 ,6500,30.9538549454736,Android,554,5.2,5562,250
Nokia,8,Tempered Blue,4 GB,64 GB,Yes,4.0,36999,36999,Nokia 8,0,0.0,Android,877,4.6,3674,133
SAMSUNG,Metro SM-B313ez,Black,,Expandable Upto 16 GB,Yes,4.1,2340,2340,SAMSUNG Metro SM-B313ez,0,0.0,Android,214,6.4,5429,186
realme,Narzo 30 5G ,Racing Blue,6 GB,128 GB,Yes,4.3,16999,17999,realme Narzo 30 5G ,1000,5.555864214678594,Android,354,5.6,4932,340
Lenovo,K6 Note ,Grey,3 GB,32 GB,Yes,4.1,6999,6999,Lenovo K6 Note ,0,0.0,Android,234,6.7,4050,140
Apple,iPhone 7 Plus ,Gold,3 GB,256 GB,Yes,4.5,85400,85400,Apple iPhone 7 Plus ,0,0.0,IOS,567,6.1,5669,213
POCO,F3 GT,Gunmetal Silver,8 GB,128 GB,Yes,4.3,28999,34999,POCO F3 GT,6000,17.14334695277008,Android,991,5.4,2890,572
realme,C15 ,Power Silver,3 GB,,Yes,4.3,9999,11999,realme C15 ,2000,16.668055671305943,Android,661,6.0,2721,44
SAMSUNG,Galaxy F12 ,Sea Green,4 GB,64 GB,Yes,4.2,11499,12999,SAMSUNG Galaxy F12 ,1500,11.539349180706209,Android,629,6.6,3466,480
vivo,Y12G ,Phantom Black,3 GB,64 GB,Yes,4.4,27990,27990,vivo Y12G ,0,0.0,Android,330,6.7,3406,323
OPPO,F19 Pro+ 5G,Fluid Black,8 GB,128 GB,Yes,4.3,25990,29990,OPPO F19 Pro+ 5G,4000,13.337779259753251,Android,1000,6.5,3635,815
Xiaomi,11 Lite NE,Tuscany Coral,6 GB,128 GB,Yes,4.4,28999,28999,Xiaomi 11 Lite NE,0,0.0,Android,862,5.3,3253,626
realme,C25 ,Watery Blue,4 GB,64 GB,Yes,4.4,9999,10999,realme C25 ,1000,9.091735612328392,Android,770,4.7,4342,622
OPPO,F19,Space Silver,6 GB,128 GB,Yes,4.2,19990,20990,OPPO F19,1000,4.76417341591234,Android,169,5.4,4744,48
realme,8,Cyber Silver,4 GB,128 GB,Yes,4.3,15999,16999,realme 8,1000,5.882698982293076,Android,321,6.8,2425,220
SAMSUNG,Galaxy S9 ,Coral Blue,4 GB,128 GB,Yes,4.4,61900,61900,SAMSUNG Galaxy S9 ,0,0.0,Android,389,5.7,4056,206
LG,Q60 ,Blue,3 GB,64 GB,Yes,4.0,9990,9990,LG Q60 ,0,0.0,Android,238,5.6,4390,81
SAMSUNG,Galaxy M02 ,Red,3 GB,32 GB,Yes,4.0,8083,8188,SAMSUNG Galaxy M02 ,105,1.2823644357596482,Android,950,6.0,2035,578
LG,X Cam ,Titan Silver,2 GB,16 GB,Yes,3.5,9999,9999,LG X Cam ,0,0.0,Android,242,5.1,3827,62
GIONEE,Elife E3 ,White,1 GB,16 GB,Yes,4.3,4200,4200,GIONEE Elife E3 ,0,0.0,Android,333,4.6,5056,172
SAMSUNG,Galaxy Note10 Lite ,Aura Red,8 GB,128 GB,Yes,4.3,39999,45000,SAMSUNG Galaxy Note10 Lite ,5001,11.113333333333332,Android,480,5.0,2685,329
SAMSUNG,Galaxy S21 Plus ,Phantom Silver,8 GB,256 GB,Yes,4.4,75999,104999,SAMSUNG Galaxy S21 Plus ,29000,27.61931066010153,Android,582,4.9,2893,205
Lenovo,A6 Note ,Blue,3 GB,32 GB,Yes,4.2,9999,9999,Lenovo A6 Note ,0,0.0,Android,502,5.1,5182,377
realme,Narzo 10A ,So Blue,4 GB,64 GB,Yes,4.5,9999,10999,realme Narzo 10A ,1000,9.091735612328392,Android,408,6.4,2188,394
SAMSUNG,Galaxy Star Pro ,Midnight Black,512 MB,4 GB,Yes,3.8,4299,4299,SAMSUNG Galaxy Star Pro ,0,0.0,Android,96,5.3,5525,51
POCO,M2  ,Slate Blue,6 GB,128 GB,Yes,4.4,11499,14999,POCO M2  ,3500,23.334888992599502,Android,517,5.5,2178,405
OPPO,A15,Dynamic Black,3 GB,32 GB,Yes,4.3,10990,12990,OPPO A15,2000,15.396458814472672,Android,708,5.6,2950,190
SAMSUNG,Galaxy Grand Prime 4g ,Grey,1 GB,8 GB,Yes,3.9,8250,8250,SAMSUNG Galaxy Grand Prime 4g ,0,0.0,Android,811,6.0,4225,33
OPPO,K3,Aurora Blue,8 GB,128 GB,Yes,4.2,29999,29999,OPPO K3,0,0.0,Android,770,6.7,2619,354
Apple,iPhone 12 Pro Max ,Silver,,256 GB,Yes,4.6,129900,129900,Apple iPhone 12 Pro Max ,0,0.0,IOS,981,5.6,4652,465
SAMSUNG,Galaxy S6 Edge ,Gold Platinum,3 GB,32 GB,Yes,4.0,29999,29999,SAMSUNG Galaxy S6 Edge ,0,0.0,Android,330,5.4,2396,69
OPPO,A15,Mystery Blue,2 GB,32 GB,Yes,4.0,9989,9989,OPPO A15,0,0.0,Android,72,6.7,5941,50
SAMSUNG,Galaxy S8 ,Burgundy Red,4 GB,64 GB,Yes,4.6,49990,49990,SAMSUNG Galaxy S8 ,0,0.0,Android,658,5.4,3266,401
vivo,Y53s ,Fantastic Rainbow,8 GB,128 GB,Yes,4.3,14500,14500,vivo Y53s ,0,0.0,Android,747,6.0,3479,542
Lenovo,K6 Power ,dark gold,3 GB,32 GB,Yes,4.1,7499,7499,Lenovo K6 Power ,0,0.0,Android,16,5.6,5128,12
OPPO,A3s,Red,2 GB,16 GB,Yes,4.4,9500,9500,OPPO A3s,0,0.0,Android,765,6.1,3233,473
GIONEE,F10 Plus ,Rainbow Black,3 GB,32 GB,Yes,,8590,8590,GIONEE F10 Plus ,0,0.0,Android,86,5.2,3603,39
Lenovo,K8 Plus ,Fine Gold,3 GB,32 GB,Yes,4.2,10999,10999,Lenovo K8 Plus ,0,0.0,Android,434,6.6,3844,163
SAMSUNG,Guru FM Plus,Black,4 MB,4 MB,Yes,,4500,4500,SAMSUNG Guru FM Plus,0,0.0,Android,491,6.9,4069,299
realme,3,Radiant Blue,4 GB,64 GB,Yes,4.4,10499,12999,realme 3,2500,19.232248634510345,Android,116,6.1,4845,47
realme,8 Pro ,Infinite Blue,8 GB,128 GB,Yes,4.4,19999,21999,realme 8 Pro ,2000,9.091322332833313,Android,131,5.9,2961,70
Nokia,5,Copper,3 GB,16 GB,Yes,4.1,15299,15299,Nokia 5,0,0.0,Android,332,6.8,2822,49
Motorola,E6s,Caribbean Blue,4 GB,64 GB,Yes,4.1,7999,9999,Motorola E6s,2000,20.00200020002,Android,806,6.9,5725,684
OPPO,A7,Glaze Blue,4 GB,64 GB,Yes,4.4,10990,18990,OPPO A7,8000,42.1274354923644,Android,67,5.7,3621,18
HTC,Wildfire X ,Blue MB,3 GB,32 GB,Yes,3.9,13999,13999,HTC Wildfire X ,0,0.0,Android,238,4.6,3012,92
Apple,iPhone 11 Pro Max ,Silver,4GB,64 GB,Yes,4.7,117100,117100,Apple iPhone 11 Pro Max ,0,0.0,IOS,749,5.9,2154,336
SAMSUNG,Galaxy A6 ,Gold,4 GB,32 GB,Yes,4.3,12499,22000,SAMSUNG Galaxy A6 ,9501,43.18636363636364,Android,660,6.4,3659,260
ASUS,Zenfone Go 4.5 LTE ,Gold,1 GB,8 GB,Yes,3.6,4880,4880,ASUS Zenfone Go 4.5 LTE ,0,0.0,Android,187,5.3,3804,28
Apple,iPhone 7 ,Jet Black,2 GB,32 GB,Yes,4.5,24999,31500,Apple iPhone 7 ,6501,20.63809523809524,IOS,486,6.5,4937,132
SAMSUNG,GURU FM PLUS,Black,4 MB,256 MB,Yes,,1662,1662,SAMSUNG GURU FM PLUS,0,0.0,Android,965,6.4,5430,132
Apple,iPhone 11 ,Purple,4GB,64 GB,Yes,4.6,49900,49900,Apple iPhone 11 ,0,0.0,IOS,387,6.9,4868,386
vivo,T1 5G,Starlight Black,8 GB,128 GB,Yes,,19990,23990,vivo T1 5G,4000,16.673614005835766,Android,36,5.3,4569,7
SAMSUNG,Galaxy Grand Quattro ,Titan Gray,1 GB,8 GB,Yes,4.0,5999,5999,SAMSUNG Galaxy Grand Quattro ,0,0.0,Android,693,6.4,5868,325
ASUS,Zenfone Go 4.5 LTE ,Silver,1 GB,8 GB,Yes,3.6,4890,4890,ASUS Zenfone Go 4.5 LTE ,0,0.0,Android,558,5.2,3246,388
SAMSUNG,Galaxy M30 ,Gradation Black,6 GB,128 GB,Yes,4.3,15900,19590,SAMSUNG Galaxy M30 ,3690,18.83614088820827,Android,487,5.0,5645,388
realme,1,Moonlight Silver,3 GB,,Yes,,10999,12990,realme 1,1991,15.327174749807543,Android,158,6.1,4330,50
Xiaomi,Mi 10 ,Twilight Grey,8 GB,256 GB,Yes,4.2,45871,45871,Xiaomi Mi 10 ,0,0.0,Android,298,5.9,2397,218
Xiaomi,Note 10 lite,Glacier White,4 GB,64 GB,Yes,4.3,15998,15998,Xiaomi Note 10 lite,0,0.0,Android,11,5.7,5941,2
SAMSUNG,Galaxy A50s ,Prism Crush White,6 GB,128 GB,Yes,4.3,21099,26900,SAMSUNG Galaxy A50s ,5801,21.565055762081784,Android,218,5.7,2958,171
realme,X ,Onion,8 GB,128 GB,Yes,4.5,20999,20999,realme X ,0,0.0,Android,925,5.2,3532,677
ASUS,ZenFone 5Z ,Midnight Blue,6 GB,128 GB,Yes,4.5,36299,36299,ASUS ZenFone 5Z ,0,0.0,Android,801,5.1,2076,32
OPPO,F1S,Rose Gold,4 GB,64 GB,Yes,4.3,18990,18990,OPPO F1S,0,0.0,Android,494,5.8,5335,171
POCO,F3 GT,Predator Black,6 GB,128 GB,Yes,4.3,28999,32999,POCO F3 GT,4000,12.121579441801266,Android,918,6.8,2430,59
SAMSUNG,Galaxy On8 ,Black,3 GB,16 GB,Yes,4.3,13490,13490,SAMSUNG Galaxy On8 ,0,0.0,Android,516,5.6,5667,257
Google Pixel,3 XL ,Clearly White,4 GB,64 GB,Yes,4.6,83000,83000,Google Pixel 3 XL ,0,0.0,Android,561,4.6,4792,395
realme,U1 ,Brave Blue,3 GB,64 GB,Yes,4.4,9999,11999,realme U1 ,2000,16.668055671305943,Android,934,6.5,5109,687
SAMSUNG,Galaxy Pocket Neo ,Metallic Silver,512 MB,4 GB,Yes,3.9,5000,5000,SAMSUNG Galaxy Pocket Neo ,0,0.0,Android,965,6.7,2690,582
ASUS,Zenfone Go ,Silver Blue,2 GB,32 GB,Yes,3.8,7300,7300,ASUS Zenfone Go ,0,0.0,Android,244,6.6,2593,2
realme,C3 ,Volcano Grey,3 GB,32 GB,Yes,4.4,8999,8999,realme C3 ,0,0.0,Android,182,5.7,5957,144
IQOO,3,Quantum Silver,8 GB,128 GB,Yes,4.4,34990,37990,IQOO 3,3000,7.896814951302974,Android,209,5.1,2461,41
Lenovo,A7 ,Black,4 GB,64 GB,Yes,3.9,8490,9999,Lenovo A7 ,1509,15.091509150915092,Android,600,6.2,3658,11
SAMSUNG,GALAXY M51 ,Celestial Black,6 GB,128 GB,Yes,4.3,24990,24990,SAMSUNG GALAXY M51 ,0,0.0,Android,815,5.5,5047,286
SAMSUNG,Galaxy Note 5 Dual ,Gold Platinum,4 GB,32 GB,Yes,4.1,39899,39899,SAMSUNG Galaxy Note 5 Dual ,0,0.0,Android,981,4.8,3229,981
SAMSUNG,Galaxy M10S ,Metallic Blue,3 GB,32 GB,Yes,4.4,8990,10000,SAMSUNG Galaxy M10S ,1010,10.1,Android,878,6.1,2011,322
POCO,M2 Pro,Out of Blue,6 GB,128 GB,Yes,4.4,15999,19999,POCO M2 Pro,4000,20.001000050002503,Android,277,4.5,2996,128
HTC,626G Plus,Blue Lagoon,1 GB,8 GB,Yes,3.9,8999,8999,HTC 626G Plus,0,0.0,Android,496,6.3,2711,443
Xiaomi,Redmi Note 11T 5G,Matte Black,8 GB,128 GB,Yes,4.3,22189,22189,Xiaomi Redmi Note 11T 5G,0,0.0,Android,880,6.4,2389,208
ASUS,Zenfone Max Pro M1 ,Black,6 GB,64 GB,Yes,4.3,17999,17999,ASUS Zenfone Max Pro M1 ,0,0.0,Android,259,6.0,5946,162
Apple,iPhone 6 Plus ,Space Grey,1 GB,128 GB,Yes,4.5,80500,80500,Apple iPhone 6 Plus ,0,0.0,IOS,922,6.1,4270,582
realme,6,Comet White,4 GB,64 GB,Yes,4.4,13999,14999,realme 6,1000,6.667111140742716,Android,542,5.1,5963,127
Xiaomi,Mi 10T ,Lunar Silver,6 GB,128 GB,Yes,4.3,32999,39999,Xiaomi Mi 10T ,7000,17.500437510937775,Android,898,6.4,4074,672
POCO,M2 Pro,Two shades of black,6 GB,64 GB,Yes,4.4,14999,17999,POCO M2 Pro,3000,16.667592644035782,Android,314,5.6,3916,146
SAMSUNG,M31 Prime ,IceBerg Blue,6 GB,128 GB,Yes,4.3,17259,17259,SAMSUNG M31 Prime ,0,0.0,Android,496,5.4,3582,40
SAMSUNG,Galaxy A52 ,Awesome Violet,6 GB,128 GB,Yes,4.3,27499,30499,SAMSUNG Galaxy A52 ,3000,9.836388078297649,Android,854,5.1,5937,576
Apple,iPhone 12 ,Blue,4GB,256 GB,Yes,4.6,78999,80900,Apple iPhone 12 ,1901,2.349814585908529,IOS,338,6.7,3980,211
OPPO,F15,Lightening Black,4 GB,128 GB,Yes,4.4,15990,20990,OPPO F15,5000,23.820867079561697,Android,270,4.7,2606,110
Xiaomi,Mi A3 ,Kind of Grey,4 GB,64 GB,Yes,4.3,12990,14990,Xiaomi Mi A3 ,2000,13.342228152101402,Android,945,5.7,5149,208
Apple,iPhone 7 ,Gold,2 GB,256 GB,Yes,4.5,74400,74400,Apple iPhone 7 ,0,0.0,IOS,494,5.8,3340,461
SAMSUNG,Galaxy A51 ,Prism Crush White,6 GB,128 GB,Yes,4.3,20999,25999,SAMSUNG Galaxy A51 ,5000,19.231508904188622,Android,132,5.1,2633,102
SAMSUNG,Galaxy M02 ,Blue,3 GB,32 GB,Yes,4.0,8892,8892,SAMSUNG Galaxy M02 ,0,0.0,Android,239,4.9,2616,143
SAMSUNG,Galaxy M32 ,Light Blue,6 GB,128 GB,Yes,4.4,16998,18439,SAMSUNG Galaxy M32 ,1441,7.814957427192364,Android,644,6.4,3624,527
ASUS,Zenfone Max Pro M1 ,Black,3 GB,32 GB,Yes,4.3,13199,13199,ASUS Zenfone Max Pro M1 ,0,0.0,Android,321,6.6,4229,278
realme,8s 5G ,Universe Purple,8 GB,128 GB,Yes,,19999,22999,realme 8s 5G ,3000,13.044045393277967,Android,77,7.0,4987,20
ASUS,6Z ,Silver,6 GB,128 GB,Yes,4.3,38999,38999,ASUS 6Z ,0,0.0,Android,860,6.2,2323,599
ASUS,Zenfone Max Pro M1 ,Grey,4 GB,64 GB,Yes,4.3,15599,15599,ASUS Zenfone Max Pro M1 ,0,0.0,Android,585,5.4,2401,209
Xiaomi,Redmi 6 Pro ,Gold,4 GB,64 GB,Yes,4.5,12349,12999,Xiaomi Redmi 6 Pro ,650,5.00038464497269,Android,764,5.7,3120,149
SAMSUNG,Galaxy E5 ,Black,1.5 GB,16 GB,Yes,4.2,9890,9890,SAMSUNG Galaxy E5 ,0,0.0,Android,844,5.9,5114,755
SAMSUNG,Metro 313,Black,4 MB,2 MB,Yes,4.2,2336,2336,SAMSUNG Metro 313,0,0.0,Android,982,4.5,4531,273
Infinix,Hot S3,Blush Gold,4 GB,64 GB,Yes,4.1,11999,11999,Infinix Hot S3,0,0.0,Android,818,5.1,3085,302
realme,7 Pro ,Sun Kissed Leather,6 GB,128 GB,Yes,4.4,19999,20999,realme 7 Pro ,1000,4.76213153007286,Android,475,6.2,5212,445
Apple,iPhone 11 Pro ,Space Grey,4GB,512 GB,Yes,4.6,140300,140300,Apple iPhone 11 Pro ,0,0.0,IOS,669,4.8,5161,27
OPPO,F19 Pro,Fluid Black,8 GB,128 GB,Yes,4.3,21990,23990,OPPO F19 Pro,2000,8.336807002917883,Android,847,6.8,3070,736
GIONEE,S Plus ,Gold,3 GB,16 GB,Yes,3.7,7350,18279,GIONEE S Plus ,10929,59.789922862301005,Android,11,5.7,5993,11
Xiaomi,9A Sport,Coral Green,3 GB,32 GB,Yes,4.3,7798,7798,Xiaomi 9A Sport,0,0.0,Android,128,6.4,4094,73
Xiaomi,Redmi K20 ,Pearl White,6 GB,64 GB,Yes,4.5,20899,21999,Xiaomi Redmi K20 ,1100,5.0002272830583205,Android,523,6.2,5984,329
Apple,iPhone 7 ,Jet Black,2 GB,32 GB,Yes,4.5,24999,31500,Apple iPhone 7 ,6501,20.63809523809524,IOS,413,5.7,3691,285
OPPO,A15,Rainbow Silver,2 GB,32 GB,Yes,4.0,9490,9500,OPPO A15,10,0.1052631578947368,Android,562,5.4,5446,546
Lenovo,K8 Note ,Fine Gold,3 GB,32 GB,Yes,4.1,7490,7490,Lenovo K8 Note ,0,0.0,Android,727,5.9,4674,331
LG,Q7 ,Moroccan Blue,3 GB,32 GB,Yes,3.3,16790,16790,LG Q7 ,0,0.0,Android,369,7.0,4730,63
SAMSUNG,Galaxy A2 Core ,Gold,1 GB,16 GB,Yes,4.2,5900,5900,SAMSUNG Galaxy A2 Core ,0,0.0,Android,716,6.4,2852,238
Xiaomi,Redmi Y2 ,Dark Grey,3 GB,32 GB,Yes,4.2,9499,9499,Xiaomi Redmi Y2 ,0,0.0,Android,784,5.3,2305,661
Infinix,Smart 2,Serene Gold,2 GB,16 GB,Yes,4.1,6949,6999,Infinix Smart 2,50,0.7143877696813831,Android,249,5.2,3676,20
OPPO,A16,Blue,3 GB,32 GB,Yes,3.7,10490,10490,OPPO A16,0,0.0,Android,9,5.9,3998,8
vivo,X60 Pro,Midnight Black,12 GB,256 GB,Yes,4.4,54990,54990,vivo X60 Pro,0,0.0,Android,182,5.5,4356,47
OPPO,A12,Flowing Silver,3 GB,32 GB,Yes,4.4,9490,10990,OPPO A12,1500,13.64877161055505,Android,796,6.5,3226,462
SAMSUNG,Galaxy S6 Edge ,Gold Platinum,3 GB,64 GB,Yes,4.0,53900,53900,SAMSUNG Galaxy S6 Edge ,0,0.0,Android,97,6.9,3352,95
SAMSUNG,Galaxy On6 ,Blue,4 GB,64 GB,Yes,4.3,17600,17600,SAMSUNG Galaxy On6 ,0,0.0,Android,530,6.1,5809,28
realme,6,Comet White,6 GB,128 GB,Yes,4.4,15999,16999,realme 6,1000,5.882698982293076,Android,788,6.6,3273,364
Google Pixel,3a XL ,Clearly White,4 GB,64 GB,Yes,4.5,44999,44999,Google Pixel 3a XL ,0,0.0,Android,277,5.5,2328,95
SAMSUNG,Metro 313,Black,512 MB,2 MB,Yes,4.1,2599,2599,SAMSUNG Metro 313,0,0.0,Android,576,5.5,2495,297
ASUS,Zenfone Max Pro M1 ,Blue,4 GB,64 GB,Yes,4.3,15599,15599,ASUS Zenfone Max Pro M1 ,0,0.0,Android,339,5.8,2006,99
SAMSUNG,Galaxy Note10 Lite ,Aura Black,6 GB,128 GB,Yes,4.3,39990,39990,SAMSUNG Galaxy Note10 Lite ,0,0.0,Android,39,6.2,4605,39
Nokia,C01 Plus ,Blue,2 GB,16 GB,Yes,,6499,6499,Nokia C01 Plus ,0,0.0,Android,218,6.8,4626,174
SAMSUNG,Metro 360,Black,64 MB,100 MB,Yes,4.2,3499,3499,SAMSUNG Metro 360,0,0.0,Android,181,5.7,5458,16
Xiaomi,Mi 11 Lite ,Vinyl Black,8 GB,128 GB,Yes,4.2,23999,25999,Xiaomi Mi 11 Lite ,2000,7.692603561675448,Android,170,5.1,2747,71
Apple,iPhone 8 Plus ,Silver,3 GB,256 GB,Yes,4.6,84900,84900,Apple iPhone 8 Plus ,0,0.0,IOS,864,5.6,3788,22
SAMSUNG,Galaxy Note 3 ,Jet Black,3 GB,32 GB,Yes,4.2,21999,21999,SAMSUNG Galaxy Note 3 ,0,0.0,Android,900,4.7,2282,541
realme,6 Pro ,Lightning Orange,8 GB,128 GB,Yes,4.4,19499,19499,realme 6 Pro ,0,0.0,Android,126,5.6,3984,40
OPPO,Reno5 Pro 5G,Astral Blue,8 GB,128 GB,Yes,4.4,35990,38990,OPPO Reno5 Pro 5G,3000,7.694280584765324,Android,994,6.3,3875,555
GIONEE,F103 3GB Version ,White,3 GB,16 GB,Yes,3.5,6598,6598,GIONEE F103 3GB Version ,0,0.0,Android,650,4.6,3344,511
realme,C15 ,Power Blue,3 GB,32 GB,Yes,4.3,9999,11999,realme C15 ,2000,16.668055671305943,Android,341,4.6,4412,128
Xiaomi,Redmi Note 7 Pro ,Neptune Blue,6 GB,128 GB,Yes,3.8,16399,16399,Xiaomi Redmi Note 7 Pro ,0,0.0,Android,151,5.5,4773,105
Apple,iPhone 7 Plus ,Silver,3 GB,32 GB,Yes,4.5,36999,37900,Apple iPhone 7 Plus ,901,2.3773087071240107,IOS,990,6.7,3534,26
Apple,iPhone 13 ,Pink,4GB,256 GB,Yes,,89900,89900,Apple iPhone 13 ,0,0.0,IOS,503,5.3,2708,422
Nokia,C01 Plus ,Blue,2 GB,16 GB,Yes,,6499,6499,Nokia C01 Plus ,0,0.0,Android,83,5.3,2528,78
LG,G3 Stylus ,Black Titan,1 GB,8 GB,Yes,4.1,13990,13990,LG G3 Stylus ,0,0.0,Android,535,5.9,2792,133
realme,C15 ,Power Silver,3 GB,32 GB,Yes,4.3,9999,11999,realme C15 ,2000,16.668055671305943,Android,560,5.9,5686,446
LG,L Bello ,Black Titan,1 GB,8 GB,Yes,3.9,7000,17000,LG L Bello ,10000,58.82352941176471,Android,149,5.9,5424,120
Nokia,2.4,Fjord Blue,3 GB,64 GB,Yes,4.0,10399,11499,Nokia 2.4,1100,9.566049221671449,Android,248,6.5,2101,167
Apple,iPhone 11 Pro ,Silver,4GB,512 GB,Yes,4.6,140300,140300,Apple iPhone 11 Pro ,0,0.0,IOS,494,6.2,2457,483
Nokia,6.1,Copper,4 GB,32 GB,Yes,4.0,12999,19999,Nokia 6.1,7000,35.00175008750438,Android,57,6.4,5820,40
ASUS,ZenFone Max Pro M2 ,Titanium,3 GB,32 GB,Yes,4.3,15999,15999,ASUS ZenFone Max Pro M2 ,0,0.0,Android,389,5.0,5630,45
Apple,iPhone 8 Plus ,Red,3 GB,64 GB,Yes,4.6,49900,49900,Apple iPhone 8 Plus ,0,0.0,IOS,202,5.9,2730,83
POCO,M2 Pro,Out of Blue,4 GB,64 GB,Yes,4.4,13999,16999,POCO M2 Pro,3000,17.648096946879228,Android,89,6.8,3450,8
SAMSUNG,Galaxy F62 ,Laser Green,6 GB,128 GB,Yes,4.2,23999,29999,SAMSUNG Galaxy F62 ,6000,20.00066668888963,Android,198,5.8,2158,143
Apple,iPhone 11 Pro ,Midnight Green,4GB,256 GB,Yes,4.6,79999,106600,Apple iPhone 11 Pro ,26601,24.954033771106943,IOS,195,5.2,4569,50
SAMSUNG,Galaxy A71 ,Prism Crush Black,8 GB,128 GB,Yes,4.4,27499,34999,SAMSUNG Galaxy A71 ,7500,21.4291836909626,Android,420,6.3,3785,293
SAMSUNG,Galaxy A32 ,Awesome Blue,6 GB,128 GB,Yes,4.1,21700,21700,SAMSUNG Galaxy A32 ,0,0.0,Android,915,4.8,5171,42
HTC,Desire 816  ,Dark Grey,1.5 GB,8 GB,Yes,4.1,27390,27390,HTC Desire 816  ,0,0.0,Android,176,4.7,3451,139
Apple,iPhone 6 Plus ,Space Grey,1 GB,16 GB,Yes,4.5,39999,39999,Apple iPhone 6 Plus ,0,0.0,IOS,950,6.4,2059,1
SAMSUNG,Galaxy A50 ,Blue,6 GB,64 GB,Yes,4.4,21990,21990,SAMSUNG Galaxy A50 ,0,0.0,Android,365,5.5,3451,57
Apple,iPhone 7 Plus ,Red,3 GB,256 GB,Yes,5.0,85400,85400,Apple iPhone 7 Plus ,0,0.0,IOS,505,5.4,3228,135
Infinix,Note 10 Pro,Black,8 GB,256 GB,Yes,4.2,16999,19999,Infinix Note 10 Pro,3000,15.000750037501875,Android,601,5.3,3652,184
OPPO,F19,Prism Black,6 GB,128 GB,Yes,4.2,19990,20990,OPPO F19,1000,4.76417341591234,Android,271,6.7,4712,193
Apple,iPhone 12 Mini ,Blue,4GB,64 GB,Yes,4.5,56999,59900,Apple iPhone 12 Mini ,2901,4.843071786310517,IOS,931,4.7,2867,266
GIONEE,S96,Black,8 MB,16 MB,Yes,3.7,1099,1999,GIONEE S96,900,45.02251125562781,Android,395,5.1,4137,307
SAMSUNG,Galaxy A9 Pro ,White,4 GB,32 GB,Yes,4.3,26900,26900,SAMSUNG Galaxy A9 Pro ,0,0.0,Android,633,6.8,5972,458
Lenovo,Vibe K5 Plus ,Dark Grey,2 GB,16 GB,Yes,4.0,8499,8499,Lenovo Vibe K5 Plus ,0,0.0,Android,106,6.8,4538,62
Infinix,Note 5,Ice Blue,3 GB,32 GB,Yes,4.2,10399,10399,Infinix Note 5,0,0.0,Android,429,6.7,4851,263
SAMSUNG,Galaxy A5 ,Champagne Gold,2 GB,16 GB,Yes,4.1,17990,17990,SAMSUNG Galaxy A5 ,0,0.0,Android,532,6.5,2008,465
OPPO,F9 Pro,Sunrise Red,6 GB,64 GB,Yes,4.5,19990,25000,OPPO F9 Pro,5010,20.04,Android,971,4.5,2819,416
Apple,iPhone XR ,Red,3 GB,128 GB,Yes,4.6,47999,52900,Apple iPhone XR ,4901,9.264650283553877,IOS,43,5.0,5786,12
Nokia,3310 DS 2020,Black,16 MB,Expandable Upto 32 GB,Yes,3.8,3999,3999,Nokia 3310 DS 2020,0,0.0,Android,712,6.8,3045,660
Nokia,110 4G,Black,128 MB,48 MB,Yes,,3075,3075,Nokia 110 4G,0,0.0,Android,329,6.3,5481,12
GIONEE,P7 ,Gold,2 GB,16 GB,Yes,3.8,4450,4450,GIONEE P7 ,0,0.0,Android,473,6.6,3074,360
SAMSUNG,Galaxy M32 ,Black,4 GB,64 GB,Yes,4.2,14749,15980,SAMSUNG Galaxy M32 ,1231,7.703379224030038,Android,392,4.7,4476,47
Apple,iPhone 12 Pro Max ,Pacific Blue,,512 GB,Yes,4.6,149900,149900,Apple iPhone 12 Pro Max ,0,0.0,IOS,148,4.5,3333,98
realme,C11 2021 ,Cool Grey,4 GB,64 GB,Yes,4.2,8799,9999,realme C11 2021 ,1200,12.001200120012,Android,815,5.7,5456,406
realme,9 5G SE,Starry Glow,8 GB,128 GB,Yes,4.5,22999,26999,realme 9 5G SE,4000,14.815363531982667,Android,813,5.6,2954,726
Motorola,M,Grey,3 GB,32 GB,Yes,3.9,14999,14999,Motorola M,0,0.0,Android,494,6.2,3233,443
SAMSUNG,Galaxy S10e ,Prism Black,6 GB,128 GB,Yes,4.5,59000,59000,SAMSUNG Galaxy S10e ,0,0.0,Android,43,5.6,4051,15
vivo,Y21 ,Diamond Glow,6 GB,128 GB,Yes,4.3,32990,32990,vivo Y21 ,0,0.0,Android,579,7.0,5407,193
SAMSUNG,Galaxy S9 Plus ,Sunrise Gold,6 GB,128 GB,Yes,4.5,68900,68900,SAMSUNG Galaxy S9 Plus ,0,0.0,Android,664,6.0,2925,86
Apple,iPhone 11 Pro Max ,Midnight Green,4GB,512 GB,Yes,4.7,150800,150800,Apple iPhone 11 Pro Max ,0,0.0,IOS,476,5.2,5145,80
GIONEE,Ctrl V4S ,White,1 GB,8 GB,Yes,3.6,3999,3999,GIONEE Ctrl V4S ,0,0.0,Android,71,5.6,3321,48
GIONEE,Pioneer P4 ,Black,1 GB,8 GB,Yes,3.8,7150,7150,GIONEE Pioneer P4 ,0,0.0,Android,112,5.5,2131,79
OPPO,A16,Royal Gold,4 GB,64 GB,Yes,4.3,13490,13490,OPPO A16,0,0.0,Android,122,4.6,4849,4
SAMSUNG,Galaxy J6 Plus ,Blue,4 GB,64 GB,Yes,4.3,13600,13600,SAMSUNG Galaxy J6 Plus ,0,0.0,Android,339,5.6,2378,142
HTC,Desire 820,Saffron Grey,2 GB,16 GB,Yes,4.1,25999,25999,HTC Desire 820,0,0.0,Android,462,5.5,2609,206
HTC,Desire 626,Dark Grey,2 GB,16 GB,Yes,3.7,15490,15490,HTC Desire 626,0,0.0,Android,269,5.9,3148,163
Xiaomi,Redmi Note 7 Pro ,Space Black,6 GB,128 GB,Yes,4.1,17999,17999,Xiaomi Redmi Note 7 Pro ,0,0.0,Android,768,6.9,4268,87
realme,Narzo 50A ,Oxygen Blue,4 GB,64 GB,Yes,4.3,11499,12999,realme Narzo 50A ,1500,11.539349180706209,Android,937,6.9,5911,442
OPPO,K3,Jade Black,6 GB,64 GB,Yes,4.3,24990,24990,OPPO K3,0,0.0,Android,727,5.2,3745,334
OPPO,A11K,Deep Blue,2 GB,32 GB,Yes,4.2,8990,10990,OPPO A11K,2000,18.198362147406733,Android,465,5.9,5384,351
Infinix,Hot 6 Pro,Magic Gold,3 GB,32 GB,Yes,4.3,8999,8999,Infinix Hot 6 Pro,0,0.0,Android,38,4.7,3091,13
realme,U1 ,Fiery Gold,3 GB,32 GB,Yes,4.4,8490,8490,realme U1 ,0,0.0,Android,554,4.6,4270,374
OPPO,Reno4 Pro,Silky White,8 GB,128 GB,Yes,4.4,34990,37990,OPPO Reno4 Pro,3000,7.896814951302974,Android,679,6.1,4111,376
realme,9 Pro 5G,Aurora Green,6 GB,128 GB,Yes,4.4,17999,21999,realme 9 Pro 5G,4000,18.182644665666626,Android,119,4.6,5297,23
Apple,iPhone 11 Pro ,Midnight Green,4GB,512 GB,Yes,4.6,140300,140300,Apple iPhone 11 Pro ,0,0.0,IOS,63,6.1,4178,62
Xiaomi,Redmi K20 ,Carbon Black,6 GB,128 GB,Yes,4.1,18429,18429,Xiaomi Redmi K20 ,0,0.0,Android,408,4.8,2223,75
HTC,Desire 516,Pearl White,1 GB,4 GB,Yes,3.5,15200,15200,HTC Desire 516,0,0.0,Android,169,4.6,3164,54
SAMSUNG,Galaxy J7 Prime ,Black,3 GB,16 GB,Yes,4.2,10990,10990,SAMSUNG Galaxy J7 Prime ,0,0.0,Android,140,6.8,3589,12
Apple,iPhone 11 ,White,4GB,64 GB,Yes,4.6,49900,49900,Apple iPhone 11 ,0,0.0,IOS,104,5.6,4540,75
Apple,iPhone XR ,Red,3 GB,256 GB,Yes,4.6,91900,91900,Apple iPhone XR ,0,0.0,IOS,850,6.1,4810,48
OPPO,Neo 5,Black,1 GB,16 GB,Yes,3.8,4999,7856,OPPO Neo 5,2857,36.367107942973526,Android,397,6.0,3642,253
realme,C25s ,Watery Blue,4 GB,128 GB,Yes,4.4,11999,11999,realme C25s ,0,0.0,Android,778,6.1,4469,663
SAMSUNG,Galaxy A9 ,Caviar Black,8 GB,128 GB,Yes,4.3,30990,30990,SAMSUNG Galaxy A9 ,0,0.0,Android,890,5.1,2217,356
realme,Narzo 30 5G ,Racing Silver,4 GB,64 GB,Yes,4.4,14999,15999,realme Narzo 30 5G ,1000,6.250390649415588,Android,42,5.2,2232,40
Xiaomi,Redmi K20 Pro ,Glacier Blue,6 GB,128 GB,Yes,4.4,28999,28999,Xiaomi Redmi K20 Pro ,0,0.0,Android,969,6.4,2363,135
SAMSUNG,Galaxy S21 Plus ,Phantom Violet,8 GB,256 GB,Yes,4.4,75999,104999,SAMSUNG Galaxy S21 Plus ,29000,27.61931066010153,Android,15,6.1,5249,10
Apple,iPhone 6s ,Gold,2 GB,64 GB,Yes,4.5,49999,49999,Apple iPhone 6s ,0,0.0,IOS,174,6.1,3797,126
SAMSUNG,Galaxy A22 5G ,Grey,8 GB,128 GB,Yes,4.2,21999,23999,SAMSUNG Galaxy A22 5G ,2000,8.33368057002375,Android,432,5.6,5845,238
Motorola,X 2nd Generation ,Black,2 GB,32 GB,Yes,4.2,24999,24999,Motorola X 2nd Generation ,0,0.0,Android,32,5.1,4317,11
vivo,Y69,Matte Black,3 GB,32 GB,Yes,4.3,13990,13990,vivo Y69,0,0.0,Android,84,4.9,3816,1
SAMSUNG,Galaxy Star ,Noble Black,512 MB,4 GB,Yes,3.8,4199,4199,SAMSUNG Galaxy Star ,0,0.0,Android,478,6.4,2673,316
SAMSUNG,Galaxy M11 ,Black,4 GB,64 GB,Yes,4.3,11299,11300,SAMSUNG Galaxy M11 ,1,0.0088495575221238,Android,865,5.3,5366,627
Apple,iPhone 8 Plus ,Gold,3 GB,64 GB,Yes,4.6,49900,49900,Apple iPhone 8 Plus ,0,0.0,IOS,987,5.6,2331,626
Apple,iPhone XS ,Silver,4 GB,512 GB,Yes,4.7,134900,134900,Apple iPhone XS ,0,0.0,IOS,815,6.5,4006,64
Lenovo,A7000 ,Black,2 GB,8 GB,Yes,4.0,5499,5499,Lenovo A7000 ,0,0.0,Android,505,6.3,3429,504
POCO,F1,Graphite Black,6 GB,256 GB,Yes,4.5,28999,28999,POCO F1,0,0.0,Android,948,6.0,2520,795
SAMSUNG,Galaxy J7 Duo ,Black,4 GB,32 GB,Yes,4.3,17962,17962,SAMSUNG Galaxy J7 Duo ,0,0.0,Android,941,5.6,5565,391
Apple,iPhone 13 ,Midnight,4GB,512 GB,Yes,,109900,109900,Apple iPhone 13 ,0,0.0,IOS,250,6.9,5063,29
SAMSUNG,Galaxy A52s 5G ,Awesome Black,8 GB,128 GB,Yes,4.5,37499,40999,SAMSUNG Galaxy A52s 5G ,3500,8.536793580331228,Android,552,5.1,3037,443
Xiaomi,Redmi 8 ,Ruby Red,4 GB,64 GB,Yes,4.5,10999,10999,Xiaomi Redmi 8 ,0,0.0,Android,419,4.9,4277,252
Nokia,3.4,Charcoal,4 GB,64 GB,Yes,3.9,11999,13999,Nokia 3.4,2000,14.286734766769056,Android,655,6.6,4325,174
realme,X2 Pro ,Red Brick,12 GB,256 GB,Yes,4.6,36999,36999,realme X2 Pro ,0,0.0,Android,631,5.0,4468,453
OPPO,F1S,Grey,4 GB,64 GB,Yes,4.3,18990,18990,OPPO F1S,0,0.0,Android,379,7.0,2142,113
realme,C2 ,Diamond Sapphire,3 GB,32 GB,Yes,4.4,7499,8999,realme C2 ,1500,16.6685187243027,Android,24,6.2,3423,4
SAMSUNG,Galaxy A03 Core,Black,2 GB,32 GB,Yes,4.0,7999,10499,SAMSUNG Galaxy A03 Core,2500,23.811791599199925,Android,406,6.3,2557,228
Apple,iPhone 11 ,Green,4GB,64 GB,Yes,4.6,49900,49900,Apple iPhone 11 ,0,0.0,IOS,661,4.6,4685,495
HTC,820S,Santorini White,2 GB,16 GB,Yes,3.9,25500,25500,HTC 820S,0,0.0,Android,483,6.1,4561,278
vivo,Y20G ,Obsidian Black,4 GB,64 GB,Yes,4.4,23990,23990,vivo Y20G ,0,0.0,Android,66,5.6,3893,60
Apple,iPhone 11 ,Black,4GB,64 GB,Yes,4.6,49900,49900,Apple iPhone 11 ,0,0.0,IOS,952,6.5,3809,379
Nokia,5,Silver,2 GB,16 GB,Yes,4.0,6741,6741,Nokia 5,0,0.0,Android,134,6.6,3735,130
SAMSUNG,Galaxy Core Prime ,Silver,1 GB,8 GB,Yes,4.1,6995,6995,SAMSUNG Galaxy Core Prime ,0,0.0,Android,413,5.0,3686,170
Nokia,5.1,Gold,3 GB,32 GB,Yes,4.0,7890,15999,Nokia 5.1,8109,50.684417776111005,Android,670,6.2,5014,112
Apple,iPhone XR ,White,3 GB,64 GB,Yes,4.6,42999,47900,Apple iPhone XR ,4901,10.231732776617951,IOS,421,6.4,5940,26
SAMSUNG,Galaxy F12 ,Celestial Black,4 GB,64 GB,Yes,4.2,11499,12999,SAMSUNG Galaxy F12 ,1500,11.539349180706209,Android,739,6.5,3713,13
Xiaomi,Redmi K20 ,Carbon Black,6 GB,64 GB,Yes,3.8,22999,22999,Xiaomi Redmi K20 ,0,0.0,Android,27,5.1,5698,2
GIONEE,P5 Mini ,Blue,1 GB,8 GB,Yes,3.8,3599,3599,GIONEE P5 Mini ,0,0.0,Android,498,6.8,5299,216
OPPO,A5,Diamond Blue,4 GB,32 GB,Yes,4.4,15000,15000,OPPO A5,0,0.0,Android,920,6.9,5563,840
Apple,iPhone 13 Pro Max,Graphite,4GB,128 GB,Yes,4.7,129900,129900,Apple iPhone 13 Pro Max,0,0.0,IOS,902,4.9,3906,276
GIONEE,M3 ,Black,1 GB,8 GB,Yes,4.1,9599,9599,GIONEE M3 ,0,0.0,Android,727,6.8,2124,722
realme,U1 ,Brave Blue,4 GB,64 GB,Yes,4.4,9999,15499,realme U1 ,5500,35.486160397445,Android,335,6.6,3366,38
Infinix,Note 7,Aether Black,4 GB,64 GB,Yes,4.3,14999,14999,Infinix Note 7,0,0.0,Android,902,6.0,2682,98
Xiaomi,Mi 11X ,LUNAR WHITE,8 GB,128 GB,Yes,4.2,27950,31983,Xiaomi Mi 11X ,4033,12.60982396898352,Android,104,4.6,5424,104
Google Pixel,3,Just Black,4 GB,128 GB,Yes,4.5,80000,80000,Google Pixel 3,0,0.0,Android,892,5.1,3270,67
OPPO,Reno,JET BLACK,8 GB,128 GB,Yes,4.4,29999,29999,OPPO Reno,0,0.0,Android,533,6.0,2366,513
Xiaomi,Mi 11 Lite ,Jazz Blue,6 GB,128 GB,Yes,4.2,21999,24999,Xiaomi Mi 11 Lite ,3000,12.000480019200769,Android,988,6.6,4461,536
ASUS,Zenfone Go 5.5 ,Gold,2 GB,32 GB,Yes,3.7,6999,6999,ASUS Zenfone Go 5.5 ,0,0.0,Android,305,6.6,5644,252
Xiaomi,Redmi Y3 ,Prime Black,4 GB,64 GB,Yes,4.3,12499,13999,Xiaomi Redmi Y3 ,1500,10.715051075076792,Android,749,5.6,3111,446
Lenovo,S850 ,Dark Blue,1 GB,16 GB,Yes,4.0,15999,15999,Lenovo S850 ,0,0.0,Android,861,5.6,5783,287
Infinix,Hot 8,Quetzal Cyan,4 GB,64 GB,Yes,4.5,9999,9999,Infinix Hot 8,0,0.0,Android,388,4.9,5342,153
ASUS,Zenfone Go 3rd Gen,Gold,2 GB,16 GB,Yes,3.8,8999,8999,ASUS Zenfone Go 3rd Gen,0,0.0,Android,556,5.6,4853,60
Apple,iPhone 6 ,Gold,1 GB,64 GB,Yes,4.4,62500,62500,Apple iPhone 6 ,0,0.0,IOS,377,4.6,5111,251
Xiaomi,11 Lite NE,Vinyl Black,8 GB,130 GB,Yes,4.3,25999,25999,Xiaomi 11 Lite NE,0,0.0,Android,492,6.7,4382,446
SAMSUNG,Z1 ,Black,768 MB,4 GB,Yes,3.5,3990,3990,SAMSUNG Z1 ,0,0.0,Android,408,4.9,5530,346
realme,C21Y ,Cross Blue,3 GB,,Yes,,8999,9999,realme C21Y ,1000,10.00100010001,Android,330,5.0,2645,168
SAMSUNG,Galaxy A7-2017 ,Black Sky,3 GB,32 GB,Yes,3.8,25900,25900,SAMSUNG Galaxy A7-2017 ,0,0.0,Android,758,6.4,3668,620
Apple,iPhone SE ,Black,2 GB,128 GB,Yes,4.5,44900,44900,Apple iPhone SE ,0,0.0,IOS,413,4.6,3492,405
SAMSUNG,Metro XL,Black,64 MB,128 MB,Yes,4.2,3271,3271,SAMSUNG Metro XL,0,0.0,Android,7,5.4,4081,5
GIONEE,S11 ,Royal Blue,4 GB,64 GB,Yes,2.8,8539,8549,GIONEE S11 ,10,0.1169727453503333,Android,27,5.0,2272,2
vivo,T1 5G,Rainbow Fantasy,4 GB,128 GB,Yes,,15990,19990,vivo T1 5G,4000,20.01000500250125,Android,567,4.9,5357,200
Motorola,G5,Volcanic Grey,6 GB,128 GB,Yes,4.2,20999,24999,Motorola G5,4000,16.000640025601022,Android,57,6.2,4967,32
SAMSUNG,Galaxy F41 ,Fusion Green,6 GB,64 GB,Yes,4.3,15999,19999,SAMSUNG Galaxy F41 ,4000,20.001000050002503,Android,304,4.7,3883,123
OPPO,A53,Fancy Blue,6 GB,128 GB,Yes,4.3,15999,15999,OPPO A53,0,0.0,Android,339,6.0,3595,220
Infinix,Smart 4,Midnight Black,2 GB,32 GB,Yes,4.4,8999,8999,Infinix Smart 4,0,0.0,Android,283,6.2,5686,1
SAMSUNG,Galaxy A7 ,Black,4 GB,64 GB,Yes,4.4,22300,22300,SAMSUNG Galaxy A7 ,0,0.0,Android,388,5.3,2906,372
HTC,Desire 626,White Birch,2 GB,16 GB,Yes,3.7,11810,11810,HTC Desire 626,0,0.0,Android,765,4.5,2140,714
Nokia,105 DS,Black,4 MB,4 MB,Yes,4.2,1660,1700,Nokia 105 DS,40,2.3529411764705883,Android,934,4.7,4492,472
SAMSUNG,M01 core ,Red,1 GB,16 GB,Yes,3.9,7399,7399,SAMSUNG M01 core ,0,0.0,Android,893,5.8,3852,87
Apple,iPhone SE ,Red,2 GB,64 GB,Yes,4.5,32999,39900,Apple iPhone SE ,6901,17.29573934837093,IOS,250,5.5,4077,108
Lenovo,VIBE P1 ,Grey,2 GB,32 GB,Yes,4.1,15999,15999,Lenovo VIBE P1 ,0,0.0,Android,559,6.1,2549,475
Xiaomi,MI 11X 5G ,CELESTIAL SILVER,6 GB,128 GB,Yes,4.1,26295,27395,Xiaomi MI 11X 5G ,1100,4.015331264829348,Android,191,5.4,2276,136
SAMSUNG,Metro 350,Black,46 MB,2 MB,Yes,4.1,2699,3270,SAMSUNG Metro 350,571,17.46177370030581,Android,706,6.7,2390,44
realme,C3 ,Blazing Red,3 GB,32 GB,Yes,4.4,8999,8999,realme C3 ,0,0.0,Android,716,5.9,4735,654
realme,X2 ,Pearl Green,4 GB,64 GB,Yes,4.5,17999,17999,realme X2 ,0,0.0,Android,392,5.6,3011,129
ASUS,Zenfone Go 4.5 ,Pink,1 GB,8 GB,Yes,3.9,5299,5299,ASUS Zenfone Go 4.5 ,0,0.0,Android,9,4.8,2608,1
SAMSUNG,Galaxy M02 ,Black,3 GB,32 GB,Yes,4.0,8897,8897,SAMSUNG Galaxy M02 ,0,0.0,Android,695,5.9,3819,13
SAMSUNG,Galaxy Note 20 Ultra 5G ,Mystic Bronze,12 GB,256 GB,Yes,4.5,91999,116000,SAMSUNG Galaxy Note 20 Ultra 5G ,24001,20.69051724137931,Android,207,5.1,3196,51
GIONEE,P5_W ,Black,1 GB,16 GB,Yes,3.8,2799,2799,GIONEE P5_W ,0,0.0,Android,76,6.9,3117,68
realme,X50 Pro ,Moss Green,8 GB,128 GB,Yes,4.3,41999,41999,realme X50 Pro ,0,0.0,Android,523,5.7,2717,221
OPPO,A5s,Black,2 GB,32 GB,Yes,4.3,12990,12990,OPPO A5s,0,0.0,Android,956,6.3,2489,686
ASUS,Zenfone C ,Red,1 GB,8 GB,Yes,3.8,6299,6299,ASUS Zenfone C ,0,0.0,Android,653,5.6,4594,375
SAMSUNG,Galaxy A52s 5G ,Awesome Black,6 GB,128 GB,Yes,4.3,35999,38999,SAMSUNG Galaxy A52s 5G ,3000,7.692504936024,Android,622,5.5,2233,4
Apple,iPhone 13 Pro Max,Graphite,4GB,512 GB,Yes,4.7,159900,159900,Apple iPhone 13 Pro Max,0,0.0,IOS,193,5.6,4939,94
OPPO,A5,Diamond Blue,4 GB,64 GB,Yes,4.4,15990,15990,OPPO A5,0,0.0,Android,61,6.2,5073,47
SAMSUNG,Galaxy Note Edge ,Frost White,3 GB,32 GB,Yes,3.3,30000,30000,SAMSUNG Galaxy Note Edge ,0,0.0,Android,613,6.8,2454,223
realme,3,Dynamic Black,4 GB,64 GB,Yes,4.4,10499,12999,realme 3,2500,19.232248634510345,Android,529,6.5,4342,386
Xiaomi,Redmi 8A Dual ,Sky White,3 GB,32 GB,Yes,4.4,8299,8999,Xiaomi Redmi 8A Dual ,700,7.7786420713412605,Android,72,5.9,3184,18
SAMSUNG,Galaxy A03s ,White,4 GB,64 GB,Yes,4.2,12499,14499,SAMSUNG Galaxy A03s ,2000,13.794054762397408,Android,328,5.4,4937,70
OPPO,A12,Flowing Silver,4 GB,64 GB,Yes,4.4,10490,11990,OPPO A12,1500,12.51042535446205,Android,429,5.7,3954,226
vivo,Y51A ,Titanium Sapphire,3 GB,16 GB,Yes,4.3,23990,23990,vivo Y51A ,0,0.0,Android,632,5.0,2910,101
LG,K42 ,Grey,3 GB,64 GB,Yes,3.9,10990,14000,LG K42 ,3010,21.5,Android,690,5.9,3804,132
Nokia,5,Tempered Blue,2 GB,16 GB,Yes,4.0,6400,6400,Nokia 5,0,0.0,Android,196,5.4,4772,1
Apple,iPhone 13 ,Red,4GB,128 GB,Yes,,79900,79900,Apple iPhone 13 ,0,0.0,IOS,35,5.0,3752,2
Apple,iPhone 7 ,Silver,2 GB,128 GB,Yes,4.5,34900,34900,Apple iPhone 7 ,0,0.0,IOS,981,5.7,4893,553
Infinix,Hot 10S,Heart of Ocean,6 GB,64 GB,Yes,4.3,10999,13999,Infinix Hot 10S,3000,21.430102150153584,Android,30,4.8,3356,16
Infinix,Hot 10 Play,Purple  ,4 GB,64 GB,Yes,4.3,9299,10999,Infinix Hot 10 Play,1700,15.455950540958268,Android,794,6.9,2117,413
vivo,V7+,Gold,4 GB,64 GB,Yes,4.4,22099,22221,vivo V7+,122,0.5490301966608163,Android,751,4.8,4509,406
SAMSUNG,Galaxy M31 ,Ocean Blue,6 GB,64 GB,Yes,4.3,16999,17500,SAMSUNG Galaxy M31 ,501,2.8628571428571425,Android,594,4.7,2377,318
vivo,Y21 ,Midnight Blue,8 GB,256 GB,Yes,4.4,49990,54990,vivo Y21 ,5000,9.092562284051644,Android,261,5.7,4948,43
HTC,816G,White,1 GB,16 GB,Yes,3.9,21990,21990,HTC 816G,0,0.0,Android,862,6.8,5917,271
SAMSUNG,Galaxy J7 - 6 New 2016 Edition) ,White,2 GB,16 GB,Yes,4.3,15299,15585,SAMSUNG Galaxy J7 - 6 New 2016 Edition) ,286,1.835097850497273,Android,183,5.2,4120,114
GIONEE,S6S ,Latte Gold,3 GB,32 GB,Yes,4.0,15999,15999,GIONEE S6S ,0,0.0,Android,185,5.3,4820,122
Lenovo,B ,Black,1 GB,8 GB,Yes,3.8,4890,4890,Lenovo B ,0,0.0,Android,290,5.6,3977,121
GIONEE,M2 ,White,1 GB,4 GB,Yes,4.2,11500,11500,GIONEE M2 ,0,0.0,Android,952,6.6,3988,558
realme,C11 2021 ,Cool Blue,2 GB,32 GB,Yes,4.3,7299,7999,realme C11 2021 ,700,8.751093886735841,Android,998,4.5,3791,722
Motorola,Edge 20 Fusion ,Electric Graphite,8 GB,128 GB,Yes,,22999,25999,Motorola Edge 20 Fusion ,3000,11.538905342513177,Android,942,6.2,5027,217
SAMSUNG,Galaxy F62 ,Laser Grey,8 GB,128 GB,Yes,4.3,25999,31999,SAMSUNG Galaxy F62 ,6000,18.75058595581112,Android,658,4.9,4406,379
LG,Wing ,Illusion Sky,8 GB,128 GB,Yes,4.2,29999,80000,LG Wing ,50001,62.50125,Android,257,5.4,4796,147
realme,C25Y ,Glacier Blue,4 GB,128 GB,Yes,,11999,13999,realme C25Y ,2000,14.286734766769056,Android,631,5.7,3343,429
Apple,iPhone 7 Plus ,Red,3 GB,256 GB,Yes,5.0,85400,85400,Apple iPhone 7 Plus ,0,0.0,IOS,615,6.4,4385,407
Nokia,2.3,Cyan Green,2 GB,32 GB,Yes,4.0,8449,8449,Nokia 2.3,0,0.0,Android,132,4.9,2000,85
Infinix,Note 7,Forest Green,4 GB,64 GB,Yes,4.3,14999,14999,Infinix Note 7,0,0.0,Android,261,4.9,2149,236
Infinix,Hot 11S,Silver Wave,4 GB,64 GB,Yes,4.3,10999,13999,Infinix Hot 11S,3000,21.430102150153584,Android,768,6.6,3435,705
SAMSUNG,SAMSUNG Metro 350 Dual Sim,Black,32 MB,2 MB,Yes,4.1,2899,2899,SAMSUNG SAMSUNG Metro 350 Dual Sim,0,0.0,Android,764,6.7,5665,67
Xiaomi,REDMI 9i ,Nature Green,4 GB,64 GB,Yes,4.5,8799,9999,Xiaomi REDMI 9i ,1200,12.001200120012,Android,189,6.2,2163,114
SAMSUNG,Galaxy A9 ,Caviar Black,6 GB,128 GB,Yes,4.4,19990,19990,SAMSUNG Galaxy A9 ,0,0.0,Android,946,6.1,2889,655
SAMSUNG,Galaxy Note 5 ,Silver Titanium,4 GB,32 GB,Yes,3.9,29990,29990,SAMSUNG Galaxy Note 5 ,0,0.0,Android,547,4.7,4786,175
LG,Stylus 2 ,Brown,2 GB,16 GB,Yes,4.1,8350,19000,LG Stylus 2 ,10650,56.05263157894736,Android,540,6.7,4330,359
Infinix,Hot S3X,Aqua Blue,3 GB,32 GB,Yes,4.2,10999,10999,Infinix Hot S3X,0,0.0,Android,987,4.5,4155,749
Apple,iPhone 11 ,Black,4GB,256 GB,Yes,4.6,64900,64900,Apple iPhone 11 ,0,0.0,IOS,49,5.5,5817,18
SAMSUNG,Galaxy A21s ,White,4 GB,64 GB,Yes,4.2,17999,17999,SAMSUNG Galaxy A21s ,0,0.0,Android,886,5.6,5728,342
realme,C11 ,Rich Green,2 GB,32 GB,Yes,4.4,7499,8999,realme C11 ,1500,16.6685187243027,Android,295,6.3,4059,291
Motorola,X4,Super Black,6 GB,64 GB,Yes,4.3,24999,24999,Motorola X4,0,0.0,Android,271,5.5,4514,262
vivo,V20 2021 ,Sunset Melody,8 GB,128 GB,Yes,4.3,11990,15490,vivo V20 2021 ,3500,22.59522272433828,Android,784,6.0,3045,168
Xiaomi,MI3 ,Metallic Grey,2 GB,16 GB,Yes,4.3,7999,7999,Xiaomi MI3 ,0,0.0,Android,607,6.8,4636,293
Lenovo,Z2 Plus ,White,3 GB,32 GB,Yes,3.9,17999,17999,Lenovo Z2 Plus ,0,0.0,Android,26,4.8,4942,19
Apple,iPhone 12 Pro Max ,Pacific Blue,,256 GB,Yes,4.6,129900,129900,Apple iPhone 12 Pro Max ,0,0.0,IOS,846,5.4,2418,438
vivo,X70 Pro+,Enigma Black,12 GB,256 GB,Yes,4.5,79990,84990,vivo X70 Pro+,5000,5.883045064125192,Android,660,6.9,3325,599
Nokia,225 4G DS 2020,Black,64 MB,128 MB,Yes,3.7,4399,4399,Nokia 225 4G DS 2020,0,0.0,Android,322,5.3,3569,265
SAMSUNG,Galaxy A51 ,Haze Crush Silver,6 GB,128 GB,Yes,4.3,20999,25999,SAMSUNG Galaxy A51 ,5000,19.231508904188622,Android,771,5.0,2035,372
SAMSUNG,Galaxy A50 ,Blue,4 GB,64 GB,Yes,4.3,21000,21000,SAMSUNG Galaxy A50 ,0,0.0,Android,945,6.7,4063,436
Nokia,5.1,Black&Blue,3 GB,32 GB,Yes,4.0,16300,16300,Nokia 5.1,0,0.0,Android,81,6.6,4430,20
Nokia,3,Copper White,2 GB,16 GB,Yes,3.9,5499,10299,Nokia 3,4800,46.60646664724731,Android,858,6.2,4262,618
vivo,V23 Pro 5G,Stardust Black,8 GB,128 GB,Yes,4.3,38990,41990,vivo V23 Pro 5G,3000,7.14455822814956,Android,513,6.7,5464,337
Nokia,106,Black,,2 MB,Yes,3.9,1400,1400,Nokia 106,0,0.0,Android,404,5.2,4647,209
SAMSUNG,Galaxy J2 Core ,Black,1 GB,8 GB,Yes,4.2,6500,6500,SAMSUNG Galaxy J2 Core ,0,0.0,Android,874,4.9,3596,870
OPPO,A15s,Dynamic Black,4 GB,128 GB,Yes,4.3,13489,13489,OPPO A15s,0,0.0,Android,723,4.7,2236,302
Infinix,Note 11,Glacier Green,4 GB,64 GB,Yes,4.3,12499,14999,Infinix Note 11,2500,16.66777785185679,Android,645,5.1,2175,449
realme,1,Moonlight Silver,6 GB,,Yes,4.3,10990,14990,realme 1,4000,26.684456304202804,Android,162,5.0,5645,58
Apple,iPhone 6 Plus ,Gold,1 GB,64 GB,Yes,4.5,71500,71500,Apple iPhone 6 Plus ,0,0.0,IOS,484,6.2,3447,155
realme,Narzo 20A ,Victory Blue,4 GB,64 GB,Yes,4.4,9499,11999,realme Narzo 20A ,2500,20.835069589132427,Android,331,5.0,3906,244
Apple,iPhone 13 Mini ,Red,4 GB,256 GB,Yes,,79900,79900,Apple iPhone 13 Mini ,0,0.0,IOS,735,5.4,4461,27
GIONEE,Elife S5.1 ,Blue,1 GB,16 GB,Yes,4.1,9999,9999,GIONEE Elife S5.1 ,0,0.0,Android,507,5.3,5532,198
ASUS,Zenfone Selfie ,Silver,2 GB,16 GB,Yes,3.9,8499,8499,ASUS Zenfone Selfie ,0,0.0,Android,557,5.8,5273,314
realme,C15 Qualcomm Edition ,Power Silver,3 GB,32 GB,Yes,4.3,11999,11999,realme C15 Qualcomm Edition ,0,0.0,Android,724,6.7,3809,433
Apple,iPhone 12 ,Green,4GB,128 GB,Yes,4.6,68999,70900,Apple iPhone 12 ,1901,2.681241184767278,IOS,871,6.4,5450,202
Nokia,7 Plus ,Black & Copper,4 GB,64 GB,Yes,4.3,12000,26028,Nokia 7 Plus ,14028,53.89580451821116,Android,150,6.7,2107,8
realme,8s 5G ,Universe Blue,6 GB,128 GB,Yes,4.5,17999,20999,realme 8s 5G ,3000,14.28639459021858,Android,304,5.2,5067,39
realme,X3 SuperZoom ,Glacier Blue,12 GB,256 GB,Yes,4.2,32999,34999,realme X3 SuperZoom ,2000,5.714448984256693,Android,693,6.8,2612,378
HTC,Desire 616,Pearl White,1 GB,4 GB,Yes,3.8,17200,17200,HTC Desire 616,0,0.0,Android,844,5.2,3424,184
SAMSUNG,Galaxy A20 ,Deep Blue,3 GB,32 GB,Yes,4.3,12900,12900,SAMSUNG Galaxy A20 ,0,0.0,Android,229,6.8,2193,160
Nokia,108 Dual SIM,Black,4 MB,4 MB,Yes,4.2,2149,2149,Nokia 108 Dual SIM,0,0.0,Android,657,4.6,5313,89
SAMSUNG,Galaxy A70s ,Prism Crush White,6 GB,128 GB,Yes,4.3,17999,31000,SAMSUNG Galaxy A70s ,13001,41.93870967741936,Android,116,5.3,3003,37
Apple,iPhone 11 ,Red,4GB,128 GB,Yes,4.6,54900,54900,Apple iPhone 11 ,0,0.0,IOS,11,4.7,4630,9
Infinix,Smart 5,Obsidian Black,2 GB,32 GB,Yes,4.3,7499,8999,Infinix Smart 5,1500,16.6685187243027,Android,279,6.5,3589,8
OPPO,A5s,Gold,4 GB,64 GB,Yes,4.4,15726,15726,OPPO A5s,0,0.0,Android,682,4.8,4289,195
realme,6i ,Eclipse Black,4 GB,64 GB,Yes,4.4,12999,14999,realme 6i ,2000,13.334222281485433,Android,978,6.0,4656,68
Infinix,Hot 11S,Purple  ,4 GB,64 GB,Yes,4.3,10999,13999,Infinix Hot 11S,3000,21.430102150153584,Android,53,4.9,3124,30
SAMSUNG,Galaxy Note 4 ,Charcoal Black,3 GB,32 GB,Yes,4.1,36900,36900,SAMSUNG Galaxy Note 4 ,0,0.0,Android,877,6.0,3731,678
Nokia,6,Matte Black,4 GB,64 GB,Yes,3.9,19499,19499,Nokia 6,0,0.0,Android,873,5.5,4294,408
SAMSUNG,Galaxy A10s ,Blue,3 GB,32 GB,Yes,4.3,11000,11000,SAMSUNG Galaxy A10s ,0,0.0,Android,969,5.1,3319,532
GIONEE,P5 Mini ,White,1 GB,8 GB,Yes,3.8,2999,2999,GIONEE P5 Mini ,0,0.0,Android,596,6.6,4379,560
OPPO,A71,Gold,3 GB,16 GB,Yes,4.2,12500,12500,OPPO A71,0,0.0,Android,773,5.3,4920,718
realme,X ,Space Blue,8 GB,128 GB,Yes,4.5,20999,20999,realme X ,0,0.0,Android,625,6.6,2536,373
Xiaomi,11i Hypercharge 5G,Camo Green,6 GB,128 GB,Yes,4.2,26999,31999,Xiaomi 11i Hypercharge 5G,5000,15.625488296509266,Android,406,5.5,5339,334
Infinix,Hot 9,Ocean Wave,4 GB,64 GB,Yes,4.4,11999,11999,Infinix Hot 9,0,0.0,Android,3,4.5,5295,2
Apple,iPhone 13 mini,Green,4GB,128 GB,Yes,4.6,64900,69900,Apple iPhone 13 mini,5000,7.1530758226037205,IOS,653,5.8,4441,130
realme,6i ,Eclipse Black,6 GB,64 GB,Yes,4.4,13999,15999,realme 6i ,2000,12.500781298831177,Android,412,5.9,3826,90
LG,G6 ,Blue,4 GB,64 GB,Yes,4.2,29790,29790,LG G6 ,0,0.0,Android,493,4.8,5961,139
Google Pixel,3a ,Clearly White,4 GB,64 GB,Yes,4.5,39999,39999,Google Pixel 3a ,0,0.0,Android,263,5.2,4867,237
OPPO,A53,Fairy White,6 GB,128 GB,Yes,4.3,15999,15999,OPPO A53,0,0.0,Android,352,6.6,5843,264
Nokia,3.2,Black,3 GB,32 GB,Yes,4.1,11999,11999,Nokia 3.2,0,0.0,Android,323,5.5,3685,173
GIONEE,X1s ,Blue,3 GB,16 GB,Yes,4.0,6999,6999,GIONEE X1s ,0,0.0,Android,529,6.3,3463,179
realme,3,Radiant Blue,3 GB,32 GB,Yes,4.5,8499,10999,realme 3,2500,22.729339030820984,Android,622,6.5,3483,174
Apple,iPhone 8 Plus ,Space Grey,3 GB,256 GB,Yes,4.6,84900,84900,Apple iPhone 8 Plus ,0,0.0,IOS,221,4.9,3394,145
Apple,iPhone 12 Mini ,Blue,4GB,128 GB,Yes,4.5,61999,64900,Apple iPhone 12 Mini ,2901,4.469953775038521,IOS,202,5.3,3966,83
OPPO,A53,Electric Black,4 GB,64 GB,Yes,4.5,11990,15990,OPPO A53,4000,25.01563477173233,Android,437,5.3,3959,246
SAMSUNG,Galaxy M12 ,White,4 GB,64 GB,Yes,4.2,11730,12900,SAMSUNG Galaxy M12 ,1170,9.069767441860463,Android,758,5.2,5666,541
Motorola,Edge 20 ,Frosted Emerald,8 GB,128 GB,Yes,4.4,29999,34999,Motorola Edge 20 ,5000,14.286122460641732,Android,144,6.3,2215,64
Infinix,Hot S3,Topaz Blue,3 GB,32 GB,Yes,4.2,9999,9999,Infinix Hot S3,0,0.0,Android,337,5.4,3491,14
Xiaomi,Mi 11 Lite ,Jazz Blue,8 GB,128 GB,Yes,4.2,23999,25999,Xiaomi Mi 11 Lite ,2000,7.692603561675448,Android,835,4.8,5328,569
Nokia,5.1 Plus ,Black,4 GB,64 GB,Yes,4.1,9990,15999,Nokia 5.1 Plus ,6009,37.55859741233827,Android,573,5.7,4304,569
GIONEE,F205 Pro ,Blue,2 GB,16 GB,Yes,4.1,6990,6990,GIONEE F205 Pro ,0,0.0,Android,125,6.9,4194,28
realme,7,Mist White,8 GB,128 GB,Yes,4.3,17999,20999,realme 7,3000,14.28639459021858,Android,686,5.3,3312,623
SAMSUNG,Galaxy J5 Prime ,Gold,2 GB,16 GB,Yes,4.0,14500,14500,SAMSUNG Galaxy J5 Prime ,0,0.0,Android,549,5.5,4291,240
Motorola,G7,White,4 GB,64 GB,Yes,4.3,9999,18999,Motorola G7,9000,47.37091425864519,Android,204,5.4,5692,28
Xiaomi,Redmi Note 8 ,Cosmic Purple,4 GB,64 GB,Yes,4.3,12999,12999,Xiaomi Redmi Note 8 ,0,0.0,Android,147,5.4,3029,147
Motorola,One,White,4 GB,64 GB,Yes,4.1,14999,14999,Motorola One,0,0.0,Android,670,6.9,4675,495
Lenovo,VIBE P1m ,Black,2 GB,16 GB,Yes,4.1,6999,6999,Lenovo VIBE P1m ,0,0.0,Android,754,4.9,2818,482
Apple,iPhone 12 Mini ,Red,4GB,128 GB,Yes,4.5,61999,64900,Apple iPhone 12 Mini ,2901,4.469953775038521,IOS,88,5.8,4666,80
realme,3,Diamond Red,3 GB,,Yes,4.5,8499,10999,realme 3,2500,22.729339030820984,Android,995,6.2,3720,594
OPPO,Reno2 F,Sky White,6 GB,256 GB,Yes,4.4,19990,19990,OPPO Reno2 F,0,0.0,Android,486,6.1,4964,360
GIONEE,Elife E8 ,Gold,3 GB,64 GB,Yes,3.9,8990,8990,GIONEE Elife E8 ,0,0.0,Android,527,4.8,4825,196
SAMSUNG,Galaxy S10e ,Prism White,6 GB,128 GB,Yes,4.5,59000,59000,SAMSUNG Galaxy S10e ,0,0.0,Android,754,5.2,4277,60
SAMSUNG,Z2 ,Black,1 GB,8 GB,Yes,3.6,4790,4790,SAMSUNG Z2 ,0,0.0,Android,383,5.5,3299,41
GIONEE,F205 ,Black,2 GB,16 GB,Yes,4.0,8479,8479,GIONEE F205 ,0,0.0,Android,317,5.0,4446,13
Nokia,6310,Black,8 MB,16 MB,Yes,,4189,4189,Nokia 6310,0,0.0,Android,649,5.2,4698,631
Apple,iPhone XR ,Black,3 GB,128 GB,Yes,4.6,47999,52900,Apple iPhone XR ,4901,9.264650283553877,IOS,462,5.3,5515,352
Xiaomi,Mi A3 ,More Than White,4 GB,64 GB,Yes,4.4,12990,14990,Xiaomi Mi A3 ,2000,13.342228152101402,Android,610,6.7,3074,277
SAMSUNG,Galaxy Note 8 ,Orchid Grey,6 GB,64 GB,Yes,4.6,49999,49999,SAMSUNG Galaxy Note 8 ,0,0.0,Android,393,5.3,3116,296
Nokia,105 DS,Black,4 MB,4 MB,Yes,4.2,1400,1400,Nokia 105 DS,0,0.0,Android,155,5.8,2078,6
OPPO,A55,Rainbow Blue,4 GB,64 GB,Yes,4.3,15490,18990,OPPO A55,3500,18.43075302790943,Android,759,5.4,3979,27
ASUS,ZenFone Max M2 ,Silver,4 GB,64 GB,Yes,4.3,14999,14999,ASUS ZenFone Max M2 ,0,0.0,Android,32,5.9,3561,31
Xiaomi,REDMI 9 Prime ,Mint Green,4 GB,64 GB,Yes,4.4,10499,11999,Xiaomi REDMI 9 Prime ,1500,12.501041753479456,Android,841,5.9,2890,128
Motorola,G6 Play,Fine Gold,3 GB,32 GB,Yes,4.1,12999,12999,Motorola G6 Play,0,0.0,Android,180,6.5,4799,120
OPPO,A31,Mystery Black,4 GB,64 GB,Yes,4.3,11779,11919,OPPO A31,140,1.1745951841597448,Android,459,6.0,2586,59
realme,3i ,Diamond Red,3 GB,32 GB,Yes,4.4,8499,8999,realme 3i ,500,5.5561729081009,Android,215,5.7,2970,85
OPPO,F17,Navy Blue,8 GB,128 GB,Yes,4.3,21990,21990,OPPO F17,0,0.0,Android,33,4.9,2943,11
Infinix,Smart 4 Plus,Quetzal Cyan,3 GB,32 GB,Yes,4.4,9999,9999,Infinix Smart 4 Plus,0,0.0,Android,880,5.1,3943,8
realme,Narzo 30 5G ,Racing Silver,6 GB,128 GB,Yes,4.3,16999,17999,realme Narzo 30 5G ,1000,5.555864214678594,Android,428,5.4,3668,290
vivo,V21e ,Sunset Jazz,3 GB,16 GB,Yes,4.3,18990,18990,vivo V21e ,0,0.0,Android,913,6.1,4258,617
Nokia,105 DS 2020,Black,4 MB,4 MB,Yes,4.2,1490,1490,Nokia 105 DS 2020,0,0.0,Android,467,5.3,5538,14
SAMSUNG,Galaxy Note 5 ,black sapphire,4 GB,32 GB,Yes,3.9,46900,46900,SAMSUNG Galaxy Note 5 ,0,0.0,Android,912,6.3,3184,397
SAMSUNG,Galaxy Alpha ,Charcoal Black,2 GB,32 GB,Yes,3.6,22389,22389,SAMSUNG Galaxy Alpha ,0,0.0,Android,586,5.6,2303,251
realme,8 5G ,Supersonic Black,8 GB,128 GB,Yes,4.3,18499,18999,realme 8 5G ,500,2.631717458813622,Android,307,5.6,3106,281
SAMSUNG,Galaxy J4 ,Gold,3 GB,32 GB,Yes,4.2,10990,10990,SAMSUNG Galaxy J4 ,0,0.0,Android,712,5.8,2349,410
Apple,iPhone 13 Pro,Alpine Green,4GB,512 GB,Yes,4.7,149900,149900,Apple iPhone 13 Pro,0,0.0,IOS,194,5.1,5864,38
HTC,Wildfire X ,Blue,3 GB,32 GB,Yes,3.9,12999,12999,HTC Wildfire X ,0,0.0,Android,559,7.0,5436,435
GIONEE,Max Pro ,Black,3 GB,32 GB,Yes,3.8,7299,9999,GIONEE Max Pro ,2700,27.002700270027,Android,624,4.8,2482,38
Apple,iPhone 6s Plus ,Space Grey,2 GB,64 GB,Yes,4.4,59999,59999,Apple iPhone 6s Plus ,0,0.0,IOS,617,4.8,5323,275
Xiaomi,Redmi 7A ,Matte Gold,2 GB,32 GB,Yes,4.5,6999,6999,Xiaomi Redmi 7A ,0,0.0,Android,45,4.8,3495,13
OPPO,A15,Dynamic Black,2 GB,32 GB,Yes,4.0,8990,10990,OPPO A15,2000,18.198362147406733,Android,303,5.5,3373,243
SAMSUNG,M01 core ,Black,1 GB,16 GB,Yes,3.9,4999,4999,SAMSUNG M01 core ,0,0.0,Android,51,4.8,4047,29
realme,6,Comet Blue,8 GB,128 GB,Yes,4.4,16999,17999,realme 6,1000,5.555864214678594,Android,689,5.8,2464,568
POCO,X2 Special Edition,Matrix Purple,6 GB,128 GB,Yes,4.5,19999,19999,POCO X2 Special Edition,0,0.0,Android,152,5.2,4220,69
Infinix,Smart 3 Plus,Midnight Black,2 GB,32 GB,Yes,4.2,7999,7999,Infinix Smart 3 Plus,0,0.0,Android,933,5.1,2349,101
Apple,iPhone 6 Plus ,Space Grey,1 GB,16 GB,Yes,4.5,39999,39999,Apple iPhone 6 Plus ,0,0.0,IOS,951,5.9,2076,603
realme,X3 SuperZoom ,Arctic White,12 GB,,Yes,4.2,32999,34999,realme X3 SuperZoom ,2000,5.714448984256693,Android,824,6.5,3396,449
Apple,iPhone 13 Pro Max,Alpine Green,4GB,128 GB,Yes,4.5,119900,119900,Apple iPhone 13 Pro Max,0,0.0,IOS,178,6.8,5237,128
SAMSUNG,M02s ,Red,4 GB,64 GB,Yes,4.1,9999,10490,SAMSUNG M02s ,491,4.680648236415634,Android,659,5.8,5442,260
SAMSUNG,Galaxy A51 ,Prism Crush Blue,6 GB,128 GB,Yes,4.3,20999,25999,SAMSUNG Galaxy A51 ,5000,19.231508904188622,Android,175,6.8,2151,153
SAMSUNG,Galaxy A5 ,Midnight Black,2 GB,16 GB,Yes,4.1,17990,17990,SAMSUNG Galaxy A5 ,0,0.0,Android,644,5.8,3201,300
OPPO,Reno2 F,Lake Green,8 GB,128 GB,Yes,4.4,25889,25889,OPPO Reno2 F,0,0.0,Android,799,6.7,3861,323
POCO,M4 Pro 5G,Power Black,8 GB,128 GB,Yes,4.4,18999,21999,POCO M4 Pro 5G,3000,13.636983499249968,Android,114,6.5,4244,92
SAMSUNG,Galaxy M30s ,Blue,4 GB,64 GB,Yes,4.3,14090,15500,SAMSUNG Galaxy M30s ,1410,9.096774193548388,Android,272,4.9,5112,205
Nokia,150/150 DS,Black,4 MB,4 MB,Yes,4.2,1500,1500,Nokia 150/150 DS,0,0.0,Android,382,4.8,2307,238
POCO,M4 Pro,Cool Blue,8 GB,128 GB,Yes,4.4,17999,21999,POCO M4 Pro,4000,18.182644665666626,Android,942,5.2,5199,495
OPPO,Reno4 Pro Special Edition,Starry Night,8 GB,128 GB,Yes,4.4,34990,37990,OPPO Reno4 Pro Special Edition,3000,7.896814951302974,Android,634,6.3,5107,423
Apple,iPhone 12 ,Black,4GB,256 GB,Yes,4.6,78999,80900,Apple iPhone 12 ,1901,2.349814585908529,IOS,646,6.2,2459,510
Nokia,6.1,Copper,3 GB,32 GB,Yes,4.2,14927,14927,Nokia 6.1,0,0.0,Android,797,7.0,5935,342
realme,Narzo 10A ,So White,4 GB,64 GB,Yes,4.5,9999,10999,realme Narzo 10A ,1000,9.091735612328392,Android,360,4.6,2670,171
realme,3i ,Diamond Blue,3 GB,32 GB,Yes,4.4,8499,8999,realme 3i ,500,5.5561729081009,Android,452,4.8,3211,13
OPPO,F3,Black,4 GB,64 GB,Yes,4.3,20990,20990,OPPO F3,0,0.0,Android,585,5.0,3123,162
LG,K42 ,Green,3 GB,64 GB,Yes,3.9,10990,14000,LG K42 ,3010,21.5,Android,110,4.6,3734,63
Xiaomi,Redmi 8A Dual ,Midnight Grey,3 GB,64 GB,Yes,4.5,9199,9290,Xiaomi Redmi 8A Dual ,91,0.9795479009687836,Android,818,4.8,2742,230
Infinix,Note 11 ,Celestial Snow,4 GB,64 GB,Yes,4.3,12499,14999,Infinix Note 11 ,2500,16.66777785185679,Android,913,5.8,3927,732
Nokia,8110,Black,512 MB,4 GB,Yes,3.7,3000,8400,Nokia 8110,5400,64.28571428571429,Android,685,4.5,4028,245
Infinix,Hot 10S,Black,6 GB,64 GB,Yes,4.3,10999,13999,Infinix Hot 10S,3000,21.430102150153584,Android,108,4.7,5571,56
Infinix,Hot 9 Pro,Ocean Wave,4 GB,64 GB,Yes,4.4,12999,12999,Infinix Hot 9 Pro,0,0.0,Android,41,5.0,4056,10
Xiaomi,Redmi 9A ,Nature Green,3 GB,32 GB,Yes,4.5,8498,8498,Xiaomi Redmi 9A ,0,0.0,Android,131,6.6,5783,33
Nokia,8.1,Blue,6 GB,128 GB,Yes,4.3,22999,35999,Nokia 8.1,13000,36.112114225395146,Android,220,6.2,4436,166
Xiaomi,Redmi 5 ,Gold,4 GB,64 GB,Yes,4.2,10990,10990,Xiaomi Redmi 5 ,0,0.0,Android,110,4.8,5429,71
Lenovo,Vibe K5 Note ,Grey,4 GB,32 GB,Yes,4.1,12499,12499,Lenovo Vibe K5 Note ,0,0.0,Android,418,4.6,4872,23
Apple,iPhone 6s Plus ,Gold,2 GB,,Yes,4.4,49999,49999,Apple iPhone 6s Plus ,0,0.0,IOS,254,4.9,4131,236
OPPO,A53s 5G,Ink Black,8 GB,128 GB,Yes,4.3,17990,18990,OPPO A53s 5G,1000,5.26592943654555,Android,12,5.9,5963,4
POCO,M4 Pro 5G,Yellow,4 GB,64 GB,Yes,4.5,14999,16999,POCO M4 Pro 5G,2000,11.765397964586152,Android,735,4.8,5363,382
realme,8,Cyber Silver,8 GB,128 GB,Yes,4.3,17999,18999,realme 8,1000,5.263434917627244,Android,615,6.8,3048,221
realme,C21Y ,Cross Black,3 GB,32 GB,Yes,,8999,9999,realme C21Y ,1000,10.00100010001,Android,406,4.7,3696,287
vivo,Y95,Starry Black,4 GB,64 GB,Yes,4.4,18990,18990,vivo Y95,0,0.0,Android,992,4.9,2892,429
Xiaomi,Redmi Note 11T 5G,Stardust White,6 GB,129 GB,Yes,4.2,19119,19119,Xiaomi Redmi Note 11T 5G,0,0.0,Android,703,5.1,4741,232
SAMSUNG,Galaxy A12 ,Blue,4 GB,64 GB,Yes,4.2,12144,12144,SAMSUNG Galaxy A12 ,0,0.0,Android,362,6.0,2138,13
Nokia,C01 Plus ,Blue,2 GB,16 GB,Yes,,6499,6499,Nokia C01 Plus ,0,0.0,Android,302,6.1,5057,166
Motorola,One Fusion+ ,Moonlight White,6 GB,128 GB,Yes,4.4,17499,19999,Motorola One Fusion+ ,2500,12.500625031251564,Android,762,6.9,2043,31
GIONEE,L800,Black,8 MB,16 MB,Yes,4.0,2199,2199,GIONEE L800,0,0.0,Android,810,5.5,2041,32
OPPO,F15,Unicorn White,8 GB,128 GB,Yes,4.4,18990,22990,OPPO F15,4000,17.398869073510223,Android,419,6.9,3751,91
SAMSUNG,Galaxy Note 5 ,Gold Platinum,4 GB,32 GB,Yes,3.9,29990,29990,SAMSUNG Galaxy Note 5 ,0,0.0,Android,504,4.9,2325,374
SAMSUNG,M31 Prime ,Space Black,6 GB,128 GB,Yes,4.3,16750,16800,SAMSUNG M31 Prime ,50,0.2976190476190476,Android,323,5.8,4407,96
Xiaomi,Mi 10i ,Atlantic Blue,6 GB,128 GB,Yes,4.3,22650,24198,Xiaomi Mi 10i ,1548,6.397222910984379,Android,153,6.5,5666,150
realme,9 Pro 5G,Midnight Black,8 GB,128 GB,Yes,4.4,20999,23999,realme 9 Pro 5G,3000,12.500520855035626,Android,950,4.6,4814,505
Lenovo,A7000 Turbo ,White,2 GB,16 GB,Yes,3.8,8999,8999,Lenovo A7000 Turbo ,0,0.0,Android,246,6.8,3865,54
SAMSUNG,Galaxy S10 Plus ,Prism Black,8 GB,128 GB,Yes,4.6,79000,79000,SAMSUNG Galaxy S10 Plus ,0,0.0,Android,276,5.1,4638,247
SAMSUNG,Metro B313E Dual Sim - White,Black,10 MB,2 MB,Yes,4.1,2299,2299,SAMSUNG Metro B313E Dual Sim - White,0,0.0,Android,365,5.3,5773,181
Nokia,5.3,SAND,6 GB,64 GB,Yes,3.7,12999,12999,Nokia 5.3,0,0.0,Android,549,6.4,2134,264
ASUS,ZenFone Max Pro M2 ,Blue,4 GB,64 GB,Yes,4.3,17999,17999,ASUS ZenFone Max Pro M2 ,0,0.0,Android,324,5.1,5725,296
Nokia,216 DS 2020,Black,16 MB,16 MB,Yes,4.2,2499,2499,Nokia 216 DS 2020,0,0.0,Android,137,6.0,4392,95
POCO,M4 Pro 5G,Cool Blue,4 GB,64 GB,Yes,4.5,14999,16999,POCO M4 Pro 5G,2000,11.765397964586152,Android,156,6.8,4786,12
POCO,X2,Pheonix Red,8 GB,256 GB,Yes,4.5,21499,22999,POCO X2,1500,6.5220226966389845,Android,587,5.3,3594,419
realme,6i ,Lunar White,4 GB,64 GB,Yes,4.4,12999,14999,realme 6i ,2000,13.334222281485433,Android,764,4.9,2315,518
Infinix,Note 11S,Haze Green,6 GB,64 GB,Yes,4.3,13999,16999,Infinix Note 11S,3000,17.648096946879228,Android,590,6.5,3772,409
Apple,iPhone 12 Pro Max ,Gold,,256 GB,Yes,4.6,129900,129900,Apple iPhone 12 Pro Max ,0,0.0,IOS,215,6.0,4271,77
Apple,iPhone 11 ,Purple,4GB,64 GB,Yes,4.6,49900,49900,Apple iPhone 11 ,0,0.0,IOS,763,6.8,5614,247
Apple,iPhone 7 Plus ,Silver,3 GB,128 GB,Yes,4.5,42900,42900,Apple iPhone 7 Plus ,0,0.0,IOS,844,6.2,4884,731
vivo,Y83 Pro,Nebula Purple,4 GB,64 GB,Yes,4.4,14500,14500,vivo Y83 Pro,0,0.0,Android,845,5.9,2024,180
SAMSUNG,Galaxy M32 ,Light Blue,4 GB,64 GB,Yes,4.2,14690,14690,SAMSUNG Galaxy M32 ,0,0.0,Android,698,5.5,4851,221
OPPO,A55,Mint Green,6 GB,128 GB,Yes,4.1,17790,17790,OPPO A55,0,0.0,Android,192,5.4,4923,16
Apple,iPhone 11 ,Purple,4GB,256 GB,Yes,4.6,64900,64900,Apple iPhone 11 ,0,0.0,IOS,219,6.5,2940,146
Infinix,S5 Lite,Midnight Black,4 GB,64 GB,Yes,4.3,9999,9999,Infinix S5 Lite,0,0.0,Android,924,6.0,2289,689
SAMSUNG,M02s ,Blue,4 GB,64 GB,Yes,4.1,10398,10398,SAMSUNG M02s ,0,0.0,Android,388,5.1,4345,165
OPPO,A52,Twilight Black,8 GB,128 GB,Yes,4.3,20990,20990,OPPO A52,0,0.0,Android,510,6.1,2165,58
SAMSUNG,Galaxy S10 Plus ,Ceramic Black,8 GB,512 GB,Yes,4.6,91900,91900,SAMSUNG Galaxy S10 Plus ,0,0.0,Android,241,5.5,3152,25
Nokia,225 4g ds,Black,64 MB,128 MB,Yes,3.7,3896,3999,Nokia 225 4g ds,103,2.5756439109777443,Android,562,5.2,2580,35
OPPO,Reno7 5G,Starry Black,8 GB,256 GB,Yes,,28999,37990,OPPO Reno7 5G,8991,23.666754409055017,Android,246,6.5,2700,27
GIONEE,Marathon M5 Plus ,Champagne Gold,3 GB,64 GB,Yes,4.1,14999,14999,GIONEE Marathon M5 Plus ,0,0.0,Android,723,7.0,3980,187
SAMSUNG,Metro XL,Black,64 MB,128 MB,Yes,4.2,3780,3780,SAMSUNG Metro XL,0,0.0,Android,432,5.6,5670,97
SAMSUNG,B351E/Metro 350,Black,32 MB,2 MB,Yes,4.2,2089,2089,SAMSUNG B351E/Metro 350,0,0.0,Android,595,6.2,2336,382
Lenovo,Z2 Plus ,Black,4 GB,64 GB,Yes,3.8,19999,19999,Lenovo Z2 Plus ,0,0.0,Android,174,4.6,4167,2
OPPO,F1 Plus,Gold,4 GB,64 GB,Yes,4.0,27500,27500,OPPO F1 Plus,0,0.0,Android,804,6.2,3056,692
Infinix,Hot 10,Amber Red,4 GB,64 GB,Yes,4.4,11999,11999,Infinix Hot 10,0,0.0,Android,283,6.6,3547,280
Xiaomi,REDMI 9 Power ,Mighty Black,4 GB,64 GB,Yes,4.4,11499,13999,Xiaomi REDMI 9 Power ,2500,17.85841845846132,Android,509,7.0,3527,195
IQOO,3, Tornado Black,12 GB,256 GB,Yes,4.4,39990,46990,IQOO 3,7000,14.896786550329857,Android,273,6.2,3696,46
OPPO,A3s,Purple,4 GB,64 GB,Yes,4.3,15000,15000,OPPO A3s,0,0.0,Android,256,6.3,4066,237
Apple,iPhone 13 Mini ,Starlight,6 GB,512 GB,Yes,,99900,99900,Apple iPhone 13 Mini ,0,0.0,IOS,900,6.7,3702,273
Apple,iPhone 11 Pro ,Gold,4GB,256 GB,Yes,4.6,121300,121300,Apple iPhone 11 Pro ,0,0.0,IOS,74,6.3,3975,23
SAMSUNG,Metro 313,Black,4 MB,2 MB,Yes,4.2,2282,2282,SAMSUNG Metro 313,0,0.0,Android,753,6.3,5736,574
realme,Narzo 50A ,Oxygen Blue,4 GB,32 GB,Yes,4.4,12499,13999,realme Narzo 50A ,1500,10.715051075076792,Android,640,4.8,5118,389
realme,X3 SuperZoom ,Arctic White,12 GB,256 GB,Yes,4.2,32999,34999,realme X3 SuperZoom ,2000,5.714448984256693,Android,519,4.9,3733,387
SAMSUNG,Galaxy J2 ,White,1 GB,8 GB,Yes,4.1,6799,6799,SAMSUNG Galaxy J2 ,0,0.0,Android,616,5.7,5716,465
SAMSUNG,Galaxy S7 ,Silver Titanium,4 GB,32 GB,Yes,4.4,23500,45500,SAMSUNG Galaxy S7 ,22000,48.35164835164835,Android,877,6.3,2800,767
Lenovo,K8 Note ,Venom Black,4 GB,64 GB,Yes,4.1,12999,12999,Lenovo K8 Note ,0,0.0,Android,31,6.3,5427,31
ASUS,Zenfone Max Pro M1 ,Grey,6 GB,64 GB,Yes,4.3,17999,17999,ASUS Zenfone Max Pro M1 ,0,0.0,Android,357,5.0,4205,350
Apple,iPhone 13 Mini ,Starlight,4 GB,256 GB,Yes,,79900,79900,Apple iPhone 13 Mini ,0,0.0,IOS,982,6.4,5065,669
Lenovo,P2 ,Grey,4 GB,32 GB,Yes,4.3,17999,17999,Lenovo P2 ,0,0.0,Android,280,5.5,2960,122
SAMSUNG,Galaxy J6 Plus ,Black,4 GB,64 GB,Yes,4.3,14000,14000,SAMSUNG Galaxy J6 Plus ,0,0.0,Android,313,5.2,2079,51
SAMSUNG,Galaxy A72 ,Awesome Black,8 GB,256 GB,Yes,4.3,37999,43999,SAMSUNG Galaxy A72 ,6000,13.636673560762745,Android,277,6.6,5048,22
Infinix,Hot 9 Pro,Violet,4 GB,64 GB,Yes,4.4,12999,12999,Infinix Hot 9 Pro,0,0.0,Android,600,5.7,4936,239
ASUS,Zenfone Max Pro M1 ,Grey,3 GB,32 GB,Yes,4.3,13199,13199,ASUS Zenfone Max Pro M1 ,0,0.0,Android,289,6.3,3006,232
Motorola,G60 ,Frosted Champagne,6 GB,128 GB,Yes,4.2,17999,21999,Motorola G60 ,4000,18.182644665666626,Android,564,6.3,3669,48
Apple,iPhone SE ,Black,2 GB,256 GB,Yes,4.5,54900,54900,Apple iPhone SE ,0,0.0,IOS,114,6.2,4729,102
SAMSUNG,Galaxy M30S ,Black,4 GB,128 GB,Yes,4.3,15499,17999,SAMSUNG Galaxy M30S ,2500,13.889660536696482,Android,686,5.4,2485,586
GIONEE,Ctrl V5 ,White,8 GB,2 MB,Yes,3.8,4790,4790,GIONEE Ctrl V5 ,0,0.0,Android,572,6.8,3683,72
OPPO,A16k,White,3 GB,32 GB,Yes,4.1,10490,10490,OPPO A16k,0,0.0,Android,358,6.9,5132,254
realme,X3 ,Arctic White,8 GB,128 GB,Yes,4.4,25999,27999,realme X3 ,2000,7.143112254009072,Android,1000,5.3,3674,769
Motorola,X4,Super Black,4 GB,64 GB,Yes,4.3,23999,23999,Motorola X4,0,0.0,Android,624,5.8,2414,609
Infinix,Hot 11S,Polar Black,4 GB,128 GB,Yes,4.3,11999,14999,Infinix Hot 11S,3000,20.00133342222815,Android,216,5.1,2402,67
SAMSUNG,Galaxy A12 ,White,4 GB,128 GB,Yes,4.2,14999,14999,SAMSUNG Galaxy A12 ,0,0.0,Android,139,4.8,2248,131
Google Pixel,3 XL ,Just Black,4 GB,64 GB,Yes,4.6,83000,83000,Google Pixel 3 XL ,0,0.0,Android,73,5.8,2450,34
SAMSUNG,Galaxy A31 ,Prism Crush Black,6 GB,128 GB,Yes,4.3,18999,18999,SAMSUNG Galaxy A31 ,0,0.0,Android,902,4.8,3967,388
Apple,iPhone 7 Plus ,Gold,3 GB,128 GB,Yes,4.5,42900,42900,Apple iPhone 7 Plus ,0,0.0,IOS,708,5.2,5848,135
Lenovo,K8 Note ,Fine Gold,4 GB,64 GB,Yes,4.1,8499,8499,Lenovo K8 Note ,0,0.0,Android,816,5.2,5275,763
SAMSUNG,Galaxy S9 ,Coral Blue,4 GB,64 GB,Yes,4.4,62500,62500,SAMSUNG Galaxy S9 ,0,0.0,Android,610,5.4,2696,380
Xiaomi,Mi Max 2 ,Black,4 GB,64 GB,Yes,4.4,13990,13990,Xiaomi Mi Max 2 ,0,0.0,Android,212,6.6,2859,155
SAMSUNG,Galaxy F02s ,Diamond White,4 GB,64 GB,Yes,4.2,10499,11499,SAMSUNG Galaxy F02s ,1000,8.696408383337682,Android,69,6.3,2879,30
realme,X2 ,Pearl White,4 GB,64 GB,Yes,4.5,17999,17999,realme X2 ,0,0.0,Android,175,6.5,5601,63
Motorola,G5 Plus,Lunar Grey,3 GB,32 GB,Yes,3.7,10999,10999,Motorola G5 Plus,0,0.0,Android,958,6.9,5614,743
Xiaomi,Redmi Note 6 Pro ,Rose Gold,6 GB,64 GB,Yes,4.3,14999,14999,Xiaomi Redmi Note 6 Pro ,0,0.0,Android,105,6.5,3264,104
Infinix,Smart 4 Plus,Violet,3 GB,32 GB,Yes,4.4,9999,9999,Infinix Smart 4 Plus,0,0.0,Android,876,4.6,5298,145
SAMSUNG,Galaxy J2 - 2016 ,Silver,1.5 GB,8 GB,Yes,4.0,7200,7200,SAMSUNG Galaxy J2 - 2016 ,0,0.0,Android,368,4.8,3751,99
ASUS,Zenfone Max ZC550KL ,Orange,3 GB,32 GB,Yes,4.1,8690,8690,ASUS Zenfone Max ZC550KL ,0,0.0,Android,823,6.1,3663,372
SAMSUNG,Galaxy A50s ,Prism Crush White,4 GB,128 GB,Yes,4.3,14999,24900,SAMSUNG Galaxy A50s ,9901,39.76305220883534,Android,20,4.9,4454,11
SAMSUNG,Galaxy A7-2017 ,Gold Sand,3 GB,32 GB,Yes,3.8,25900,25900,SAMSUNG Galaxy A7-2017 ,0,0.0,Android,48,6.4,4956,30
OPPO,F19s,Glowing Black,6 GB,128 GB,Yes,,19990,22990,OPPO F19s,3000,13.049151805132666,Android,517,4.9,5675,392
SAMSUNG,Galaxy A22 5G ,Grey,6 GB,128 GB,Yes,4.3,19979,22498,SAMSUNG Galaxy A22 5G ,2519,11.196550804515958,Android,401,5.6,4009,319
SAMSUNG,Galaxy S7 Edge ,Blue Coral,4 GB,32 GB,Yes,4.4,41900,41900,SAMSUNG Galaxy S7 Edge ,0,0.0,Android,270,5.6,5933,263
Apple,iPhone XS ,Silver,4 GB,256 GB,Yes,4.7,76999,103900,Apple iPhone XS ,26901,25.89124157844081,IOS,188,4.9,4059,28
vivo,Y20A ,Dawn White,4 GB,128 GB,Yes,4.4,20600,20600,vivo Y20A ,0,0.0,Android,196,6.1,4202,11
Apple,iPhone 13 Pro Max,Sierra Blue,4GB,256 GB,Yes,4.7,139900,139900,Apple iPhone 13 Pro Max,0,0.0,IOS,359,4.7,2912,80
vivo,V9,Sapphire Blue,4 GB,64 GB,Yes,4.5,23400,23990,vivo V9,590,2.459358065860775,Android,980,5.7,3741,151
realme,C21Y ,Cross Blue,3 GB,32 GB,Yes,,8999,9999,realme C21Y ,1000,10.00100010001,Android,781,4.7,4800,28
SAMSUNG,Galaxy J2 Core ,Black,1 GB,16 GB,Yes,4.2,6999,6999,SAMSUNG Galaxy J2 Core ,0,0.0,Android,679,5.9,4501,631
Xiaomi,Mi A2 ,Black,6 GB,128 GB,Yes,3.8,14949,14949,Xiaomi Mi A2 ,0,0.0,Android,532,4.6,5448,81
OPPO,F3 Plus,Black,4 GB,64 GB,Yes,4.3,30990,30990,OPPO F3 Plus,0,0.0,Android,987,5.6,2687,441
Apple,iPhone 11 ,Yellow,4GB,128 GB,Yes,4.6,54900,54900,Apple iPhone 11 ,0,0.0,IOS,487,6.2,5142,418
realme,5 Pro ,Sparkling Blue,6 GB,64 GB,Yes,4.5,14999,15999,realme 5 Pro ,1000,6.250390649415588,Android,414,6.8,3378,91
Lenovo,Vibe Shot ,Grey,3 GB,32 GB,Yes,3.7,9799,9799,Lenovo Vibe Shot ,0,0.0,Android,976,7.0,4656,745
vivo,S2,Diamond Black,4 GB,128 GB,Yes,5.0,19990,19990,vivo S2,0,0.0,Android,753,6.3,2210,426
SAMSUNG,Galaxy S6 Edge ,White Pearl,3 GB,64 GB,Yes,4.0,53900,53900,SAMSUNG Galaxy S6 Edge ,0,0.0,Android,932,5.1,4691,782
OPPO,R1 R829,White,1 GB,16 GB,Yes,3.0,21452,21452,OPPO R1 R829,0,0.0,Android,648,4.7,2558,613
Motorola,G9 Power ,Electric Violet,4 GB,64 GB,Yes,4.1,11999,15999,Motorola G9 Power ,4000,25.001562597662357,Android,300,5.7,2633,256
LG,K-10 ,Black Blue,2 GB,16 GB,Yes,4.0,7799,7799,LG K-10 ,0,0.0,Android,408,4.6,4744,352
realme,X2 Pro ,Neptune Blue,8 GB,128 GB,Yes,4.5,31999,31999,realme X2 Pro ,0,0.0,Android,897,5.1,4458,494
ASUS,ZenFone Lite L1 ,Black,2 GB,16 GB,Yes,4.2,7199,7199,ASUS ZenFone Lite L1 ,0,0.0,Android,213,6.3,5510,93
OPPO,A57,Gold,3 GB,32 GB,Yes,4.2,18000,18000,OPPO A57,0,0.0,Android,411,5.7,4687,109
OPPO,F11 Pro,Thunder Black,6 GB,64 GB,Yes,4.5,16990,28990,OPPO F11 Pro,12000,41.393583994480856,Android,753,5.8,5261,626
GIONEE,A1 Lite ,Gold,3 GB,32 GB,Yes,3.9,11499,11499,GIONEE A1 Lite ,0,0.0,Android,174,5.1,2920,86
Lenovo,K3 Note Music ,Yellow,2 GB,16 GB,Yes,3.7,9795,9795,Lenovo K3 Note Music ,0,0.0,Android,547,6.5,3059,14
Apple,iPhone 7 Plus ,Black,3 GB,256 GB,Yes,4.5,85400,85400,Apple iPhone 7 Plus ,0,0.0,IOS,577,5.9,3818,174
SAMSUNG,Galaxy J8 ,Blue,4 GB,64 GB,Yes,4.4,18990,18990,SAMSUNG Galaxy J8 ,0,0.0,Android,641,6.4,2310,129
SAMSUNG,Galaxy M40 ,Seawater Blue,6 GB,128 GB,Yes,4.1,19999,19999,SAMSUNG Galaxy M40 ,0,0.0,Android,503,6.8,5942,440
Apple,iPhone 13 Pro Max,Alpine Green,4GB,256 GB,Yes,4.7,139900,139900,Apple iPhone 13 Pro Max,0,0.0,IOS,942,6.8,2843,289
SAMSUNG,Galaxy A30 ,Blue,4 GB,64 GB,Yes,4.4,18000,18000,SAMSUNG Galaxy A30 ,0,0.0,Android,301,6.5,4640,128
vivo,T1 5G,Rainbow Fantasy,6 GB,128 GB,Yes,,16990,20990,vivo T1 5G,4000,19.05669366364936,Android,308,4.8,3943,275
Apple,iPhone XR ,Yellow,3 GB,128 GB,Yes,4.6,47999,52900,Apple iPhone XR ,4901,9.264650283553877,IOS,151,4.8,5704,21
SAMSUNG,Galaxy J6 ,Gold,4 GB,64 GB,Yes,4.5,14990,14990,SAMSUNG Galaxy J6 ,0,0.0,Android,557,5.2,4806,275
vivo,Y20A ,Nebula Blue,3 GB,64 GB,Yes,4.4,36990,36990,vivo Y20A ,0,0.0,Android,883,6.8,3031,659
SAMSUNG,Galaxy A52 ,Awesome Black,8 GB,128 GB,Yes,4.4,28999,31999,SAMSUNG Galaxy A52 ,3000,9.37529297790556,Android,254,5.6,2984,48
GIONEE,F9 Plus ,Blue,3 GB,32 GB,Yes,4.1,9490,9490,GIONEE F9 Plus ,0,0.0,Android,585,4.6,4266,289
SAMSUNG,Metro 313 Dual Sim,Black,16 MB,2 MB,Yes,4.2,2025,2025,SAMSUNG Metro 313 Dual Sim,0,0.0,Android,608,5.9,5685,10
Lenovo,K8 ,Fine Gold,3 GB,32 GB,Yes,4.1,6990,6990,Lenovo K8 ,0,0.0,Android,126,5.9,4960,109
realme,1,Moonlight Silver,3 GB,32 GB,Yes,,10999,12990,realme 1,1991,15.327174749807543,Android,61,6.5,2595,34
OPPO,A53,Mint Cream,4 GB,64 GB,Yes,4.5,11990,15990,OPPO A53,4000,25.01563477173233,Android,852,4.9,3913,490
SAMSUNG,Galaxy S6 Edge ,Black,3 GB,64 GB,Yes,4.0,39999,39999,SAMSUNG Galaxy S6 Edge ,0,0.0,Android,947,4.8,5301,380
realme,Narzo 20 ,Glory Silver,4 GB,128 GB,Yes,4.3,11499,13999,realme Narzo 20 ,2500,17.85841845846132,Android,95,5.9,4824,30
SAMSUNG,Galaxy A52 ,Awesome Blue,6 GB,128 GB,Yes,4.3,27810,27810,SAMSUNG Galaxy A52 ,0,0.0,Android,121,4.9,3054,76
Apple,iPhone XR ,Coral,3 GB,64 GB,Yes,4.6,42999,47900,Apple iPhone XR ,4901,10.231732776617951,IOS,675,5.9,2172,365
Infinix,Smart 2,City Blue,3 GB,32 GB,Yes,4.1,7946,7999,Infinix Smart 2,53,0.6625828228528566,Android,483,5.8,2453,111
Xiaomi,Mi 10T ,Cosmic Black,8 GB,128 GB,Yes,4.4,34999,42999,Xiaomi Mi 10T ,8000,18.60508383915905,Android,15,6.9,4258,9
SAMSUNG,Galaxy Z Flip3 5G ,Cream,8 GB,256 GB,Yes,4.3,88999,99999,SAMSUNG Galaxy Z Flip3 5G ,11000,11.00011000110001,Android,880,4.6,3417,266
SAMSUNG,Galaxy J7 Prime 2 ,Gold,3 GB,32 GB,Yes,4.3,14990,14990,SAMSUNG Galaxy J7 Prime 2 ,0,0.0,Android,307,4.8,5871,93
Apple,iPhone 12 ,White,4GB,64 GB,Yes,4.6,63999,65900,Apple iPhone 12 ,1901,2.8846737481031868,IOS,673,6.7,2655,566
Infinix,Hot 7,Mocha Brown,4 GB,64 GB,Yes,4.2,9999,9999,Infinix Hot 7,0,0.0,Android,92,5.4,3785,66
SAMSUNG,Galaxy A50s ,Prism Crush Black,4 GB,128 GB,Yes,4.3,14999,24900,SAMSUNG Galaxy A50s ,9901,39.76305220883534,Android,557,5.0,5374,308
SAMSUNG,Galaxy S21 Ultra ,Phantom Black,16 GB,512 GB,Yes,4.3,116999,139999,SAMSUNG Galaxy S21 Ultra ,23000,16.4286887763484,Android,368,6.1,2957,50
realme,C15 ,Power Silver,4 GB,64 GB,Yes,4.4,10999,12999,realme C15 ,2000,15.385798907608278,Android,862,5.4,3843,693
realme,3i ,Diamond Black,4 GB,64 GB,Yes,4.4,10499,10999,realme 3i ,500,4.545867806164196,Android,896,5.6,2949,535
Apple,iPhone 11 Pro ,Silver,4GB,512 GB,Yes,4.6,140300,140300,Apple iPhone 11 Pro ,0,0.0,IOS,729,5.7,2974,235
LG,W41 ,Magic Blue,4 GB,64 GB,Yes,4.0,8499,16000,LG W41 ,7501,46.88125,Android,618,6.8,2139,31
realme,Narzo 50i ,Mint Green,2 GB,32 GB,Yes,4.3,7499,7999,realme Narzo 50i ,500,6.250781347668459,Android,832,5.0,4871,139
Apple,iPhone XS ,Gold,4 GB,256 GB,Yes,4.7,76999,103900,Apple iPhone XS ,26901,25.89124157844081,IOS,492,5.5,3133,391
Apple,iPhone 6s Plus ,Space Grey,2 GB,16 GB,Yes,4.4,72000,72000,Apple iPhone 6s Plus ,0,0.0,IOS,208,4.7,5706,137
realme,Narzo 10A ,So White,3 GB,32 GB,Yes,4.5,8999,9999,realme Narzo 10A ,1000,10.00100010001,Android,596,4.5,4454,556
Apple,iPhone 11 ,Red,4GB,64 GB,Yes,4.6,49900,49900,Apple iPhone 11 ,0,0.0,IOS,371,6.5,5749,253
SAMSUNG,Galaxy A52s 5G ,Awesome Violet,6 GB,128 GB,Yes,4.3,35999,38999,SAMSUNG Galaxy A52s 5G ,3000,7.692504936024,Android,473,6.2,3721,26
Nokia,215,Black,8 MB,Expandable Upto 32 GB,Yes,4.1,2200,2200,Nokia 215,0,0.0,Android,468,4.7,3821,6
HTC,Desire 526G Plus,Glossy Black,1 GB,16 GB,Yes,4.0,9900,9900,HTC Desire 526G Plus,0,0.0,Android,993,4.6,5885,40
HTC,620G,Milkyway Grey,1 GB,16 GB,Yes,4.1,23999,23999,HTC 620G,0,0.0,Android,336,4.9,2209,142
Apple,iPhone 11 ,Purple,4GB,128 GB,Yes,4.6,54900,54900,Apple iPhone 11 ,0,0.0,IOS,382,6.5,3558,184
Apple,iPhone 6s Plus ,Silver,2 GB,16 GB,Yes,4.4,49999,49999,Apple iPhone 6s Plus ,0,0.0,IOS,191,5.5,4520,39
Apple,iPhone 13 Pro ,Gold,6 GB,1 TB,Yes,,169900,169900,Apple iPhone 13 Pro ,0,0.0,IOS,570,6.9,2831,411
Lenovo,K10 Plus ,Black,4 GB,64 GB,Yes,4.1,13999,13999,Lenovo K10 Plus ,0,0.0,Android,803,6.3,4002,333
SAMSUNG,Galaxy A22 ,Black,6 GB,128 GB,Yes,4.3,18499,20499,SAMSUNG Galaxy A22 ,2000,9.756573491389824,Android,144,6.9,3035,8
SAMSUNG,Galaxy S10 ,Prism Black,8 GB,128 GB,Yes,4.6,39999,71000,SAMSUNG Galaxy S10 ,31001,43.66338028169014,Android,370,6.3,4733,354
SAMSUNG,Galaxy A12 ,White,6 GB,128 GB,Yes,3.9,14999,14999,SAMSUNG Galaxy A12 ,0,0.0,Android,668,5.8,5775,434
SAMSUNG,Metro 350,Black,32 MB,Expandable Upto 16 GB,Yes,4.1,3062,3062,SAMSUNG Metro 350,0,0.0,Android,188,5.5,4640,129
Apple,iPhone 7 ,Black,2 GB,32 GB,Yes,4.5,24999,31500,Apple iPhone 7 ,6501,20.63809523809524,IOS,797,7.0,3554,664
ASUS,ROG 5s,Storm White,12 GB,256 GB,Yes,,57999,63999,ASUS ROG 5s,6000,9.375146486663857,Android,850,6.0,5761,256
Apple,iPhone 13 Pro Max,Silver,4GB,256 GB,Yes,4.7,139900,139900,Apple iPhone 13 Pro Max,0,0.0,IOS,2,5.6,3320,1
SAMSUNG,Galaxy Z Fold3 5G ,Phantom Black,12 GB,256 GB,Yes,4.4,149999,171999,SAMSUNG Galaxy Z Fold3 5G ,22000,12.790772039372325,Android,188,6.4,3884,105
Nokia,Asha 311 ,Dark Grey,512 MB,140 MB,Yes,4.0,5999,6879,Nokia Asha 311 ,880,12.792557057711877,Android,100,5.7,4484,37
GIONEE,F10 Plus ,Oxford Blue,3 GB,32 GB,Yes,,8590,8590,GIONEE F10 Plus ,0,0.0,Android,160,6.1,4707,25
HTC,One M8 ,Gunmetal Grey,2 GB,16 GB,Yes,4.4,59900,59900,HTC One M8 ,0,0.0,Android,52,5.5,4991,33
SAMSUNG,M31s ,Mirage Blue,8 GB,128 GB,Yes,4.3,21950,21950,SAMSUNG M31s ,0,0.0,Android,27,6.4,4383,3
Xiaomi,Redmi Note 7 Pro ,Blue,4 GB,64 GB,Yes,4.5,14450,14899,Xiaomi Redmi Note 7 Pro ,449,3.0136250755084237,Android,492,4.6,2955,288
POCO,X2 Special Edition,Atlantic Blue,6 GB,128 GB,Yes,4.5,15999,19999,POCO X2 Special Edition,4000,20.001000050002503,Android,833,5.0,4395,545
Xiaomi,Redmi Note 9 Pro ,Champagne Gold,4 GB,128 GB,Yes,4.5,15998,15998,Xiaomi Redmi Note 9 Pro ,0,0.0,Android,887,5.7,2137,212
SAMSUNG,Metro XL,Black,64 MB,128 MB,Yes,4.2,3271,3271,SAMSUNG Metro XL,0,0.0,Android,574,6.0,2510,555
SAMSUNG,Galaxy A10s ,Green,2 GB,32 GB,Yes,4.4,9840,9840,SAMSUNG Galaxy A10s ,0,0.0,Android,302,5.3,2136,8
Apple,iPhone 11 Pro Max ,Midnight Green,4GB,64 GB,Yes,4.7,117100,117100,Apple iPhone 11 Pro Max ,0,0.0,IOS,171,6.6,4145,7
Xiaomi,Redmi K20 ,Flame Red,6 GB,128 GB,Yes,4.5,21349,21349,Xiaomi Redmi K20 ,0,0.0,Android,982,5.6,3548,287
Nokia,7.2,Cyan Green,4 GB,64 GB,Yes,4.1,19999,19999,Nokia 7.2,0,0.0,Android,132,4.7,4250,66
realme,8 Pro ,Infinite Black,6 GB,128 GB,Yes,4.3,17999,19999,realme 8 Pro ,2000,10.000500025001251,Android,636,5.3,5308,462
SAMSUNG,Galaxy A20 ,Black,3 GB,32 GB,Yes,4.3,11490,12900,SAMSUNG Galaxy A20 ,1410,10.930232558139537,Android,34,4.8,5381,6
vivo,Z1x,Fusion Blue,6 GB,64 GB,Yes,4.5,19990,19990,vivo Z1x,0,0.0,Android,613,6.6,3706,468
Infinix,S4,Nebula Blue,4 GB,64 GB,Yes,4.3,10999,10999,Infinix S4,0,0.0,Android,852,5.2,3233,226
Xiaomi,Redmi 6A ,Gold,2 GB,32 GB,Yes,4.3,7499,7499,Xiaomi Redmi 6A ,0,0.0,Android,495,6.4,2462,168
SAMSUNG,Galaxy M32 5G ,Sky Blue,8 GB,128 GB,Yes,,24998,24998,SAMSUNG Galaxy M32 5G ,0,0.0,Android,913,6.3,4773,348
SAMSUNG,Galaxy A22 ,Mint,6 GB,128 GB,Yes,4.3,16999,19499,SAMSUNG Galaxy A22 ,2500,12.821170316426484,Android,727,6.7,2125,11
OPPO,Reno2 F,Sky White,8 GB,128 GB,Yes,4.4,21990,28990,OPPO Reno2 F,7000,24.146257330113837,Android,923,5.5,4401,186
Nokia,Lumia 920 ,Black,1 GB,32 GB,Yes,4.3,40699,40699,Nokia Lumia 920 ,0,0.0,Android,913,6.7,2211,151
realme,Narzo 30 Pro 5G ,Sword Black,8 GB,128 GB,Yes,4.3,19999,21999,realme Narzo 30 Pro 5G ,2000,9.091322332833313,Android,825,4.5,4690,312
vivo,X50 Pro,Alpha Grey,8 GB,256 GB,Yes,4.5,54990,54990,vivo X50 Pro,0,0.0,Android,818,6.4,3176,328
GIONEE,S Plus ,White,3 GB,16 GB,Yes,3.7,5555,5555,GIONEE S Plus ,0,0.0,Android,341,7.0,3412,151
SAMSUNG,Galaxy F22 ,Denim Blue,6 GB,128 GB,Yes,4.3,14999,16999,SAMSUNG Galaxy F22 ,2000,11.765397964586152,Android,364,5.4,3848,314
Infinix,Note 10,Emerald Green,4 GB,64 GB,Yes,4.2,10999,13999,Infinix Note 10,3000,21.430102150153584,Android,684,6.5,5446,575
SAMSUNG,Galaxy A80 ,Ghost White,8 GB,128 GB,Yes,4.4,29899,29899,SAMSUNG Galaxy A80 ,0,0.0,Android,69,5.8,3234,40
Nokia,3,Matte Black,2 GB,16 GB,Yes,3.9,5290,5290,Nokia 3,0,0.0,Android,847,6.5,2940,542
OPPO,A15S,Fancy white,4 GB,128 GB,Yes,4.3,13489,13489,OPPO A15S,0,0.0,Android,701,5.1,3786,312
ASUS,Zenfone Go 4.5 ,Black,1 GB,8 GB,Yes,3.9,5299,5299,ASUS Zenfone Go 4.5 ,0,0.0,Android,827,5.4,5380,187
Xiaomi,Redmi Note 11T 5G,Aquamarine Blue,6 GB,128 GB,Yes,4.2,18778,18990,Xiaomi Redmi Note 11T 5G,212,1.1163770405476567,Android,724,6.3,5345,227
GIONEE,S6 Pro ,Gold,4 GB,64 GB,Yes,3.6,7997,7997,GIONEE S6 Pro ,0,0.0,Android,743,5.4,2871,122
ASUS,Zenfone Go 2nd Gen,Red,1 GB,8 GB,Yes,3.7,5299,5299,ASUS Zenfone Go 2nd Gen,0,0.0,Android,893,5.8,3701,278
vivo,V9,Gold,4 GB,64 GB,Yes,4.5,20990,20990,vivo V9,0,0.0,Android,971,5.9,5649,166
Infinix,Smart 2,City Blue,2 GB,16 GB,Yes,4.1,6949,6999,Infinix Smart 2,50,0.7143877696813831,Android,81,6.5,2070,35
Nokia,106,Black,4 MB,4 MB,Yes,4.2,1560,1560,Nokia 106,0,0.0,Android,687,5.3,5203,70
HTC,Desire 210,Black,512 MB,4 GB,Yes,3.6,9990,9990,HTC Desire 210,0,0.0,Android,360,6.2,2050,181
SAMSUNG,Galaxy F22 ,Denim Blue,4 GB,64 GB,Yes,4.3,12999,14999,SAMSUNG Galaxy F22 ,2000,13.334222281485433,Android,7,6.5,5706,2
HTC,Desire 826 DS,Blue Lagoon,2 GB,16 GB,Yes,3.7,26999,26999,HTC Desire 826 DS,0,0.0,Android,107,5.5,3572,9
Nokia,5.4,Dusk,6 GB,64 GB,Yes,3.9,14499,18499,Nokia 5.4,4000,21.622790421103844,Android,459,4.8,2524,268
SAMSUNG,Galaxy M11 ,Violet,4 GB,64 GB,Yes,4.3,11699,11699,SAMSUNG Galaxy M11 ,0,0.0,Android,168,6.3,5181,59
vivo,Y21T,Pearl White,4 GB,128 GB,Yes,4.1,16490,19990,vivo Y21T,3500,17.508754377188595,Android,910,6.9,3259,669
SAMSUNG,Galaxy Core Prime G361 Dual Sim - White ,White,1 GB,8 GB,Yes,3.7,7999,7999,SAMSUNG Galaxy Core Prime G361 Dual Sim - White ,0,0.0,Android,22,4.6,5738,22
POCO,X2,Matrix Purple,8 GB,256 GB,Yes,4.5,21499,22999,POCO X2,1500,6.5220226966389845,Android,590,6.7,4699,92
SAMSUNG,Galaxy M40 ,COCKTAIL ORANGE,6 GB,128 GB,Yes,4.1,15490,15490,SAMSUNG Galaxy M40 ,0,0.0,Android,451,6.0,3133,235
GIONEE,S96,Black,64 MB,128 MB,Yes,3.9,2490,2490,GIONEE S96,0,0.0,Android,55,4.8,2140,19
SAMSUNG,Galaxy A22 5G ,Violet,8 GB,128 GB,Yes,4.2,22450,22450,SAMSUNG Galaxy A22 5G ,0,0.0,Android,858,6.2,3371,48
vivo,Y20 ,Purist Blue,4 GB,32 GB,Yes,4.4,19490,22990,vivo Y20 ,3500,15.224010439321445,Android,895,5.2,4429,276
realme,C21Y ,Cross Black,4 GB,64 GB,Yes,4.4,9999,10999,realme C21Y ,1000,9.091735612328392,Android,982,5.4,4398,433
Infinix,Hot S3,Bordeaux Red ,3 GB,32 GB,Yes,4.2,9999,9999,Infinix Hot S3,0,0.0,Android,183,6.9,5909,67
GIONEE,Max ,Royal Blue,2 GB,32 GB,Yes,4.1,6299,7990,GIONEE Max ,1691,21.1639549436796,Android,966,5.6,3883,693
SAMSUNG,Galaxy S21 ,Phantom Violet,8 GB,256 GB,Yes,4.3,73999,87999,SAMSUNG Galaxy S21 ,14000,15.909271696269276,Android,942,4.8,5065,867
OPPO,A9 2020,Vanilla Mint,8 GB,128 GB,Yes,4.3,15990,21990,OPPO A9 2020,6000,27.285129604365626,Android,859,6.7,3242,445
Lenovo,S930 ,Silver,1 GB,8 GB,Yes,4.3,13604,13604,Lenovo S930 ,0,0.0,Android,634,5.9,4603,576
SAMSUNG,Galaxy M30s ,Black,4 GB,64 GB,Yes,4.3,14069,15500,SAMSUNG Galaxy M30s ,1431,9.23225806451613,Android,401,6.2,3040,227
Lenovo,Vibe P1 Turbo ,Grey,3 GB,32 GB,Yes,3.7,9229,9229,Lenovo Vibe P1 Turbo ,0,0.0,Android,63,5.3,5099,32
SAMSUNG,Galaxy S20+ ,Cloud Blue,8 GB,128 GB,Yes,4.4,54999,83000,SAMSUNG Galaxy S20+ ,28001,33.73614457831325,Android,113,6.9,3623,25
LG,Q7+ ,Black,4 GB,64 GB,Yes,3.2,11849,18990,LG Q7+ ,7141,37.60400210637177,Android,532,4.8,4303,403
Motorola,G5,Frosted Silver,6 GB,128 GB,Yes,4.2,20999,24999,Motorola G5,4000,16.000640025601022,Android,221,6.1,4899,66
ASUS,Zenfone Go ,Silver Blue,1 GB,8 GB,Yes,3.8,5699,5699,ASUS Zenfone Go ,0,0.0,Android,987,4.9,3491,176
SAMSUNG,B350,Black,32 MB,2 MB,Yes,4.0,3000,3000,SAMSUNG B350,0,0.0,Android,333,7.0,3541,157
ASUS,Zenfone Max Pro M1 ,Black,4 GB,64 GB,Yes,4.3,15599,15599,ASUS Zenfone Max Pro M1 ,0,0.0,Android,457,4.7,4023,90
Xiaomi,Redmi Y2 ,Rose Gold,4 GB,64 GB,Yes,,10999,10999,Xiaomi Redmi Y2 ,0,0.0,Android,792,7.0,5347,603
SAMSUNG,Galaxy A03s ,Black,4 GB,64 GB,Yes,4.2,12499,14499,SAMSUNG Galaxy A03s ,2000,13.794054762397408,Android,84,5.1,4258,60
Apple,iPhone XR ,Red,3 GB,64 GB,Yes,4.6,42999,47900,Apple iPhone XR ,4901,10.231732776617951,IOS,909,5.1,5236,130
SAMSUNG,Galaxy A12 ,Blue,4 GB,64 GB,Yes,4.2,15999,15999,SAMSUNG Galaxy A12 ,0,0.0,Android,702,5.5,4976,236
HTC,One 802D,Silver,2 GB,32 GB,Yes,4.1,59590,59590,HTC One 802D,0,0.0,Android,414,4.6,5822,306
SAMSUNG,Galaxy J5 - 6 New 2016 Edition) ,White,2 GB,16 GB,Yes,4.2,10990,10990,SAMSUNG Galaxy J5 - 6 New 2016 Edition) ,0,0.0,Android,482,6.7,4394,304
Apple,iPhone 12 Mini ,Purple,4GB,64 GB,Yes,4.5,56999,59900,Apple iPhone 12 Mini ,2901,4.843071786310517,IOS,156,6.8,2747,88
Apple,iPhone 6s ,Space Grey,2 GB,32 GB,Yes,4.5,25299,29900,Apple iPhone 6s ,4601,15.387959866220736,IOS,974,5.0,2258,452
Xiaomi,REDMI 9i ,Midnight Black,4 GB,64 GB,Yes,4.2,8799,9999,Xiaomi REDMI 9i ,1200,12.001200120012,Android,346,5.0,5151,48
OPPO,F19 Pro,Fluid Black,8 GB,256 GB,Yes,4.3,23490,25990,OPPO F19 Pro,2500,9.619084263178143,Android,279,5.6,5824,246
SAMSUNG,Galaxy Core Prime ,Silver,1 GB,8 GB,Yes,4.1,5490,5490,SAMSUNG Galaxy Core Prime ,0,0.0,Android,403,6.0,5356,233
Apple,iPhone 12 Mini ,White,4GB,256 GB,Yes,4.5,71999,74900,Apple iPhone 12 Mini ,2901,3.8731642189586113,IOS,545,6.4,3215,408
ASUS,Zenfone Max ,Black,2 GB,32 GB,Yes,4.1,6999,6999,ASUS Zenfone Max ,0,0.0,Android,873,4.5,4449,444
LG,Spirit ,Black Titan,1 GB,8 GB,Yes,3.8,8000,8000,LG Spirit ,0,0.0,Android,977,6.3,4684,338
Lenovo,Z2 Plus ,White,4 GB,64 GB,Yes,3.8,19999,19999,Lenovo Z2 Plus ,0,0.0,Android,468,5.7,2313,48
realme,X ,Polar White,4 GB,128 GB,Yes,4.5,17999,17999,realme X ,0,0.0,Android,600,5.1,4168,190
Lenovo,A1000 ,Black,1 GB,8 GB,Yes,3.8,3549,3549,Lenovo A1000 ,0,0.0,Android,616,4.9,5722,374
GIONEE,F8 Neo ,Blue,2 GB,32 GB,Yes,3.9,5499,5499,GIONEE F8 Neo ,0,0.0,Android,410,5.9,2056,202
Nokia,5.1 Plus ,Black,3 GB,32 GB,Yes,4.3,13199,13199,Nokia 5.1 Plus ,0,0.0,Android,981,5.1,2329,212
GIONEE,F10 ,Black,3 GB,32 GB,Yes,4.1,6660,7990,GIONEE F10 ,1330,16.64580725907384,Android,975,5.4,5620,335
LG,G7+ ThinQ ,Blue,6 GB,128 GB,Yes,4.4,55000,55000,LG G7+ ThinQ ,0,0.0,Android,535,5.0,4582,496
SAMSUNG,Galaxy F42 5G ,Matte Aqua,8 GB,128 GB,Yes,4.1,22999,25999,SAMSUNG Galaxy F42 5G ,3000,11.538905342513177,Android,967,6.5,4295,100
Motorola,E5 Plus,Fine Gold,3 GB,32 GB,Yes,4.2,11999,11999,Motorola E5 Plus,0,0.0,Android,536,6.0,2797,298
Nokia,220,Black,8 MB,2 MB,Yes,4.0,2999,2999,Nokia 220,0,0.0,Android,760,5.1,3005,460
Apple,iPhone 7 Plus ,Silver,3 GB,32 GB,Yes,4.5,36999,37900,Apple iPhone 7 Plus ,901,2.3773087071240107,IOS,765,4.6,3242,425
ASUS,Zenfone Selfie ,Pink,3 GB,32 GB,Yes,4.0,17999,17999,ASUS Zenfone Selfie ,0,0.0,Android,855,6.9,4892,159
GIONEE,P5_W ,Gold,1 GB,16 GB,Yes,3.8,4190,4190,GIONEE P5_W ,0,0.0,Android,205,6.2,2679,36
Motorola,E5,Grey,2 GB,16 GB,Yes,4.3,12000,12000,Motorola E5,0,0.0,Android,823,4.6,4657,211
Nokia,1,Dark Blue,1 GB,8 GB,Yes,3.9,4800,4800,Nokia 1,0,0.0,Android,322,5.2,3471,206
SAMSUNG,Galaxy Note 10 ,Aura Red,8 GB,256 GB,Yes,4.5,73600,75000,SAMSUNG Galaxy Note 10 ,1400,1.866666666666667,Android,77,5.0,2982,66
OPPO,R1 R829,Black,1 GB,16 GB,Yes,3.0,24990,24990,OPPO R1 R829,0,0.0,Android,626,5.6,4318,64
OPPO,A52,Stream White,8 GB,128 GB,Yes,4.3,20990,20990,OPPO A52,0,0.0,Android,480,4.6,5440,421
SAMSUNG,Galaxy A52 ,Awesome Blue,8 GB,128 GB,Yes,4.4,28999,31999,SAMSUNG Galaxy A52 ,3000,9.37529297790556,Android,984,5.3,4339,935
vivo,V23 5G,Stardust Black,12 GB,256 GB,Yes,4.4,34990,37990,vivo V23 5G,3000,7.896814951302974,Android,420,4.6,5244,59
vivo,Y72 5G ,Slate Gray,4 GB,128 GB,Yes,4.4,21099,32990,vivo Y72 5G ,11891,36.044255835101545,Android,104,5.5,4826,29
realme,Narzo 20 ,Victory Blue,4 GB,128 GB,Yes,4.3,11499,13999,realme Narzo 20 ,2500,17.85841845846132,Android,900,6.4,3214,219
SAMSUNG,M31 ,Ocean Blue,6 GB,128 GB,Yes,4.3,17845,17999,SAMSUNG M31 ,154,0.8556030890605033,Android,264,4.6,3353,159
Apple,iPhone SE ,Red,2 GB,128 GB,Yes,4.5,44900,44900,Apple iPhone SE ,0,0.0,IOS,939,4.5,5729,489
Xiaomi,Redmi Note 7S ,Astro Moonlight White,4 GB,64 GB,Yes,4.4,13999,13999,Xiaomi Redmi Note 7S ,0,0.0,Android,826,4.7,4309,238
Nokia,3.1 Plus ,Charcoal,3 GB,32 GB,Yes,4.2,7088,12799,Nokia 3.1 Plus ,5711,44.62067349011642,Android,184,6.3,3679,144
SAMSUNG,Galaxy M12 ,Black,4 GB,64 GB,Yes,4.2,11290,12490,SAMSUNG Galaxy M12 ,1200,9.607686148919136,Android,699,5.0,3001,683
SAMSUNG,Galaxy A50 ,White,4 GB,64 GB,Yes,4.3,21000,21000,SAMSUNG Galaxy A50 ,0,0.0,Android,959,6.0,5350,929
Lenovo,Vibe K5 Note ,Silver,4 GB,32 GB,Yes,4.1,12499,12499,Lenovo Vibe K5 Note ,0,0.0,Android,845,6.8,3701,560
OPPO,A31,Fantasy White,4 GB,64 GB,Yes,4.3,12199,12319,OPPO A31,120,0.9741050409935872,Android,807,6.7,5941,80
realme,6i ,Lunar White,6 GB,64 GB,Yes,4.4,13999,15999,realme 6i ,2000,12.500781298831177,Android,310,6.4,4965,274
Xiaomi,REDMI 9 Power ,Fiery Red,6 GB,128 GB,Yes,4.1,13499,16999,Xiaomi REDMI 9 Power ,3500,20.589446438025767,Android,353,5.0,2929,32
Apple,iPhone 6s ,Rose Gold,2 GB,128 GB,Yes,4.5,55999,55999,Apple iPhone 6s ,0,0.0,IOS,916,4.8,4110,450
Infinix,S4,Twilight Purple,3 GB,32 GB,Yes,4.2,9999,9999,Infinix S4,0,0.0,Android,935,5.0,4367,923
Apple,iPhone 11 ,Purple,4GB,128 GB,Yes,4.6,54900,54900,Apple iPhone 11 ,0,0.0,IOS,817,4.8,2840,149
SAMSUNG,Galaxy J1 ,White,512 MB,4 GB,Yes,4.0,6190,6190,SAMSUNG Galaxy J1 ,0,0.0,Android,964,5.2,5007,846
Apple,iPhone 7 ,Red,2 GB,256 GB,Yes,4.7,74400,74400,Apple iPhone 7 ,0,0.0,IOS,767,5.6,4446,417
Infinix,Note 10,Black,4 GB,64 GB,Yes,4.2,10999,13999,Infinix Note 10,3000,21.430102150153584,Android,869,4.7,2678,146
Xiaomi,Redmi Note 7 Pro ,Space Black,6 GB,64 GB,Yes,4.5,15999,15999,Xiaomi Redmi Note 7 Pro ,0,0.0,Android,656,6.9,3159,294
vivo,V9 Youth,Gold,4 GB,32 GB,Yes,4.4,17990,17990,vivo V9 Youth,0,0.0,Android,153,6.6,5916,112
SAMSUNG,Galaxy A80 ,Phantom Black,8 GB,128 GB,Yes,4.4,29899,29899,SAMSUNG Galaxy A80 ,0,0.0,Android,541,5.9,3356,211
OPPO,Reno2,Ocean Blue,8 GB,256 GB,Yes,4.4,38990,39990,OPPO Reno2,1000,2.500625156289072,Android,184,6.3,4239,176
SAMSUNG,Galaxy M20 ,Charcoal Black,3 GB,32 GB,Yes,4.3,10848,11290,SAMSUNG Galaxy M20 ,442,3.9149689991142607,Android,440,6.8,2506,171
Motorola,X4,Sterling Blue,4 GB,64 GB,Yes,4.3,23999,23999,Motorola X4,0,0.0,Android,647,6.0,2889,599
realme,C15 ,Power Blue,4 GB,,Yes,4.4,10999,12999,realme C15 ,2000,15.385798907608278,Android,32,5.8,4355,9
vivo,Y12s ,Glacier Blue,3 GB,32 GB,Yes,4.4,32990,32990,vivo Y12s ,0,0.0,Android,322,5.5,4105,24
Apple,iPhone 12 Pro Max ,Graphite,,256 GB,Yes,4.6,129900,129900,Apple iPhone 12 Pro Max ,0,0.0,IOS,309,6.3,2430,275
Lenovo,A536 ,Black,1 GB,8 GB,Yes,3.8,7700,7700,Lenovo A536 ,0,0.0,Android,736,4.8,2846,658
Infinix,Note 11S Free Fire Edition,Haze Green,8 GB,128 GB,Yes,4.3,15999,18999,Infinix Note 11S Free Fire Edition,3000,15.790304752881733,Android,481,5.1,2632,161
SAMSUNG,Galaxy M30s ,White,6 GB,128 GB,Yes,4.1,16999,16999,SAMSUNG Galaxy M30s ,0,0.0,Android,444,5.6,3544,155
realme,1,Diamond Red,3 GB,32 GB,Yes,,11900,12990,realme 1,1090,8.391070053887606,Android,297,5.3,4799,214
SAMSUNG,Galaxy A51 ,Prism Crush Blue,8 GB,128 GB,Yes,4.3,22499,29999,SAMSUNG Galaxy A51 ,7500,25.00083336111204,Android,411,4.9,2071,1
Infinix,Hot 11S,Green Wave,4 GB,128 GB,Yes,4.3,11999,14999,Infinix Hot 11S,3000,20.00133342222815,Android,638,4.9,2115,524
Apple,iPhone 7 ,Red,2 GB,256 GB,Yes,4.7,74400,74400,Apple iPhone 7 ,0,0.0,IOS,858,5.8,5663,447
SAMSUNG,Galaxy S9 Plus ,Midnight Black,6 GB,128 GB,Yes,4.5,68900,68900,SAMSUNG Galaxy S9 Plus ,0,0.0,Android,762,4.5,4531,367
realme,Narzo 30 Pro 5G ,Blade Silver,8 GB,128 GB,Yes,4.3,19999,21999,realme Narzo 30 Pro 5G ,2000,9.091322332833313,Android,834,5.2,3496,84
realme,9 5G SE,Azure Glow,6 GB,128 GB,Yes,4.5,19999,24999,realme 9 5G SE,5000,20.00080003200128,Android,40,4.9,5878,10
POCO,X2,Pheonix Red,6 GB,128 GB,Yes,4.5,15999,19999,POCO X2,4000,20.001000050002503,Android,353,5.4,2948,297
Infinix,Hot 7 Pro,Aqua Blue,6 GB,64 GB,Yes,4.2,10999,10999,Infinix Hot 7 Pro,0,0.0,Android,66,6.5,6000,46
OPPO,Hardik Pandya Limited Editon,Black,4 GB,64 GB,Yes,4.4,22990,22990,OPPO Hardik Pandya Limited Editon,0,0.0,Android,63,5.9,2616,22
SAMSUNG,Metro 350,Black,32 MB,Expandable Upto 16 GB,Yes,4.1,2849,2849,SAMSUNG Metro 350,0,0.0,Android,992,4.9,3218,647
Nokia,108 Dual SIM,Black,4 MB,4 MB,Yes,4.2,1900,1900,Nokia 108 Dual SIM,0,0.0,Android,189,6.1,5283,124
realme,C25Y ,Glacier Blue,4 GB,64 GB,Yes,4.5,10999,12999,realme C25Y ,2000,15.385798907608278,Android,625,4.7,4019,280
SAMSUNG,Galaxy A20s ,Black,3 GB,32 GB,Yes,4.3,11599,12900,SAMSUNG Galaxy A20s ,1301,10.085271317829458,Android,803,6.4,2616,338
Xiaomi,REDMI 9 Prime ,Matte Black,4 GB,64 GB,Yes,4.4,10499,11999,Xiaomi REDMI 9 Prime ,1500,12.501041753479456,Android,212,6.9,5864,131
Nokia,6.1 Plus ,Black,6 GB,64 GB,Yes,4.1,11490,17999,Nokia 6.1 Plus ,6509,36.16312017334296,Android,674,4.7,4251,9
ASUS,ZenFone 5Z ,Midnight Blue,6 GB,64 GB,Yes,4.5,32999,32999,ASUS ZenFone 5Z ,0,0.0,Android,112,4.8,5967,106
Infinix,S5 Pro,Sea Blue,4 GB,64 GB,Yes,4.4,12999,12999,Infinix S5 Pro,0,0.0,Android,939,4.7,5718,134
realme,X2 ,Pearl Green,6 GB,128 GB,Yes,4.5,19999,19999,realme X2 ,0,0.0,Android,449,6.6,4418,320
Motorola,G10 Power ,Aurora Grey,4 GB,64 GB,Yes,4.1,10499,12999,Motorola G10 Power ,2500,19.232248634510345,Android,313,4.6,3950,97
OPPO,A11K,Flowing Silver,2 GB,32 GB,Yes,4.2,8990,10990,OPPO A11K,2000,18.198362147406733,Android,993,6.4,3252,674
ASUS,ZenFone Max M2 ,Blue,4 GB,64 GB,Yes,4.3,14999,14999,ASUS ZenFone Max M2 ,0,0.0,Android,225,5.3,2716,138
Apple,iPhone 13 ,Blue,4GB,512 GB,Yes,,109900,109900,Apple iPhone 13 ,0,0.0,IOS,33,4.7,3398,3
Motorola,One Vision ,Sapphire Gradient,4 GB,128 GB,Yes,4.2,14999,22999,Motorola One Vision ,8000,34.78412104874125,Android,834,6.1,2163,272
Nokia,215 4G DS 2020,Black,64 MB,128 MB,Yes,3.7,3162,3299,Nokia 215 4G DS 2020,137,4.152773567747802,Android,841,6.9,3794,538
Apple,iPhone XS ,Gold,4 GB,512 GB,Yes,4.7,134900,134900,Apple iPhone XS ,0,0.0,IOS,968,5.2,2335,751
vivo,Y21 ,Diamond Glow,2 GB,32 GB,Yes,4.3,34990,39990,vivo Y21 ,5000,12.503125781445362,Android,122,5.0,2217,94
Xiaomi,11 Lite NE,Diamond Dazzle,6 GB,128 GB,Yes,4.4,24798,24798,Xiaomi 11 Lite NE,0,0.0,Android,324,6.5,3216,204
SAMSUNG,Metro 313 Dual Sim,Black,4 MB,2 MB,Yes,4.3,2340,2340,SAMSUNG Metro 313 Dual Sim,0,0.0,Android,663,6.0,3090,277
Motorola,G5s,Fine Gold,4 GB,32 GB,Yes,4.1,8390,14999,Motorola G5s,6609,44.06293752916861,Android,254,6.0,4208,164
realme,2,Diamond Black,4 GB,64 GB,Yes,4.4,11990,11990,realme 2,0,0.0,Android,610,4.8,4622,105
SAMSUNG,Galaxy Fold 2 ,Mystic Bronze,12 GB,256 GB,Yes,3.0,149999,189999,SAMSUNG Galaxy Fold 2 ,40000,21.05274238285465,Android,433,5.1,3604,428
OPPO,A1K,Red,2 GB,32 GB,Yes,4.3,8490,13400,OPPO A1K,4910,36.64179104477612,Android,276,6.8,4884,112
Infinix,Hot 10 Play,Obsidian Black,3 GB,32 GB,Yes,4.3,8299,9999,Infinix Hot 10 Play,1700,17.001700170017,Android,316,5.0,4675,211
SAMSUNG,Galaxy S20 Ultra ,Cosmic Black,12 GB,128 GB,Yes,4.2,70490,70999,SAMSUNG Galaxy S20 Ultra ,509,0.7169115057958563,Android,777,5.9,4291,157
Apple,iPhone X ,Space Gray,3 GB,64 GB,Yes,4.6,91900,91900,Apple iPhone X ,0,0.0,IOS,61,5.8,2263,5
LG,Q Stylus ,Black,3 GB,32 GB,Yes,3.8,20000,20000,LG Q Stylus ,0,0.0,Android,483,5.0,4423,58
Apple,iPhone 13 Pro Max ,Gold,6 GB,128 GB,Yes,,129900,129900,Apple iPhone 13 Pro Max ,0,0.0,IOS,61,5.9,4938,22
ASUS,ROG Phone 5 Pro ,Black,16 GB,512 GB,Yes,,69999,75999,ASUS ROG Phone 5 Pro ,6000,7.894840721588442,Android,654,4.6,3601,201
SAMSUNG,Galaxy S Duos 2 ,Black,512 MB,4 GB,Yes,4.0,5999,5999,SAMSUNG Galaxy S Duos 2 ,0,0.0,Android,269,5.0,3585,76
SAMSUNG,Metro 313,Black,4 MB,2 MB,Yes,4.2,2299,2299,SAMSUNG Metro 313,0,0.0,Android,812,4.6,4129,132
POCO,M4 Pro 5G,Cool Blue,6 GB,128 GB,Yes,4.4,16999,19999,POCO M4 Pro 5G,3000,15.000750037501875,Android,342,7.0,4664,266
Nokia,225,Black,,Expandable Upto 32 GB,Yes,3.6,3499,3499,Nokia 225,0,0.0,Android,973,5.0,3860,333
Apple,iPhone SE ,White,2 GB,128 GB,Yes,4.5,44900,44900,Apple iPhone SE ,0,0.0,IOS,759,4.6,5422,725
Apple,iPhone 13 Pro ,Gold,6 GB,128 GB,Yes,,119900,119900,Apple iPhone 13 Pro ,0,0.0,IOS,212,6.7,5076,124
GIONEE,F9 ,Blue,3 GB,32 GB,Yes,4.2,7900,7900,GIONEE F9 ,0,0.0,Android,538,5.0,2307,285
